Grid_Number,Health
0,3.0
1,3.0
2,4.0
3,4.0
4,5.0
5,6.0
6,5.0
7,5.0
8,5.0
9,5.0
10,5.0
11,4.0
12,3.0
13,2.0
14,2.0
15,1.0
16,1.0
17,1.0
18,1.0
19,1.0
20,0.0
21,0.0
22,0.0
23,2.0
24,2.0
25,2.0
26,2.0
27,2.0
28,2.0
29,3.0
30,3.0
31,3.0
32,3.0
33,2.0
34,2.0
35,0.0
36,3.0
37,3.0
38,4.0
39,1.0
40,4.0
41,4.0
42,3.0
43,5.0
44,3.0
45,6.0
46,6.0
47,10.0
48,11.0
49,10.0
50,9.0
51,9.0
52,9.0
53,9.0
54,11.0
55,11.0
56,10.0
57,11.0
58,12.0
59,11.0
60,11.0
61,8.0
62,9.0
63,7.0
64,2.0
65,5.0
66,5.0
67,4.0
68,6.0
69,6.0
70,7.0
71,11.0
72,11.0
73,30.0
74,47.0
75,62.0
76,69.0
77,69.0
78,64.0
79,2.0
80,4.0
81,5.0
82,5.0
83,7.0
84,6.0
85,13.0
86,14.0
87,11.0
88,13.0
89,5.0
90,4.0
91,3.0
92,2.0
93,2.0
94,2.0
95,1.0
96,1.0
97,1.0
98,1.0
99,1.0
100,0.0
101,2.0
102,2.0
103,2.0
104,2.0
105,2.0
106,2.0
107,4.0
108,4.0
109,4.0
110,3.0
111,3.0
112,3.0
113,2.0
114,0.0
115,0.0
116,4.0
117,4.0
118,4.0
119,4.0
120,3.0
121,5.0
122,5.0
123,4.0
124,6.0
125,6.0
126,11.0
127,11.0
128,11.0
129,9.0
130,9.0
131,9.0
132,10.0
133,13.0
134,14.0
135,12.0
136,13.0
137,14.0
138,13.0
139,12.0
140,11.0
141,8.0
142,8.0
143,8.0
144,5.0
145,5.0
146,6.0
147,7.0
148,7.0
149,11.0
150,12.0
151,12.0
152,33.0
153,67.0
154,69.0
155,69.0
156,69.0
157,68.0
158,4.0
159,4.0
160,5.0
161,5.0
162,8.0
163,11.0
164,17.0
165,17.0
166,15.0
167,15.0
168,15.0
169,5.0
170,3.0
171,2.0
172,3.0
173,3.0
174,1.0
175,0.0
176,1.0
177,1.0
178,1.0
179,2.0
180,2.0
181,2.0
182,4.0
183,4.0
184,4.0
185,5.0
186,3.0
187,5.0
188,5.0
189,4.0
190,2.0
191,3.0
192,3.0
193,0.0
194,1.0
195,4.0
196,4.0
197,4.0
198,4.0
199,3.0
200,5.0
201,5.0
202,4.0
203,4.0
204,12.0
205,0.0
206,0.0
207,11.0
208,12.0
209,9.0
210,9.0
211,12.0
212,14.0
213,15.0
214,13.0
215,13.0
216,14.0
217,14.0
218,13.0
219,13.0
220,7.0
221,9.0
222,8.0
223,5.0
224,5.0
225,7.0
226,7.0
227,7.0
228,13.0
229,14.0
230,13.0
231,43.0
232,71.0
233,71.0
234,69.0
235,69.0
236,68.0
237,4.0
238,4.0
239,5.0
240,5.0
241,17.0
242,18.0
243,17.0
244,17.0
245,17.0
246,15.0
247,14.0
248,13.0
249,3.0
250,3.0
251,3.0
252,1.0
253,1.0
254,1.0
255,0.0
256,1.0
257,2.0
258,2.0
259,2.0
260,5.0
261,5.0
262,5.0
263,6.0
264,6.0
265,7.0
266,3.0
267,5.0
268,5.0
269,5.0
270,2.0
271,3.0
272,4.0
273,0.0
274,4.0
275,4.0
276,4.0
277,4.0
278,3.0
279,5.0
280,4.0
281,4.0
282,10.0
283,12.0
284,16.0
285,11.0
286,17.0
287,16.0
288,11.0
289,10.0
290,10.0
291,15.0
292,15.0
293,13.0
294,13.0
295,14.0
296,14.0
297,14.0
298,13.0
299,8.0
300,8.0
301,8.0
302,6.0
303,7.0
304,8.0
305,8.0
306,10.0
307,13.0
308,14.0
309,13.0
310,50.0
311,73.0
312,73.0
313,71.0
314,71.0
315,70.0
316,4.0
317,4.0
318,4.0
319,9.0
320,16.0
321,17.0
322,18.0
323,17.0
324,18.0
325,19.0
326,15.0
327,15.0
328,5.0
329,3.0
330,3.0
331,3.0
332,1.0
333,0.0
334,0.0
335,3.0
336,2.0
337,2.0
338,5.0
339,6.0
340,7.0
341,7.0
342,3.0
343,8.0
344,7.0
345,7.0
346,5.0
347,5.0
348,5.0
349,4.0
350,3.0
351,3.0
352,4.0
353,3.0
354,4.0
355,4.0
356,4.0
357,4.0
358,3.0
359,4.0
360,9.0
361,10.0
362,10.0
363,13.0
364,17.0
365,17.0
366,16.0
367,15.0
368,11.0
369,10.0
370,13.0
371,11.0
372,14.0
373,17.0
374,18.0
375,17.0
376,17.0
377,12.0
378,10.0
379,6.0
380,8.0
381,7.0
382,7.0
383,8.0
384,8.0
385,8.0
386,13.0
387,14.0
388,13.0
389,47.0
390,69.0
391,19.0
392,71.0
393,71.0
394,70.0
395,3.0
396,3.0
397,6.0
398,14.0
399,12.0
400,17.0
401,17.0
402,18.0
403,20.0
404,19.0
405,19.0
406,17.0
407,9.0
408,4.0
409,3.0
410,3.0
411,3.0
412,0.0
413,3.0
414,3.0
415,2.0
416,3.0
417,6.0
418,7.0
419,8.0
420,5.0
421,5.0
422,5.0
423,3.0
424,7.0
425,7.0
426,5.0
427,5.0
428,5.0
429,3.0
430,3.0
431,2.0
432,3.0
433,2.0
434,3.0
435,3.0
436,2.0
437,3.0
438,4.0
439,6.0
440,10.0
441,10.0
442,10.0
443,14.0
444,14.0
445,14.0
446,13.0
447,11.0
448,9.0
449,14.0
450,13.0
451,18.0
452,23.0
453,27.0
454,19.0
455,20.0
456,13.0
457,7.0
458,6.0
459,6.0
460,6.0
461,6.0
462,7.0
463,8.0
464,8.0
465,12.0
466,12.0
467,13.0
468,36.0
469,60.0
470,68.0
471,72.0
472,71.0
473,70.0
474,4.0
475,4.0
476,6.0
477,14.0
478,16.0
479,17.0
480,17.0
481,19.0
482,19.0
483,19.0
484,19.0
485,17.0
486,9.0
487,7.0
488,3.0
489,3.0
490,3.0
491,3.0
492,3.0
493,3.0
494,4.0
495,4.0
496,7.0
497,9.0
498,9.0
499,5.0
500,5.0
501,5.0
502,5.0
503,9.0
504,7.0
505,5.0
506,5.0
507,5.0
508,3.0
509,3.0
510,2.0
511,2.0
512,2.0
513,2.0
514,2.0
515,2.0
516,2.0
517,5.0
518,6.0
519,6.0
520,10.0
521,10.0
522,9.0
523,13.0
524,13.0
525,13.0
526,12.0
527,9.0
528,13.0
529,16.0
530,28.0
531,30.0
532,31.0
533,32.0
534,31.0
535,21.0
536,9.0
537,5.0
538,5.0
539,4.0
540,6.0
541,6.0
542,8.0
543,10.0
544,13.0
545,17.0
546,19.0
547,22.0
548,45.0
549,54.0
550,61.0
551,66.0
552,61.0
553,4.0
554,4.0
555,6.0
556,9.0
557,16.0
558,17.0
559,19.0
560,19.0
561,19.0
562,19.0
563,19.0
564,16.0
565,9.0
566,7.0
567,5.0
568,3.0
569,3.0
570,3.0
571,3.0
572,3.0
573,3.0
574,4.0
575,8.0
576,9.0
577,9.0
578,0.0
579,0.0
580,5.0
581,5.0
582,10.0
583,7.0
584,5.0
585,5.0
586,5.0
587,3.0
588,2.0
589,2.0
590,2.0
591,2.0
592,2.0
593,2.0
594,2.0
595,2.0
596,4.0
597,10.0
598,10.0
599,10.0
600,10.0
601,10.0
602,9.0
603,9.0
604,8.0
605,8.0
606,5.0
607,10.0
608,29.0
609,30.0
610,30.0
611,31.0
612,32.0
613,31.0
614,26.0
615,10.0
616,4.0
617,4.0
618,4.0
619,5.0
620,5.0
621,9.0
622,12.0
623,12.0
624,13.0
625,18.0
626,18.0
627,37.0
628,42.0
629,43.0
630,38.0
631,39.0
632,7.0
633,7.0
634,9.0
635,9.0
636,15.0
637,16.0
638,19.0
639,20.0
640,19.0
641,22.0
642,21.0
643,18.0
644,11.0
645,10.0
646,7.0
647,3.0
648,3.0
649,3.0
650,3.0
651,3.0
652,3.0
653,5.0
654,9.0
655,9.0
656,9.0
657,10.0
658,0.0
659,0.0
660,5.0
661,10.0
662,5.0
663,4.0
664,4.0
665,4.0
666,2.0
667,2.0
668,2.0
669,0.0
670,1.0
671,2.0
672,2.0
673,2.0
674,2.0
675,3.0
676,2.0
677,11.0
678,10.0
679,10.0
680,10.0
681,10.0
682,8.0
683,8.0
684,5.0
685,4.0
686,16.0
687,28.0
688,26.0
689,30.0
690,30.0
691,30.0
692,28.0
693,27.0
694,22.0
695,4.0
696,5.0
697,5.0
698,4.0
699,4.0
700,10.0
701,10.0
702,10.0
703,10.0
704,11.0
705,11.0
706,12.0
707,29.0
708,35.0
709,35.0
710,35.0
711,3.0
712,8.0
713,9.0
714,10.0
715,13.0
716,17.0
717,20.0
718,20.0
719,22.0
720,21.0
721,20.0
722,10.0
723,10.0
724,10.0
725,6.0
726,3.0
727,3.0
728,3.0
729,3.0
730,3.0
731,3.0
732,6.0
733,7.0
734,9.0
735,9.0
736,9.0
737,10.0
738,0.0
739,0.0
740,10.0
741,5.0
742,4.0
743,4.0
744,2.0
745,2.0
746,2.0
747,0.0
748,0.0
749,0.0
750,1.0
751,2.0
752,2.0
753,3.0
754,4.0
755,8.0
756,10.0
757,11.0
758,11.0
759,6.0
760,9.0
761,9.0
762,8.0
763,3.0
764,4.0
765,25.0
766,25.0
767,26.0
768,26.0
769,26.0
770,27.0
771,27.0
772,25.0
773,25.0
774,4.0
775,5.0
776,5.0
777,5.0
778,7.0
779,9.0
780,10.0
781,10.0
782,10.0
783,11.0
784,10.0
785,11.0
786,15.0
787,14.0
788,18.0
789,16.0
790,8.0
791,10.0
792,9.0
793,11.0
794,10.0
795,10.0
796,20.0
797,23.0
798,21.0
799,21.0
800,10.0
801,9.0
802,9.0
803,6.0
804,0.0
805,3.0
806,3.0
807,3.0
808,3.0
809,2.0
810,2.0
811,6.0
812,7.0
813,4.0
814,9.0
815,9.0
816,10.0
817,10.0
818,0.0
819,8.0
820,5.0
821,4.0
822,3.0
823,2.0
824,2.0
825,1.0
826,0.0
827,0.0
828,1.0
829,1.0
830,1.0
831,2.0
832,3.0
833,4.0
834,4.0
835,8.0
836,10.0
837,7.0
838,7.0
839,9.0
840,9.0
841,2.0
842,3.0
843,3.0
844,24.0
845,26.0
846,26.0
847,26.0
848,27.0
849,26.0
850,27.0
851,26.0
852,24.0
853,4.0
854,4.0
855,5.0
856,4.0
857,9.0
858,9.0
859,10.0
860,11.0
861,10.0
862,10.0
863,12.0
864,13.0
865,15.0
866,9.0
867,9.0
868,9.0
869,9.0
870,9.0
871,11.0
872,15.0
873,29.0
874,26.0
875,24.0
876,15.0
877,12.0
878,10.0
879,9.0
880,9.0
881,9.0
882,9.0
883,6.0
884,4.0
885,3.0
886,2.0
887,2.0
888,2.0
889,2.0
890,3.0
891,7.0
892,7.0
893,7.0
894,7.0
895,7.0
896,7.0
897,7.0
898,6.0
899,4.0
900,2.0
901,2.0
902,2.0
903,2.0
904,0.0
905,0.0
906,1.0
907,1.0
908,1.0
909,1.0
910,2.0
911,4.0
912,4.0
913,4.0
914,4.0
915,8.0
916,8.0
917,8.0
918,7.0
919,3.0
920,2.0
921,3.0
922,3.0
923,22.0
924,25.0
925,25.0
926,26.0
927,26.0
928,27.0
929,27.0
930,25.0
931,23.0
932,6.0
933,5.0
934,5.0
935,5.0
936,12.0
937,11.0
938,11.0
939,9.0
940,10.0
941,11.0
942,12.0
943,12.0
944,13.0
945,9.0
946,9.0
947,9.0
948,9.0
949,11.0
950,26.0
951,28.0
952,28.0
953,27.0
954,25.0
955,30.0
956,13.0
957,11.0
958,10.0
959,9.0
960,9.0
961,8.0
962,5.0
963,5.0
964,2.0
965,2.0
966,2.0
967,2.0
968,2.0
969,2.0
970,4.0
971,7.0
972,8.0
973,8.0
974,8.0
975,6.0
976,5.0
977,4.0
978,2.0
979,2.0
980,2.0
981,2.0
982,1.0
983,1.0
984,0.0
985,1.0
986,1.0
987,1.0
988,1.0
989,2.0
990,3.0
991,4.0
992,5.0
993,5.0
994,5.0
995,5.0
996,5.0
997,4.0
998,3.0
999,2.0
1000,2.0
1001,3.0
1002,9.0
1003,23.0
1004,25.0
1005,26.0
1006,26.0
1007,27.0
1008,25.0
1009,23.0
1010,19.0
1011,5.0
1012,6.0
1013,6.0
1014,6.0
1015,11.0
1016,11.0
1017,11.0
1018,10.0
1019,10.0
1020,11.0
1021,12.0
1022,13.0
1023,13.0
1024,8.0
1025,7.0
1026,8.0
1027,10.0
1028,21.0
1029,9.0
1030,28.0
1031,28.0
1032,28.0
1033,25.0
1034,27.0
1035,27.0
1036,11.0
1037,11.0
1038,9.0
1039,7.0
1040,6.0
1041,5.0
1042,5.0
1043,2.0
1044,2.0
1045,2.0
1046,2.0
1047,2.0
1048,2.0
1049,2.0
1050,1.0
1051,7.0
1052,7.0
1053,7.0
1054,6.0
1055,5.0
1056,3.0
1057,2.0
1058,3.0
1059,1.0
1060,0.0
1061,1.0
1062,1.0
1063,2.0
1064,1.0
1065,1.0
1066,1.0
1067,1.0
1068,2.0
1069,2.0
1070,0.0
1071,5.0
1072,5.0
1073,5.0
1074,5.0
1075,5.0
1076,5.0
1077,3.0
1078,1.0
1079,3.0
1080,5.0
1081,7.0
1082,21.0
1083,25.0
1084,24.0
1085,25.0
1086,25.0
1087,26.0
1088,20.0
1089,5.0
1090,5.0
1091,8.0
1092,7.0
1093,9.0
1094,9.0
1095,12.0
1096,11.0
1097,12.0
1098,13.0
1099,11.0
1100,13.0
1101,14.0
1102,9.0
1103,8.0
1104,7.0
1105,7.0
1106,10.0
1107,26.0
1108,9.0
1109,9.0
1110,29.0
1111,28.0
1112,23.0
1113,30.0
1114,29.0
1115,19.0
1116,12.0
1117,11.0
1118,5.0
1119,5.0
1120,5.0
1121,2.0
1122,2.0
1123,2.0
1124,2.0
1125,1.0
1126,1.0
1127,2.0
1128,3.0
1129,3.0
1130,1.0
1131,5.0
1132,5.0
1133,4.0
1134,4.0
1135,4.0
1136,3.0
1137,1.0
1138,0.0
1139,0.0
1140,0.0
1141,1.0
1142,1.0
1143,2.0
1144,1.0
1145,1.0
1146,1.0
1147,2.0
1148,3.0
1149,0.0
1150,0.0
1151,5.0
1152,5.0
1153,5.0
1154,5.0
1155,5.0
1156,2.0
1157,2.0
1158,3.0
1159,5.0
1160,5.0
1161,7.0
1162,18.0
1163,21.0
1164,21.0
1165,20.0
1166,21.0
1167,10.0
1168,6.0
1169,7.0
1170,8.0
1171,8.0
1172,9.0
1173,9.0
1174,11.0
1175,13.0
1176,12.0
1177,14.0
1178,13.0
1179,13.0
1180,13.0
1181,8.0
1182,9.0
1183,7.0
1184,7.0
1185,12.0
1186,7.0
1187,8.0
1188,27.0
1189,28.0
1190,28.0
1191,27.0
1192,29.0
1193,29.0
1194,24.0
1195,10.0
1196,10.0
1197,9.0
1198,5.0
1199,5.0
1200,2.0
1201,2.0
1202,2.0
1203,1.0
1204,1.0
1205,1.0
1206,2.0
1207,3.0
1208,3.0
1209,3.0
1210,3.0
1211,3.0
1212,3.0
1213,3.0
1214,4.0
1215,1.0
1216,1.0
1217,1.0
1218,0.0
1219,0.0
1220,0.0
1221,1.0
1222,1.0
1223,2.0
1224,1.0
1225,1.0
1226,2.0
1227,3.0
1228,3.0
1229,0.0
1230,0.0
1231,5.0
1232,5.0
1233,5.0
1234,3.0
1235,1.0
1236,3.0
1237,3.0
1238,8.0
1239,8.0
1240,8.0
1241,11.0
1242,14.0
1243,12.0
1244,11.0
1245,8.0
1246,7.0
1247,7.0
1248,8.0
1249,9.0
1250,8.0
1251,9.0
1252,8.0
1253,7.0
1254,8.0
1255,13.0
1256,13.0
1257,14.0
1258,8.0
1259,8.0
1260,8.0
1261,8.0
1262,8.0
1263,7.0
1264,12.0
1265,7.0
1266,26.0
1267,28.0
1268,28.0
1269,29.0
1270,27.0
1271,27.0
1272,29.0
1273,24.0
1274,10.0
1275,10.0
1276,9.0
1277,9.0
1278,2.0
1279,2.0
1280,2.0
1281,1.0
1282,2.0
1283,1.0
1284,1.0
1285,2.0
1286,2.0
1287,3.0
1288,3.0
1289,3.0
1290,3.0
1291,3.0
1292,2.0
1293,2.0
1294,1.0
1295,1.0
1296,1.0
1297,1.0
1298,0.0
1299,0.0
1300,0.0
1301,2.0
1302,2.0
1303,2.0
1304,1.0
1305,1.0
1306,3.0
1307,3.0
1308,3.0
1309,3.0
1310,4.0
1311,4.0
1312,3.0
1313,2.0
1314,5.0
1315,4.0
1316,8.0
1317,8.0
1318,9.0
1319,9.0
1320,11.0
1321,11.0
1322,13.0
1323,13.0
1324,7.0
1325,7.0
1326,7.0
1327,8.0
1328,9.0
1329,8.0
1330,8.0
1331,8.0
1332,7.0
1333,8.0
1334,9.0
1335,8.0
1336,8.0
1337,7.0
1338,8.0
1339,7.0
1340,8.0
1341,5.0
1342,5.0
1343,9.0
1344,26.0
1345,26.0
1346,25.0
1347,25.0
1348,27.0
1349,19.0
1350,26.0
1351,27.0
1352,18.0
1353,8.0
1354,8.0
1355,7.0
1356,6.0
1357,2.0
1358,2.0
1359,1.0
1360,2.0
1361,2.0
1362,2.0
1363,1.0
1364,2.0
1365,2.0
1366,2.0
1367,3.0
1368,3.0
1369,3.0
1370,3.0
1371,2.0
1372,2.0
1373,1.0
1374,1.0
1375,1.0
1376,1.0
1377,1.0
1378,0.0
1379,0.0
1380,1.0
1381,2.0
1382,2.0
1383,2.0
1384,1.0
1385,2.0
1386,3.0
1387,3.0
1388,3.0
1389,3.0
1390,3.0
1391,2.0
1392,3.0
1393,5.0
1394,8.0
1395,8.0
1396,10.0
1397,12.0
1398,13.0
1399,16.0
1400,29.0
1401,30.0
1402,24.0
1403,23.0
1404,22.0
1405,11.0
1406,7.0
1407,7.0
1408,7.0
1409,7.0
1410,8.0
1411,7.0
1412,9.0
1413,9.0
1414,8.0
1415,7.0
1416,6.0
1417,5.0
1418,6.0
1419,6.0
1420,6.0
1421,4.0
1422,4.0
1423,19.0
1424,23.0
1425,23.0
1426,23.0
1427,26.0
1428,18.0
1429,26.0
1430,25.0
1431,10.0
1432,8.0
1433,8.0
1434,7.0
1435,7.0
1436,2.0
1437,1.0
1438,2.0
1439,2.0
1440,2.0
1441,2.0
1442,2.0
1443,2.0
1444,2.0
1445,3.0
1446,3.0
1447,3.0
1448,3.0
1449,3.0
1450,2.0
1451,2.0
1452,1.0
1453,1.0
1454,1.0
1455,1.0
1456,0.0
1457,0.0
1458,0.0
1459,1.0
1460,1.0
1461,2.0
1462,2.0
1463,2.0
1464,2.0
1465,2.0
1466,2.0
1467,2.0
1468,2.0
1469,2.0
1470,3.0
1471,3.0
1472,5.0
1473,8.0
1474,10.0
1475,11.0
1476,11.0
1477,16.0
1478,22.0
1479,29.0
1480,30.0
1481,27.0
1482,23.0
1483,22.0
1484,22.0
1485,12.0
1486,11.0
1487,15.0
1488,15.0
1489,14.0
1490,10.0
1491,9.0
1492,9.0
1493,7.0
1494,6.0
1495,6.0
1496,5.0
1497,5.0
1498,5.0
1499,4.0
1500,2.0
1501,3.0
1502,6.0
1503,20.0
1504,21.0
1505,22.0
1506,26.0
1507,26.0
1508,25.0
1509,18.0
1510,9.0
1511,9.0
1512,8.0
1513,7.0
1514,7.0
1515,3.0
1516,2.0
1517,2.0
1518,2.0
1519,2.0
1520,4.0
1521,4.0
1522,6.0
1523,6.0
1524,4.0
1525,3.0
1526,3.0
1527,3.0
1528,1.0
1529,0.0
1530,0.0
1531,1.0
1532,1.0
1533,1.0
1534,0.0
1535,0.0
1536,0.0
1537,0.0
1538,1.0
1539,1.0
1540,1.0
1541,2.0
1542,1.0
1543,2.0
1544,2.0
1545,2.0
1546,2.0
1547,2.0
1548,2.0
1549,3.0
1550,4.0
1551,5.0
1552,8.0
1553,10.0
1554,11.0
1555,11.0
1556,16.0
1557,23.0
1558,23.0
1559,28.0
1560,26.0
1561,22.0
1562,23.0
1563,24.0
1564,24.0
1565,13.0
1566,16.0
1567,15.0
1568,15.0
1569,15.0
1570,12.0
1571,8.0
1572,6.0
1573,6.0
1574,4.0
1575,4.0
1576,4.0
1577,4.0
1578,3.0
1579,2.0
1580,2.0
1581,2.0
1582,5.0
1583,20.0
1584,21.0
1585,26.0
1586,26.0
1587,16.0
1588,10.0
1589,10.0
1590,10.0
1591,9.0
1592,8.0
1593,7.0
1594,3.0
1595,2.0
1596,2.0
1597,1.0
1598,3.0
1599,5.0
1600,7.0
1601,7.0
1602,1.0
1603,7.0
1604,4.0
1605,5.0
1606,4.0
1607,4.0
1608,0.0
1609,2.0
1610,2.0
1611,1.0
1612,1.0
1613,1.0
1614,0.0
1615,0.0
1616,1.0
1617,1.0
1618,1.0
1619,2.0
1620,1.0
1621,1.0
1622,1.0
1623,2.0
1624,2.0
1625,2.0
1626,2.0
1627,2.0
1628,4.0
1629,3.0
1630,3.0
1631,8.0
1632,11.0
1633,11.0
1634,13.0
1635,20.0
1636,23.0
1637,22.0
1638,27.0
1639,27.0
1640,22.0
1641,21.0
1642,25.0
1643,29.0
1644,14.0
1645,13.0
1646,14.0
1647,15.0
1648,15.0
1649,15.0
1650,9.0
1651,6.0
1652,5.0
1653,5.0
1654,4.0
1655,4.0
1656,3.0
1657,4.0
1658,3.0
1659,2.0
1660,2.0
1661,3.0
1662,3.0
1663,3.0
1664,3.0
1665,13.0
1666,13.0
1667,13.0
1668,12.0
1669,10.0
1670,9.0
1671,9.0
1672,3.0
1673,3.0
1674,3.0
1675,3.0
1676,5.0
1677,4.0
1678,6.0
1679,6.0
1680,7.0
1681,7.0
1682,7.0
1683,0.0
1684,5.0
1685,4.0
1686,4.0
1687,3.0
1688,2.0
1689,2.0
1690,0.0
1691,1.0
1692,1.0
1693,1.0
1694,0.0
1695,1.0
1696,1.0
1697,2.0
1698,1.0
1699,1.0
1700,2.0
1701,5.0
1702,5.0
1703,5.0
1704,4.0
1705,2.0
1706,2.0
1707,3.0
1708,3.0
1709,3.0
1710,9.0
1711,11.0
1712,11.0
1713,13.0
1714,20.0
1715,23.0
1716,28.0
1717,27.0
1718,26.0
1719,23.0
1720,24.0
1721,28.0
1722,28.0
1723,16.0
1724,13.0
1725,13.0
1726,14.0
1727,14.0
1728,13.0
1729,11.0
1730,5.0
1731,8.0
1732,8.0
1733,6.0
1734,7.0
1735,7.0
1736,3.0
1737,3.0
1738,1.0
1739,3.0
1740,3.0
1741,3.0
1742,3.0
1743,6.0
1744,8.0
1745,12.0
1746,12.0
1747,12.0
1748,11.0
1749,10.0
1750,5.0
1751,5.0
1752,4.0
1753,3.0
1754,3.0
1755,6.0
1756,8.0
1757,6.0
1758,6.0
1759,6.0
1760,7.0
1761,7.0
1762,8.0
1763,5.0
1764,4.0
1765,3.0
1766,3.0
1767,3.0
1768,0.0
1769,0.0
1770,1.0
1771,1.0
1772,2.0
1773,2.0
1774,1.0
1775,2.0
1776,1.0
1777,1.0
1778,3.0
1779,0.0
1780,0.0
1781,5.0
1782,5.0
1783,5.0
1784,4.0
1785,1.0
1786,3.0
1787,3.0
1788,3.0
1789,3.0
1790,8.0
1791,11.0
1792,12.0
1793,18.0
1794,27.0
1795,27.0
1796,27.0
1797,25.0
1798,23.0
1799,24.0
1800,29.0
1801,27.0
1802,15.0
1803,14.0
1804,14.0
1805,13.0
1806,12.0
1807,12.0
1808,11.0
1809,7.0
1810,7.0
1811,7.0
1812,7.0
1813,7.0
1814,8.0
1815,7.0
1816,6.0
1817,1.0
1818,2.0
1819,3.0
1820,4.0
1821,6.0
1822,8.0
1823,9.0
1824,8.0
1825,8.0
1826,10.0
1827,7.0
1828,7.0
1829,6.0
1830,6.0
1831,2.0
1832,1.0
1833,6.0
1834,7.0
1835,9.0
1836,8.0
1837,6.0
1838,6.0
1839,7.0
1840,7.0
1841,8.0
1842,6.0
1843,4.0
1844,2.0
1845,3.0
1846,3.0
1847,3.0
1848,1.0
1849,1.0
1850,2.0
1851,2.0
1852,2.0
1853,2.0
1854,1.0
1855,1.0
1856,2.0
1857,0.0
1858,0.0
1859,5.0
1860,5.0
1861,5.0
1862,5.0
1863,5.0
1864,3.0
1865,1.0
1866,3.0
1867,3.0
1868,3.0
1869,5.0
1870,9.0
1871,9.0
1872,14.0
1873,19.0
1874,26.0
1875,23.0
1876,24.0
1877,22.0
1878,23.0
1879,29.0
1880,26.0
1881,14.0
1882,13.0
1883,13.0
1884,12.0
1885,12.0
1886,14.0
1887,15.0
1888,8.0
1889,8.0
1890,8.0
1891,7.0
1892,8.0
1893,9.0
1894,9.0
1895,6.0
1896,2.0
1897,2.0
1898,3.0
1899,4.0
1900,6.0
1901,8.0
1902,8.0
1903,9.0
1904,8.0
1905,8.0
1906,7.0
1907,8.0
1908,7.0
1909,6.0
1910,4.0
1911,2.0
1912,4.0
1913,7.0
1914,9.0
1915,9.0
1916,9.0
1917,6.0
1918,6.0
1919,7.0
1920,8.0
1921,6.0
1922,5.0
1923,2.0
1924,2.0
1925,3.0
1926,3.0
1927,3.0
1928,1.0
1929,2.0
1930,2.0
1931,2.0
1932,1.0
1933,1.0
1934,1.0
1935,4.0
1936,0.0
1937,5.0
1938,5.0
1939,5.0
1940,5.0
1941,5.0
1942,5.0
1943,4.0
1944,1.0
1945,1.0
1946,3.0
1947,4.0
1948,5.0
1949,5.0
1950,7.0
1951,11.0
1952,15.0
1953,25.0
1954,24.0
1955,25.0
1956,22.0
1957,24.0
1958,28.0
1959,15.0
1960,13.0
1961,13.0
1962,13.0
1963,12.0
1964,14.0
1965,15.0
1966,15.0
1967,8.0
1968,8.0
1969,8.0
1970,10.0
1971,9.0
1972,9.0
1973,7.0
1974,8.0
1975,2.0
1976,5.0
1977,4.0
1978,6.0
1979,7.0
1980,8.0
1981,8.0
1982,8.0
1983,9.0
1984,9.0
1985,13.0
1986,13.0
1987,12.0
1988,10.0
1989,5.0
1990,5.0
1991,2.0
1992,5.0
1993,9.0
1994,9.0
1995,9.0
1996,9.0
1997,6.0
1998,7.0
1999,8.0
2000,6.0
2001,5.0
2002,3.0
2003,2.0
2004,2.0
2005,3.0
2006,1.0
2007,2.0
2008,2.0
2009,2.0
2010,1.0
2011,1.0
2012,2.0
2013,1.0
2014,0.0
2015,5.0
2016,5.0
2017,5.0
2018,5.0
2019,5.0
2020,5.0
2021,5.0
2022,4.0
2023,1.0
2024,2.0
2025,2.0
2026,4.0
2027,4.0
2028,6.0
2029,6.0
2030,6.0
2031,9.0
2032,23.0
2033,25.0
2034,22.0
2035,22.0
2036,20.0
2037,18.0
2038,14.0
2039,14.0
2040,14.0
2041,13.0
2042,13.0
2043,14.0
2044,14.0
2045,13.0
2046,10.0
2047,10.0
2048,8.0
2049,11.0
2050,12.0
2051,10.0
2052,10.0
2053,9.0
2054,3.0
2055,5.0
2056,5.0
2057,5.0
2058,7.0
2059,8.0
2060,9.0
2061,8.0
2062,13.0
2063,14.0
2064,15.0
2065,14.0
2066,11.0
2067,9.0
2068,9.0
2069,5.0
2070,5.0
2071,5.0
2072,7.0
2073,9.0
2074,9.0
2075,9.0
2076,7.0
2077,7.0
2078,8.0
2079,6.0
2080,4.0
2081,2.0
2082,2.0
2083,2.0
2084,0.0
2085,1.0
2086,2.0
2087,2.0
2088,1.0
2089,1.0
2090,2.0
2091,2.0
2092,2.0
2093,5.0
2094,5.0
2095,5.0
2096,6.0
2097,6.0
2098,6.0
2099,6.0
2100,5.0
2101,4.0
2102,2.0
2103,2.0
2104,2.0
2105,2.0
2106,4.0
2107,4.0
2108,4.0
2109,3.0
2110,4.0
2111,5.0
2112,5.0
2113,12.0
2114,11.0
2115,5.0
2116,7.0
2117,14.0
2118,11.0
2119,14.0
2120,13.0
2121,15.0
2122,14.0
2123,13.0
2124,10.0
2125,10.0
2126,10.0
2127,12.0
2128,13.0
2129,12.0
2130,10.0
2131,10.0
2132,9.0
2133,3.0
2134,4.0
2135,5.0
2136,5.0
2137,7.0
2138,7.0
2139,9.0
2140,12.0
2141,17.0
2142,16.0
2143,14.0
2144,14.0
2145,12.0
2146,9.0
2147,7.0
2148,13.0
2149,9.0
2150,8.0
2151,9.0
2152,11.0
2153,9.0
2154,9.0
2155,7.0
2156,7.0
2157,5.0
2158,5.0
2159,2.0
2160,2.0
2161,2.0
2162,0.0
2163,0.0
2164,1.0
2165,2.0
2166,1.0
2167,1.0
2168,2.0
2169,2.0
2170,2.0
2171,2.0
2172,5.0
2173,5.0
2174,6.0
2175,6.0
2176,6.0
2177,6.0
2178,6.0
2179,6.0
2180,5.0
2181,2.0
2182,2.0
2183,2.0
2184,2.0
2185,3.0
2186,4.0
2187,4.0
2188,4.0
2189,4.0
2190,4.0
2191,5.0
2192,6.0
2193,5.0
2194,6.0
2195,6.0
2196,7.0
2197,9.0
2198,13.0
2199,13.0
2200,13.0
2201,13.0
2202,8.0
2203,10.0
2204,10.0
2205,11.0
2206,11.0
2207,14.0
2208,13.0
2209,10.0
2210,10.0
2211,7.0
2212,11.0
2213,12.0
2214,6.0
2215,5.0
2216,7.0
2217,9.0
2218,12.0
2219,17.0
2220,16.0
2221,16.0
2222,12.0
2223,13.0
2224,12.0
2225,12.0
2226,14.0
2227,15.0
2228,10.0
2229,10.0
2230,7.0
2231,10.0
2232,11.0
2233,8.0
2234,6.0
2235,5.0
2236,4.0
2237,1.0
2238,2.0
2239,2.0
2240,0.0
2241,0.0
2242,1.0
2243,1.0
2244,1.0
2245,1.0
2246,1.0
2247,2.0
2248,2.0
2249,2.0
2250,2.0
2251,3.0
2252,6.0
2253,6.0
2254,6.0
2255,7.0
2256,6.0
2257,6.0
2258,6.0
2259,6.0
2260,2.0
2261,2.0
2262,2.0
2263,3.0
2264,3.0
2265,4.0
2266,4.0
2267,5.0
2268,4.0
2269,7.0
2270,7.0
2271,9.0
2272,7.0
2273,6.0
2274,6.0
2275,6.0
2276,5.0
2277,6.0
2278,6.0
2279,8.0
2280,8.0
2281,8.0
2282,8.0
2283,9.0
2284,10.0
2285,11.0
2286,13.0
2287,15.0
2288,11.0
2289,10.0
2290,7.0
2291,11.0
2292,12.0
2293,12.0
2294,12.0
2295,4.0
2296,8.0
2297,10.0
2298,15.0
2299,15.0
2300,14.0
2301,11.0
2302,8.0
2303,11.0
2304,13.0
2305,14.0
2306,14.0
2307,10.0
2308,10.0
2309,9.0
2310,8.0
2311,5.0
2312,6.0
2313,2.0
2314,2.0
2315,1.0
2316,1.0
2317,1.0
2318,1.0
2319,1.0
2320,1.0
2321,1.0
2322,1.0
2323,1.0
2324,2.0
2325,1.0
2326,1.0
2327,3.0
2328,1.0
2329,3.0
2330,2.0
2331,5.0
2332,1.0
2333,8.0
2334,8.0
2335,8.0
2336,8.0
2337,5.0
2338,3.0
2339,3.0
2340,2.0
2341,2.0
2342,3.0
2343,4.0
2344,4.0
2345,4.0
2346,4.0
2347,7.0
2348,7.0
2349,7.0
2350,7.0
2351,7.0
2352,8.0
2353,5.0
2354,5.0
2355,5.0
2356,5.0
2357,4.0
2358,5.0
2359,8.0
2360,8.0
2361,7.0
2362,9.0
2363,7.0
2364,7.0
2365,8.0
2366,10.0
2367,11.0
2368,8.0
2369,8.0
2370,11.0
2371,14.0
2372,17.0
2373,17.0
2374,20.0
2375,12.0
2376,11.0
2377,16.0
2378,15.0
2379,12.0
2380,8.0
2381,9.0
2382,11.0
2383,15.0
2384,16.0
2385,14.0
2386,9.0
2387,9.0
2388,8.0
2389,8.0
2390,6.0
2391,5.0
2392,2.0
2393,1.0
2394,1.0
2395,1.0
2396,1.0
2397,1.0
2398,1.0
2399,1.0
2400,1.0
2401,1.0
2402,2.0
2403,2.0
2404,3.0
2405,1.0
2406,1.0
2407,4.0
2408,4.0
2409,4.0
2410,5.0
2411,7.0
2412,1.0
2413,8.0
2414,8.0
2415,6.0
2416,4.0
2417,3.0
2418,3.0
2419,2.0
2420,2.0
2421,3.0
2422,5.0
2423,6.0
2424,5.0
2425,8.0
2426,8.0
2427,8.0
2428,7.0
2429,8.0
2430,7.0
2431,8.0
2432,7.0
2433,5.0
2434,5.0
2435,5.0
2436,5.0
2437,6.0
2438,8.0
2439,9.0
2440,11.0
2441,13.0
2442,13.0
2443,13.0
2444,11.0
2445,9.0
2446,8.0
2447,8.0
2448,7.0
2449,14.0
2450,17.0
2451,18.0
2452,19.0
2453,21.0
2454,13.0
2455,15.0
2456,14.0
2457,12.0
2458,12.0
2459,11.0
2460,9.0
2461,15.0
2462,15.0
2463,15.0
2464,14.0
2465,9.0
2466,8.0
2467,8.0
2468,8.0
2469,7.0
2470,4.0
2471,1.0
2472,1.0
2473,1.0
2474,1.0
2475,1.0
2476,1.0
2477,1.0
2478,1.0
2479,1.0
2480,2.0
2481,2.0
2482,2.0
2483,1.0
2484,1.0
2485,4.0
2486,4.0
2487,4.0
2488,6.0
2489,7.0
2490,5.0
2491,5.0
2492,5.0
2493,4.0
2494,4.0
2495,4.0
2496,4.0
2497,3.0
2498,2.0
2499,4.0
2500,4.0
2501,6.0
2502,6.0
2503,6.0
2504,9.0
2505,8.0
2506,9.0
2507,9.0
2508,9.0
2509,7.0
2510,9.0
2511,9.0
2512,7.0
2513,7.0
2514,5.0
2515,5.0
2516,6.0
2517,10.0
2518,12.0
2519,12.0
2520,14.0
2521,14.0
2522,14.0
2523,10.0
2524,8.0
2525,6.0
2526,8.0
2527,8.0
2528,17.0
2529,17.0
2530,17.0
2531,19.0
2532,21.0
2533,15.0
2534,15.0
2535,14.0
2536,12.0
2537,12.0
2538,12.0
2539,12.0
2540,15.0
2541,15.0
2542,14.0
2543,11.0
2544,9.0
2545,8.0
2546,8.0
2547,8.0
2548,6.0
2549,3.0
2550,1.0
2551,1.0
2552,1.0
2553,1.0
2554,0.0
2555,1.0
2556,1.0
2557,1.0
2558,2.0
2559,2.0
2560,2.0
2561,3.0
2562,1.0
2563,4.0
2564,4.0
2565,4.0
2566,4.0
2567,6.0
2568,7.0
2569,6.0
2570,5.0
2571,5.0
2572,5.0
2573,4.0
2574,4.0
2575,5.0
2576,3.0
2577,4.0
2578,4.0
2579,4.0
2580,5.0
2581,6.0
2582,10.0
2583,9.0
2584,10.0
2585,9.0
2586,9.0
2587,8.0
2588,8.0
2589,11.0
2590,8.0
2591,9.0
2592,7.0
2593,7.0
2594,8.0
2595,7.0
2596,11.0
2597,9.0
2598,11.0
2599,12.0
2600,11.0
2601,12.0
2602,12.0
2603,9.0
2604,6.0
2605,5.0
2606,5.0
2607,17.0
2608,17.0
2609,18.0
2610,18.0
2611,13.0
2612,14.0
2613,13.0
2614,13.0
2615,9.0
2616,12.0
2617,12.0
2618,12.0
2619,14.0
2620,19.0
2621,17.0
2622,12.0
2623,12.0
2624,12.0
2625,7.0
2626,7.0
2627,6.0
2628,3.0
2629,1.0
2630,1.0
2631,1.0
2632,0.0
2633,0.0
2634,1.0
2635,1.0
2636,2.0
2637,3.0
2638,4.0
2639,4.0
2640,3.0
2641,5.0
2642,4.0
2643,4.0
2644,4.0
2645,4.0
2646,6.0
2647,6.0
2648,7.0
2649,5.0
2650,5.0
2651,5.0
2652,6.0
2653,5.0
2654,5.0
2655,2.0
2656,5.0
2657,4.0
2658,4.0
2659,6.0
2660,7.0
2661,10.0
2662,10.0
2663,11.0
2664,9.0
2665,8.0
2666,8.0
2667,9.0
2668,6.0
2669,11.0
2670,9.0
2671,9.0
2672,8.0
2673,8.0
2674,11.0
2675,12.0
2676,10.0
2677,11.0
2678,12.0
2679,11.0
2680,11.0
2681,12.0
2682,8.0
2683,6.0
2684,6.0
2685,2.0
2686,10.0
2687,16.0
2688,18.0
2689,18.0
2690,13.0
2691,13.0
2692,11.0
2693,13.0
2694,7.0
2695,8.0
2696,11.0
2697,12.0
2698,16.0
2699,11.0
2700,12.0
2701,12.0
2702,12.0
2703,12.0
2704,12.0
2705,6.0
2706,5.0
2707,2.0
2708,1.0
2709,1.0
2710,0.0
2711,0.0
2712,1.0
2713,1.0
2714,2.0
2715,4.0
2716,4.0
2717,4.0
2718,4.0
2719,6.0
2720,6.0
2721,6.0
2722,1.0
2723,5.0
2724,3.0
2725,5.0
2726,9.0
2727,9.0
2728,7.0
2729,5.0
2730,6.0
2731,6.0
2732,6.0
2733,7.0
2734,6.0
2735,16.0
2736,15.0
2737,15.0
2738,16.0
2739,10.0
2740,7.0
2741,10.0
2742,12.0
2743,10.0
2744,10.0
2745,10.0
2746,12.0
2747,12.0
2748,11.0
2749,10.0
2750,10.0
2751,9.0
2752,8.0
2753,12.0
2754,10.0
2755,11.0
2756,12.0
2757,12.0
2758,11.0
2759,11.0
2760,9.0
2761,9.0
2762,6.0
2763,2.0
2764,1.0
2765,10.0
2766,10.0
2767,17.0
2768,17.0
2769,17.0
2770,11.0
2771,12.0
2772,12.0
2773,7.0
2774,7.0
2775,7.0
2776,13.0
2777,11.0
2778,12.0
2779,12.0
2780,12.0
2781,12.0
2782,12.0
2783,12.0
2784,7.0
2785,4.0
2786,2.0
2787,2.0
2788,0.0
2789,0.0
2790,1.0
2791,1.0
2792,1.0
2793,1.0
2794,4.0
2795,4.0
2796,4.0
2797,4.0
2798,6.0
2799,6.0
2800,3.0
2801,6.0
2802,7.0
2803,7.0
2804,7.0
2805,9.0
2806,9.0
2807,6.0
2808,8.0
2809,6.0
2810,7.0
2811,7.0
2812,7.0
2813,16.0
2814,16.0
2815,17.0
2816,15.0
2817,17.0
2818,17.0
2819,26.0
2820,49.0
2821,61.0
2822,41.0
2823,32.0
2824,17.0
2825,13.0
2826,12.0
2827,13.0
2828,10.0
2829,10.0
2830,5.0
2831,3.0
2832,11.0
2833,10.0
2834,9.0
2835,10.0
2836,8.0
2837,9.0
2838,9.0
2839,9.0
2840,9.0
2841,2.0
2842,2.0
2843,1.0
2844,10.0
2845,10.0
2846,11.0
2847,17.0
2848,12.0
2849,10.0
2850,12.0
2851,12.0
2852,6.0
2853,6.0
2854,5.0
2855,9.0
2856,9.0
2857,11.0
2858,12.0
2859,12.0
2860,10.0
2861,12.0
2862,11.0
2863,7.0
2864,2.0
2865,2.0
2866,2.0
2867,2.0
2868,1.0
2869,1.0
2870,1.0
2871,1.0
2872,3.0
2873,4.0
2874,5.0
2875,5.0
2876,5.0
2877,6.0
2878,6.0
2879,7.0
2880,9.0
2881,7.0
2882,7.0
2883,7.0
2884,9.0
2885,9.0
2886,8.0
2887,8.0
2888,6.0
2889,8.0
2890,7.0
2891,15.0
2892,15.0
2893,16.0
2894,17.0
2895,19.0
2896,20.0
2897,53.0
2898,86.0
2899,84.0
2900,89.0
2901,90.0
2902,85.0
2903,45.0
2904,22.0
2905,14.0
2906,10.0
2907,11.0
2908,5.0
2909,5.0
2910,4.0
2911,7.0
2912,10.0
2913,9.0
2914,8.0
2915,9.0
2916,9.0
2917,9.0
2918,9.0
2919,9.0
2920,2.0
2921,2.0
2922,2.0
2923,10.0
2924,10.0
2925,8.0
2926,12.0
2927,10.0
2928,10.0
2929,10.0
2930,9.0
2931,4.0
2932,6.0
2933,6.0
2934,10.0
2935,9.0
2936,9.0
2937,10.0
2938,11.0
2939,8.0
2940,5.0
2941,5.0
2942,5.0
2943,2.0
2944,2.0
2945,2.0
2946,2.0
2947,2.0
2948,1.0
2949,1.0
2950,1.0
2951,4.0
2952,4.0
2953,5.0
2954,5.0
2955,5.0
2956,5.0
2957,8.0
2958,7.0
2959,9.0
2960,8.0
2961,8.0
2962,8.0
2963,9.0
2964,9.0
2965,9.0
2966,8.0
2967,9.0
2968,8.0
2969,6.0
2970,15.0
2971,15.0
2972,16.0
2973,18.0
2974,22.0
2975,39.0
2976,86.0
2977,92.0
2978,89.0
2979,88.0
2980,92.0
2981,92.0
2982,86.0
2983,46.0
2984,16.0
2985,11.0
2986,11.0
2987,9.0
2988,5.0
2989,4.0
2990,6.0
2991,10.0
2992,7.0
2993,8.0
2994,8.0
2995,8.0
2996,8.0
2997,3.0
2998,5.0
2999,5.0
3000,3.0
3001,2.0
3002,3.0
3003,8.0
3004,8.0
3005,9.0
3006,10.0
3007,10.0
3008,9.0
3009,4.0
3010,5.0
3011,7.0
3012,9.0
3013,13.0
3014,13.0
3015,13.0
3016,10.0
3017,10.0
3018,10.0
3019,5.0
3020,5.0
3021,5.0
3022,2.0
3023,2.0
3024,2.0
3025,2.0
3026,1.0
3027,1.0
3028,1.0
3029,1.0
3030,4.0
3031,5.0
3032,6.0
3033,6.0
3034,7.0
3035,7.0
3036,6.0
3037,7.0
3038,9.0
3039,9.0
3040,8.0
3041,8.0
3042,7.0
3043,7.0
3044,7.0
3045,7.0
3046,7.0
3047,6.0
3048,6.0
3049,16.0
3050,15.0
3051,17.0
3052,20.0
3053,23.0
3054,73.0
3055,93.0
3056,97.0
3057,99.0
3058,87.0
3059,90.0
3060,90.0
3061,87.0
3062,63.0
3063,26.0
3064,14.0
3065,10.0
3066,9.0
3067,9.0
3068,3.0
3069,3.0
3070,7.0
3071,7.0
3072,8.0
3073,7.0
3074,7.0
3075,1.0
3076,7.0
3077,3.0
3078,3.0
3079,2.0
3080,2.0
3081,2.0
3082,4.0
3083,7.0
3084,7.0
3085,7.0
3086,6.0
3087,5.0
3088,4.0
3089,7.0
3090,10.0
3091,10.0
3092,14.0
3093,14.0
3094,15.0
3095,14.0
3096,11.0
3097,11.0
3098,11.0
3099,5.0
3100,3.0
3101,3.0
3102,2.0
3103,2.0
3104,2.0
3105,1.0
3106,1.0
3107,1.0
3108,2.0
3109,3.0
3110,5.0
3111,1.0
3112,1.0
3113,7.0
3114,7.0
3115,8.0
3116,9.0
3117,9.0
3118,8.0
3119,8.0
3120,9.0
3121,8.0
3122,8.0
3123,8.0
3124,8.0
3125,8.0
3126,7.0
3127,8.0
3128,17.0
3129,16.0
3130,19.0
3131,19.0
3132,30.0
3133,76.0
3134,94.0
3135,97.0
3136,97.0
3137,87.0
3138,88.0
3139,89.0
3140,95.0
3141,82.0
3142,39.0
3143,19.0
3144,19.0
3145,9.0
3146,9.0
3147,6.0
3148,5.0
3149,3.0
3150,5.0
3151,7.0
3152,7.0
3153,7.0
3154,5.0
3155,3.0
3156,3.0
3157,3.0
3158,2.0
3159,1.0
3160,3.0
3161,3.0
3162,3.0
3163,4.0
3164,4.0
3165,3.0
3166,3.0
3167,7.0
3168,8.0
3169,10.0
3170,10.0
3171,10.0
3172,16.0
3173,16.0
3174,15.0
3175,13.0
3176,11.0
3177,11.0
3178,9.0
3179,3.0
3180,3.0
3181,2.0
3182,2.0
3183,2.0
3184,2.0
3185,1.0
3186,1.0
3187,2.0
3188,3.0
3189,0.0
3190,0.0
3191,1.0
3192,7.0
3193,7.0
3194,9.0
3195,9.0
3196,9.0
3197,8.0
3198,8.0
3199,9.0
3200,9.0
3201,9.0
3202,9.0
3203,7.0
3204,7.0
3205,8.0
3206,8.0
3207,18.0
3208,16.0
3209,19.0
3210,20.0
3211,31.0
3212,75.0
3213,96.0
3214,97.0
3215,89.0
3216,79.0
3217,75.0
3218,93.0
3219,93.0
3220,81.0
3221,37.0
3222,19.0
3223,17.0
3224,16.0
3225,7.0
3226,5.0
3227,4.0
3228,3.0
3229,3.0
3230,2.0
3231,2.0
3232,3.0
3233,3.0
3234,3.0
3235,2.0
3236,2.0
3237,1.0
3238,0.0
3239,3.0
3240,3.0
3241,3.0
3242,5.0
3243,6.0
3244,6.0
3245,3.0
3246,7.0
3247,8.0
3248,11.0
3249,12.0
3250,12.0
3251,13.0
3252,16.0
3253,16.0
3254,14.0
3255,11.0
3256,9.0
3257,4.0
3258,3.0
3259,3.0
3260,2.0
3261,2.0
3262,2.0
3263,2.0
3264,2.0
3265,1.0
3266,2.0
3267,3.0
3268,5.0
3269,1.0
3270,7.0
3271,7.0
3272,8.0
3273,8.0
3274,9.0
3275,8.0
3276,8.0
3277,8.0
3278,9.0
3279,10.0
3280,10.0
3281,8.0
3282,7.0
3283,7.0
3284,7.0
3285,8.0
3286,18.0
3287,18.0
3288,19.0
3289,18.0
3290,27.0
3291,69.0
3292,93.0
3293,99.0
3294,91.0
3295,74.0
3296,95.0
3297,93.0
3298,92.0
3299,78.0
3300,37.0
3301,19.0
3302,16.0
3303,13.0
3304,7.0
3305,4.0
3306,4.0
3307,3.0
3308,2.0
3309,2.0
3310,2.0
3311,2.0
3312,2.0
3313,2.0
3314,2.0
3315,1.0
3316,0.0
3317,0.0
3318,3.0
3319,4.0
3320,5.0
3321,6.0
3322,6.0
3323,6.0
3324,5.0
3325,9.0
3326,10.0
3327,12.0
3328,12.0
3329,12.0
3330,13.0
3331,13.0
3332,13.0
3333,10.0
3334,6.0
3335,4.0
3336,4.0
3337,4.0
3338,3.0
3339,2.0
3340,2.0
3341,2.0
3342,2.0
3343,1.0
3344,1.0
3345,2.0
3346,3.0
3347,5.0
3348,5.0
3349,6.0
3350,8.0
3351,9.0
3352,7.0
3353,9.0
3354,9.0
3355,7.0
3356,9.0
3357,9.0
3358,10.0
3359,10.0
3360,8.0
3361,8.0
3362,7.0
3363,7.0
3364,7.0
3365,7.0
3366,18.0
3367,18.0
3368,18.0
3369,23.0
3370,57.0
3371,90.0
3372,88.0
3373,90.0
3374,90.0
3375,96.0
3376,96.0
3377,92.0
3378,58.0
3379,24.0
3380,18.0
3381,15.0
3382,14.0
3383,12.0
3384,3.0
3385,3.0
3386,2.0
3387,2.0
3388,2.0
3389,2.0
3390,1.0
3391,1.0
3392,2.0
3393,1.0
3394,0.0
3395,0.0
3396,0.0
3397,4.0
3398,5.0
3399,6.0
3400,7.0
3401,8.0
3402,8.0
3403,6.0
3404,6.0
3405,6.0
3406,10.0
3407,11.0
3408,12.0
3409,12.0
3410,13.0
3411,13.0
3412,10.0
3413,4.0
3414,4.0
3415,4.0
3416,4.0
3417,1.0
3418,2.0
3419,2.0
3420,2.0
3421,1.0
3422,1.0
3423,1.0
3424,1.0
3425,5.0
3426,5.0
3427,5.0
3428,6.0
3429,6.0
3430,7.0
3431,8.0
3432,8.0
3433,9.0
3434,9.0
3435,12.0
3436,8.0
3437,9.0
3438,8.0
3439,7.0
3440,8.0
3441,6.0
3442,6.0
3443,7.0
3444,6.0
3445,9.0
3446,10.0
3447,19.0
3448,17.0
3449,21.0
3450,59.0
3451,84.0
3452,88.0
3453,90.0
3454,94.0
3455,94.0
3456,76.0
3457,30.0
3458,21.0
3459,17.0
3460,14.0
3461,13.0
3462,12.0
3463,4.0
3464,2.0
3465,2.0
3466,2.0
3467,2.0
3468,1.0
3469,1.0
3470,1.0
3471,1.0
3472,0.0
3473,0.0
3474,0.0
3475,0.0
3476,4.0
3477,7.0
3478,7.0
3479,7.0
3480,7.0
3481,8.0
3482,8.0
3483,11.0
3484,7.0
3485,9.0
3486,10.0
3487,13.0
3488,13.0
3489,14.0
3490,14.0
3491,8.0
3492,4.0
3493,4.0
3494,4.0
3495,4.0
3496,2.0
3497,2.0
3498,2.0
3499,1.0
3500,1.0
3501,1.0
3502,1.0
3503,1.0
3504,3.0
3505,5.0
3506,6.0
3507,6.0
3508,6.0
3509,8.0
3510,5.0
3511,10.0
3512,15.0
3513,15.0
3514,14.0
3515,14.0
3516,13.0
3517,9.0
3518,8.0
3519,8.0
3520,6.0
3521,6.0
3522,7.0
3523,11.0
3524,11.0
3525,8.0
3526,11.0
3527,16.0
3528,12.0
3529,19.0
3530,57.0
3531,75.0
3532,84.0
3533,86.0
3534,73.0
3535,32.0
3536,18.0
3537,15.0
3538,15.0
3539,14.0
3540,13.0
3541,12.0
3542,3.0
3543,2.0
3544,2.0
3545,2.0
3546,2.0
3547,1.0
3548,0.0
3549,1.0
3550,0.0
3551,0.0
3552,0.0
3553,0.0
3554,0.0
3555,6.0
3556,0.0
3557,10.0
3558,10.0
3559,10.0
3560,10.0
3561,6.0
3562,10.0
3563,11.0
3564,10.0
3565,10.0
3566,11.0
3567,11.0
3568,11.0
3569,12.0
3570,8.0
3571,4.0
3572,4.0
3573,4.0
3574,2.0
3575,2.0
3576,2.0
3577,1.0
3578,0.0
3579,0.0
3580,1.0
3581,1.0
3582,1.0
3583,1.0
3584,4.0
3585,6.0
3586,6.0
3587,6.0
3588,6.0
3589,10.0
3590,12.0
3591,15.0
3592,14.0
3593,14.0
3594,14.0
3595,15.0
3596,13.0
3597,8.0
3598,8.0
3599,6.0
3600,5.0
3601,11.0
3602,11.0
3603,10.0
3604,8.0
3605,8.0
3606,15.0
3607,14.0
3608,13.0
3609,11.0
3610,17.0
3611,19.0
3612,25.0
3613,25.0
3614,21.0
3615,14.0
3616,14.0
3617,13.0
3618,13.0
3619,12.0
3620,11.0
3621,4.0
3622,2.0
3623,2.0
3624,2.0
3625,2.0
3626,2.0
3627,0.0
3628,0.0
3629,0.0
3630,0.0
3631,0.0
3632,0.0
3633,0.0
3634,0.0
3635,0.0
3636,0.0
3637,10.0
3638,10.0
3639,10.0
3640,9.0
3641,9.0
3642,10.0
3643,10.0
3644,10.0
3645,10.0
3646,11.0
3647,11.0
3648,8.0
3649,6.0
3650,3.0
3651,3.0
3652,3.0
3653,2.0
3654,2.0
3655,1.0
3656,0.0
3657,0.0
3658,0.0
3659,0.0
3660,1.0
3661,1.0
3662,2.0
3663,4.0
3664,5.0
3665,5.0
3666,5.0
3667,6.0
3668,12.0
3669,13.0
3670,11.0
3671,14.0
3672,14.0
3673,13.0
3674,14.0
3675,14.0
3676,9.0
3677,5.0
3678,5.0
3679,11.0
3680,11.0
3681,11.0
3682,11.0
3683,11.0
3684,9.0
3685,13.0
3686,19.0
3687,19.0
3688,13.0
3689,11.0
3690,11.0
3691,9.0
3692,16.0
3693,17.0
3694,13.0
3695,13.0
3696,13.0
3697,12.0
3698,12.0
3699,5.0
3700,2.0
3701,2.0
3702,2.0
3703,2.0
3704,2.0
3705,0.0
3706,0.0
3707,0.0
3708,0.0
3709,0.0
3710,0.0
3711,0.0
3712,0.0
3713,2.0
3714,0.0
3715,0.0
3716,0.0
3717,10.0
3718,9.0
3719,9.0
3720,10.0
3721,9.0
3722,8.0
3723,8.0
3724,9.0
3725,9.0
3726,7.0
3727,6.0
3728,6.0
3729,4.0
3730,3.0
3731,2.0
3732,2.0
3733,1.0
3734,0.0
3735,0.0
3736,0.0
3737,0.0
3738,1.0
3739,1.0
3740,1.0
3741,3.0
3742,3.0
3743,3.0
3744,5.0
3745,5.0
3746,8.0
3747,12.0
3748,14.0
3749,15.0
3750,15.0
3751,16.0
3752,14.0
3753,14.0
3754,15.0
3755,10.0
3756,5.0
3757,4.0
3758,11.0
3759,10.0
3760,11.0
3761,13.0
3762,12.0
3763,12.0
3764,19.0
3765,19.0
3766,18.0
3767,11.0
3768,11.0
3769,11.0
3770,11.0
3771,11.0
3772,15.0
3773,12.0
3774,12.0
3775,12.0
3776,12.0
3777,5.0
3778,5.0
3779,4.0
3780,2.0
3781,2.0
3782,2.0
3783,1.0
3784,0.0
3785,0.0
3786,0.0
3787,0.0
3788,0.0
3789,0.0
3790,0.0
3791,0.0
3792,2.0
3793,0.0
3794,0.0
3795,7.0
3796,6.0
3797,9.0
3798,9.0
3799,9.0
3800,8.0
3801,6.0
3802,7.0
3803,6.0
3804,6.0
3805,6.0
3806,6.0
3807,3.0
3808,3.0
3809,2.0
3810,2.0
3811,2.0
3812,1.0
3813,1.0
3814,0.0
3815,0.0
3816,1.0
3817,1.0
3818,2.0
3819,4.0
3820,4.0
3821,4.0
3822,5.0
3823,5.0
3824,5.0
3825,10.0
3826,15.0
3827,15.0
3828,13.0
3829,14.0
3830,14.0
3831,14.0
3832,13.0
3833,13.0
3834,9.0
3835,6.0
3836,5.0
3837,10.0
3838,11.0
3839,13.0
3840,13.0
3841,14.0
3842,12.0
3843,16.0
3844,19.0
3845,19.0
3846,12.0
3847,11.0
3848,12.0
3849,12.0
3850,14.0
3851,7.0
3852,11.0
3853,13.0
3854,14.0
3855,7.0
3856,5.0
3857,5.0
3858,4.0
3859,2.0
3860,2.0
3861,1.0
3862,1.0
3863,1.0
3864,0.0
3865,0.0
3866,0.0
3867,0.0
3868,0.0
3869,0.0
3870,0.0
3871,7.0
3872,6.0
3873,6.0
3874,6.0
3875,9.0
3876,9.0
3877,9.0
3878,10.0
3879,7.0
3880,6.0
3881,6.0
3882,6.0
3883,6.0
3884,6.0
3885,5.0
3886,3.0
3887,3.0
3888,2.0
3889,2.0
3890,2.0
3891,2.0
3892,0.0
3893,0.0
3894,1.0
3895,1.0
3896,2.0
3897,1.0
3898,4.0
3899,4.0
3900,5.0
3901,6.0
3902,6.0
3903,8.0
3904,8.0
3905,16.0
3906,15.0
3907,16.0
3908,16.0
3909,13.0
3910,13.0
3911,13.0
3912,12.0
3913,14.0
3914,12.0
3915,9.0
3916,14.0
3917,16.0
3918,13.0
3919,13.0
3920,11.0
3921,17.0
3922,16.0
3923,18.0
3924,19.0
3925,13.0
3926,12.0
3927,12.0
3928,11.0
3929,11.0
3930,8.0
3931,9.0
3932,8.0
3933,8.0
3934,8.0
3935,8.0
3936,6.0
3937,2.0
3938,2.0
3939,2.0
3940,1.0
3941,1.0
3942,0.0
3943,0.0
3944,0.0
3945,0.0
3946,0.0
3947,0.0
3948,0.0
3949,0.0
3950,7.0
3951,7.0
3952,6.0
3953,9.0
3954,9.0
3955,9.0
3956,8.0
3957,8.0
3958,4.0
3959,4.0
3960,6.0
3961,6.0
3962,6.0
3963,4.0
3964,4.0
3965,4.0
3966,3.0
3967,2.0
3968,2.0
3969,2.0
3970,2.0
3971,2.0
3972,1.0
3973,1.0
3974,2.0
3975,1.0
3976,1.0
3977,4.0
3978,4.0
3979,5.0
3980,4.0
3981,6.0
3982,9.0
3983,8.0
3984,13.0
3985,16.0
3986,17.0
3987,16.0
3988,15.0
3989,14.0
3990,17.0
3991,19.0
3992,17.0
3993,13.0
3994,13.0
3995,14.0
3996,18.0
3997,17.0
3998,12.0
3999,11.0
4000,15.0
4001,17.0
4002,16.0
4003,17.0
4004,13.0
4005,11.0
4006,11.0
4007,10.0
4008,9.0
4009,8.0
4010,8.0
4011,8.0
4012,9.0
4013,8.0
4014,6.0
4015,6.0
4016,2.0
4017,2.0
4018,2.0
4019,2.0
4020,0.0
4021,0.0
4022,0.0
4023,0.0
4024,0.0
4025,0.0
4026,0.0
4027,0.0
4028,0.0
4029,5.0
4030,7.0
4031,7.0
4032,7.0
4033,7.0
4034,7.0
4035,7.0
4036,7.0
4037,3.0
4038,4.0
4039,4.0
4040,4.0
4041,4.0
4042,4.0
4043,4.0
4044,2.0
4045,2.0
4046,2.0
4047,2.0
4048,2.0
4049,2.0
4050,2.0
4051,2.0
4052,2.0
4053,3.0
4054,4.0
4055,4.0
4056,4.0
4057,5.0
4058,3.0
4059,4.0
4060,5.0
4061,10.0
4062,9.0
4063,12.0
4064,16.0
4065,17.0
4066,16.0
4067,19.0
4068,43.0
4069,53.0
4070,50.0
4071,41.0
4072,21.0
4073,16.0
4074,12.0
4075,21.0
4076,18.0
4077,14.0
4078,12.0
4079,15.0
4080,17.0
4081,16.0
4082,11.0
4083,11.0
4084,8.0
4085,8.0
4086,8.0
4087,8.0
4088,8.0
4089,8.0
4090,8.0
4091,7.0
4092,7.0
4093,7.0
4094,6.0
4095,5.0
4096,2.0
4097,2.0
4098,2.0
4099,1.0
4100,0.0
4101,0.0
4102,0.0
4103,0.0
4104,0.0
4105,0.0
4106,0.0
4107,0.0
4108,3.0
4109,5.0
4110,7.0
4111,7.0
4112,7.0
4113,7.0
4114,5.0
4115,3.0
4116,3.0
4117,3.0
4118,4.0
4119,4.0
4120,4.0
4121,4.0
4122,2.0
4123,3.0
4124,2.0
4125,2.0
4126,2.0
4127,2.0
4128,2.0
4129,2.0
4130,2.0
4131,2.0
4132,3.0
4133,4.0
4134,4.0
4135,4.0
4136,5.0
4137,3.0
4138,5.0
4139,8.0
4140,9.0
4141,8.0
4142,8.0
4143,12.0
4144,16.0
4145,21.0
4146,46.0
4147,53.0
4148,53.0
4149,48.0
4150,48.0
4151,48.0
4152,23.0
4153,13.0
4154,13.0
4155,17.0
4156,17.0
4157,14.0
4158,14.0
4159,17.0
4160,10.0
4161,11.0
4162,11.0
4163,8.0
4164,8.0
4165,8.0
4166,9.0
4167,7.0
4168,8.0
4169,8.0
4170,8.0
4171,8.0
4172,9.0
4173,4.0
4174,2.0
4175,2.0
4176,2.0
4177,2.0
4178,2.0
4179,1.0
4180,0.0
4181,0.0
4182,0.0
4183,0.0
4184,0.0
4185,0.0
4186,0.0
4187,2.0
4188,3.0
4189,5.0
4190,5.0
4191,5.0
4192,5.0
4193,4.0
4194,3.0
4195,3.0
4196,1.0
4197,3.0
4198,4.0
4199,4.0
4200,2.0
4201,3.0
4202,3.0
4203,2.0
4204,8.0
4205,10.0
4206,9.0
4207,9.0
4208,7.0
4209,2.0
4210,2.0
4211,3.0
4212,4.0
4213,4.0
4214,4.0
4215,5.0
4216,3.0
4217,8.0
4218,8.0
4219,9.0
4220,7.0
4221,8.0
4222,8.0
4223,10.0
4224,39.0
4225,46.0
4226,46.0
4227,47.0
4228,48.0
4229,38.0
4230,48.0
4231,46.0
4232,19.0
4233,13.0
4234,13.0
4235,11.0
4236,8.0
4237,7.0
4238,10.0
4239,10.0
4240,11.0
4241,8.0
4242,8.0
4243,8.0
4244,9.0
4245,7.0
4246,7.0
4247,7.0
4248,8.0
4249,9.0
4250,9.0
4251,6.0
4252,6.0
4253,4.0
4254,4.0
4255,2.0
4256,2.0
4257,2.0
4258,2.0
4259,0.0
4260,0.0
4261,0.0
4262,0.0
4263,0.0
4264,0.0
4265,0.0
4266,2.0
4267,2.0
4268,3.0
4269,5.0
4270,5.0
4271,2.0
4272,2.0
4273,3.0
4274,0.0
4275,1.0
4276,1.0
4277,3.0
4278,1.0
4279,3.0
4280,3.0
4281,2.0
4282,10.0
4283,3.0
4284,0.0
4285,0.0
4286,14.0
4287,13.0
4288,9.0
4289,2.0
4290,3.0
4291,4.0
4292,4.0
4293,4.0
4294,5.0
4295,6.0
4296,8.0
4297,8.0
4298,8.0
4299,7.0
4300,8.0
4301,8.0
4302,19.0
4303,43.0
4304,46.0
4305,47.0
4306,49.0
4307,47.0
4308,48.0
4309,48.0
4310,48.0
4311,23.0
4312,13.0
4313,12.0
4314,11.0
4315,8.0
4316,7.0
4317,8.0
4318,9.0
4319,9.0
4320,8.0
4321,8.0
4322,8.0
4323,5.0
4324,7.0
4325,7.0
4326,4.0
4327,6.0
4328,10.0
4329,6.0
4330,6.0
4331,6.0
4332,6.0
4333,7.0
4334,4.0
4335,2.0
4336,2.0
4337,2.0
4338,0.0
4339,0.0
4340,0.0
4341,0.0
4342,0.0
4343,0.0
4344,0.0
4345,3.0
4346,3.0
4347,2.0
4348,2.0
4349,2.0
4350,2.0
4351,2.0
4352,2.0
4353,1.0
4354,0.0
4355,1.0
4356,1.0
4357,3.0
4358,3.0
4359,2.0
4360,7.0
4361,3.0
4362,0.0
4363,0.0
4364,14.0
4365,14.0
4366,14.0
4367,13.0
4368,9.0
4369,6.0
4370,6.0
4371,7.0
4372,5.0
4373,4.0
4374,6.0
4375,7.0
4376,8.0
4377,7.0
4378,7.0
4379,8.0
4380,10.0
4381,28.0
4382,45.0
4383,46.0
4384,48.0
4385,50.0
4386,49.0
4387,37.0
4388,47.0
4389,48.0
4390,26.0
4391,12.0
4392,11.0
4393,8.0
4394,8.0
4395,6.0
4396,6.0
4397,2.0
4398,3.0
4399,3.0
4400,4.0
4401,3.0
4402,4.0
4403,4.0
4404,7.0
4405,5.0
4406,6.0
4407,6.0
4408,6.0
4409,7.0
4410,7.0
4411,8.0
4412,7.0
4413,6.0
4414,3.0
4415,2.0
4416,2.0
4417,2.0
4418,0.0
4419,0.0
4420,0.0
4421,0.0
4422,0.0
4423,0.0
4424,0.0
4425,3.0
4426,3.0
4427,3.0
4428,2.0
4429,2.0
4430,1.0
4431,2.0
4432,2.0
4433,2.0
4434,1.0
4435,3.0
4436,3.0
4437,2.0
4438,2.0
4439,3.0
4440,0.0
4441,0.0
4442,14.0
4443,14.0
4444,14.0
4445,0.0
4446,13.0
4447,10.0
4448,5.0
4449,7.0
4450,7.0
4451,8.0
4452,5.0
4453,7.0
4454,6.0
4455,7.0
4456,6.0
4457,6.0
4458,9.0
4459,10.0
4460,30.0
4461,43.0
4462,44.0
4463,46.0
4464,48.0
4465,39.0
4466,46.0
4467,46.0
4468,47.0
4469,26.0
4470,12.0
4471,9.0
4472,8.0
4473,6.0
4474,5.0
4475,4.0
4476,1.0
4477,1.0
4478,4.0
4479,4.0
4480,3.0
4481,3.0
4482,4.0
4483,7.0
4484,9.0
4485,6.0
4486,6.0
4487,7.0
4488,7.0
4489,7.0
4490,7.0
4491,7.0
4492,7.0
4493,3.0
4494,3.0
4495,2.0
4496,2.0
4497,2.0
4498,0.0
4499,0.0
4500,0.0
4501,0.0
4502,0.0
4503,2.0
4504,2.0
4505,3.0
4506,4.0
4507,4.0
4508,2.0
4509,2.0
4510,1.0
4511,2.0
4512,2.0
4513,2.0
4514,2.0
4515,2.0
4516,2.0
4517,3.0
4518,0.0
4519,0.0
4520,14.0
4521,14.0
4522,14.0
4523,0.0
4524,13.0
4525,13.0
4526,12.0
4527,6.0
4528,6.0
4529,7.0
4530,7.0
4531,5.0
4532,4.0
4533,5.0
4534,4.0
4535,4.0
4536,6.0
4537,8.0
4538,9.0
4539,15.0
4540,37.0
4541,43.0
4542,44.0
4543,35.0
4544,38.0
4545,48.0
4546,46.0
4547,46.0
4548,20.0
4549,10.0
4550,6.0
4551,6.0
4552,4.0
4553,3.0
4554,1.0
4555,1.0
4556,3.0
4557,3.0
4558,4.0
4559,4.0
4560,4.0
4561,6.0
4562,4.0
4563,7.0
4564,10.0
4565,6.0
4566,7.0
4567,9.0
4568,8.0
4569,7.0
4570,7.0
4571,0.0
4572,4.0
4573,3.0
4574,2.0
4575,2.0
4576,1.0
4577,1.0
4578,0.0
4579,0.0
4580,0.0
4581,0.0
4582,2.0
4583,2.0
4584,0.0
4585,4.0
4586,0.0
4587,2.0
4588,2.0
4589,2.0
4590,1.0
4591,2.0
4592,2.0
4593,2.0
4594,2.0
4595,2.0
4596,3.0
4597,0.0
4598,14.0
4599,14.0
4600,14.0
4601,14.0
4602,13.0
4603,13.0
4604,13.0
4605,13.0
4606,6.0
4607,6.0
4608,6.0
4609,6.0
4610,6.0
4611,3.0
4612,3.0
4613,4.0
4614,3.0
4615,3.0
4616,6.0
4617,7.0
4618,7.0
4619,33.0
4620,42.0
4621,32.0
4622,32.0
4623,44.0
4624,46.0
4625,45.0
4626,42.0
4627,14.0
4628,5.0
4629,4.0
4630,4.0
4631,4.0
4632,1.0
4633,1.0
4634,3.0
4635,3.0
4636,3.0
4637,1.0
4638,4.0
4639,4.0
4640,4.0
4641,5.0
4642,8.0
4643,8.0
4644,8.0
4645,9.0
4646,9.0
4647,8.0
4648,8.0
4649,5.0
4650,5.0
4651,3.0
4652,3.0
4653,2.0
4654,1.0
4655,1.0
4656,1.0
4657,0.0
4658,0.0
4659,0.0
4660,0.0
4661,2.0
4662,0.0
4663,0.0
4664,0.0
4665,0.0
4666,2.0
4667,2.0
4668,2.0
4669,2.0
4670,1.0
4671,2.0
4672,2.0
4673,2.0
4674,2.0
4675,2.0
4676,14.0
4677,14.0
4678,14.0
4679,14.0
4680,14.0
4681,13.0
4682,13.0
4683,13.0
4684,11.0
4685,6.0
4686,6.0
4687,6.0
4688,6.0
4689,4.0
4690,3.0
4691,3.0
4692,3.0
4693,2.0
4694,3.0
4695,5.0
4696,6.0
4697,6.0
4698,14.0
4699,37.0
4700,42.0
4701,41.0
4702,42.0
4703,42.0
4704,40.0
4705,11.0
4706,4.0
4707,4.0
4708,3.0
4709,4.0
4710,4.0
4711,3.0
4712,3.0
4713,3.0
4714,3.0
4715,1.0
4716,2.0
4717,4.0
4718,4.0
4719,4.0
4720,4.0
4721,7.0
4722,8.0
4723,10.0
4724,8.0
4725,8.0
4726,8.0
4727,0.0
4728,0.0
4729,5.0
4730,3.0
4731,3.0
4732,1.0
4733,1.0
4734,1.0
4735,1.0
4736,1.0
4737,0.0
4738,0.0
4739,0.0
4740,2.0
4741,0.0
4742,0.0
4743,0.0
4744,0.0
4745,2.0
4746,2.0
4747,2.0
4748,2.0
4749,1.0
4750,1.0
4751,2.0
4752,2.0
4753,2.0
4754,2.0
4755,5.0
4756,14.0
4757,14.0
4758,14.0
4759,14.0
4760,13.0
4761,13.0
4762,14.0
4763,10.0
4764,7.0
4765,7.0
4766,6.0
4767,4.0
4768,4.0
4769,3.0
4770,3.0
4771,3.0
4772,3.0
4773,3.0
4774,5.0
4775,8.0
4776,8.0
4777,8.0
4778,10.0
4779,31.0
4780,39.0
4781,39.0
4782,29.0
4783,9.0
4784,4.0
4785,3.0
4786,3.0
4787,3.0
4788,4.0
4789,4.0
4790,4.0
4791,3.0
4792,3.0
4793,1.0
4794,1.0
4795,2.0
4796,4.0
4797,4.0
4798,4.0
4799,4.0
4800,4.0
4801,7.0
4802,8.0
4803,8.0
4804,8.0
4805,6.0
4806,0.0
4807,7.0
4808,6.0
4809,3.0
4810,2.0
4811,1.0
4812,1.0
4813,1.0
4814,1.0
4815,0.0
4816,0.0
4817,0.0
4818,0.0
4819,2.0
4820,0.0
4821,0.0
4822,0.0
4823,0.0
4824,2.0
4825,2.0
4826,2.0
4827,2.0
4828,2.0
4829,1.0
4830,1.0
4831,1.0
4832,2.0
4833,2.0
4834,2.0
4835,10.0
4836,14.0
4837,14.0
4838,14.0
4839,13.0
4840,15.0
4841,13.0
4842,8.0
4843,7.0
4844,7.0
4845,5.0
4846,4.0
4847,4.0
4848,3.0
4849,3.0
4850,3.0
4851,3.0
4852,3.0
4853,3.0
4854,8.0
4855,8.0
4856,8.0
4857,8.0
4858,8.0
4859,7.0
4860,8.0
4861,4.0
4862,3.0
4863,3.0
4864,3.0
4865,3.0
4866,3.0
4867,4.0
4868,4.0
4869,4.0
4870,3.0
4871,3.0
4872,1.0
4873,3.0
4874,0.0
4875,5.0
4876,5.0
4877,5.0
4878,4.0
4879,4.0
4880,6.0
4881,6.0
4882,7.0
4883,8.0
4884,7.0
4885,7.0
4886,5.0
4887,4.0
4888,2.0
4889,2.0
4890,1.0
4891,1.0
4892,1.0
4893,0.0
4894,0.0
4895,0.0
4896,0.0
4897,0.0
4898,2.0
4899,0.0
4900,0.0
4901,0.0
4902,0.0
4903,2.0
4904,2.0
4905,2.0
4906,2.0
4907,2.0
4908,1.0
4909,1.0
4910,1.0
4911,1.0
4912,2.0
4913,2.0
4914,4.0
4915,9.0
4916,10.0
4917,14.0
4918,12.0
4919,13.0
4920,7.0
4921,8.0
4922,8.0
4923,5.0
4924,5.0
4925,5.0
4926,3.0
4927,3.0
4928,3.0
4929,1.0
4930,3.0
4931,3.0
4932,5.0
4933,7.0
4934,7.0
4935,8.0
4936,8.0
4937,8.0
4938,8.0
4939,5.0
4940,6.0
4941,3.0
4942,5.0
4943,3.0
4944,3.0
4945,3.0
4946,4.0
4947,5.0
4948,5.0
4949,3.0
4950,3.0
4951,5.0
4952,3.0
4953,5.0
4954,5.0
4955,5.0
4956,5.0
4957,5.0
4958,5.0
4959,5.0
4960,5.0
4961,4.0
4962,5.0
4963,5.0
4964,5.0
4965,4.0
4966,3.0
4967,2.0
4968,1.0
4969,1.0
4970,1.0
4971,1.0
4972,0.0
4973,0.0
4974,0.0
4975,0.0
4976,0.0
4977,2.0
4978,0.0
4979,0.0
4980,0.0
4981,2.0
4982,2.0
4983,2.0
4984,2.0
4985,2.0
4986,1.0
4987,1.0
4988,1.0
4989,1.0
4990,0.0
4991,0.0
4992,2.0
4993,2.0
4994,2.0
4995,3.0
4996,4.0
4997,5.0
4998,4.0
4999,7.0
5000,7.0
5001,6.0
5002,6.0
5003,5.0
5004,4.0
5005,3.0
5006,3.0
5007,2.0
5008,1.0
5009,2.0
5010,3.0
5011,4.0
5012,5.0
5013,5.0
5014,5.0
5015,6.0
5016,6.0
5017,5.0
5018,5.0
5019,7.0
5020,5.0
5021,5.0
5022,5.0
5023,5.0
5024,4.0
5025,6.0
5026,6.0
5027,7.0
5028,4.0
5029,4.0
5030,5.0
5031,4.0
5032,5.0
5033,5.0
5034,5.0
5035,5.0
5036,5.0
5037,5.0
5038,5.0
5039,4.0
5040,3.0
5041,3.0
5042,4.0
5043,4.0
5044,3.0
5045,3.0
5046,1.0
5047,1.0
5048,1.0
5049,2.0
5050,2.0
5051,1.0
5052,2.0
5053,2.0
5054,0.0
5055,0.0
5056,2.0
5057,0.0
5058,0.0
5059,2.0
5060,2.0
5061,2.0
5062,3.0
5063,0.0
5064,0.0
5065,4.0
5066,3.0
5067,1.0
5068,1.0
5069,1.0
5070,0.0
5071,1.0
5072,2.0
5073,2.0
5074,3.0
5075,4.0
5076,6.0
5077,6.0
5078,6.0
5079,6.0
5080,5.0
5081,5.0
5082,5.0
5083,4.0
5084,4.0
5085,2.0
5086,1.0
5087,1.0
5088,2.0
5089,2.0
5090,5.0
5091,5.0
5092,5.0
5093,5.0
5094,6.0
5095,6.0
5096,5.0
5097,6.0
5098,6.0
5099,5.0
5100,5.0
5101,5.0
5102,5.0
5103,0.0
5104,6.0
5105,6.0
5106,6.0
5107,5.0
5108,6.0
5109,3.0
5110,4.0
5111,2.0
5112,5.0
5113,5.0
5114,5.0
5115,5.0
5116,5.0
5117,5.0
5118,4.0
5119,3.0
5120,3.0
5121,3.0
5122,3.0
5123,3.0
5124,3.0
5125,2.0
5126,2.0
5127,3.0
5128,2.0
5129,2.0
5130,2.0
5131,2.0
5132,2.0
5133,2.0
5134,0.0
5135,1.0
5136,1.0
5137,2.0
5138,2.0
5139,2.0
5140,0.0
5141,0.0
5142,0.0
5143,4.0
5144,4.0
5145,4.0
5146,3.0
5147,1.0
5148,1.0
5149,1.0
5150,1.0
5151,1.0
5152,2.0
5153,5.0
5154,5.0
5155,6.0
5156,6.0
5157,6.0
5158,6.0
5159,6.0
5160,4.0
5161,4.0
5162,3.0
5163,1.0
5164,1.0
5165,1.0
5166,1.0
5167,2.0
5168,3.0
5169,5.0
5170,5.0
5171,5.0
5172,5.0
5173,5.0
5174,5.0
5175,5.0
5176,6.0
5177,6.0
5178,5.0
5179,5.0
5180,6.0
5181,3.0
5182,5.0
5183,5.0
5184,6.0
5185,5.0
5186,5.0
5187,6.0
5188,4.0
5189,4.0
5190,5.0
5191,3.0
5192,3.0
5193,3.0
5194,3.0
5195,3.0
5196,4.0
5197,3.0
5198,3.0
5199,3.0
5200,3.0
5201,3.0
5202,3.0
5203,3.0
5204,2.0
5205,3.0
5206,3.0
5207,2.0
5208,2.0
5209,2.0
5210,2.0
5211,2.0
5212,2.0
5213,2.0
5214,1.0
5215,1.0
5216,1.0
5217,1.0
5218,3.0
5219,0.0
5220,0.0
5221,4.0
5222,4.0
5223,4.0
5224,0.0
5225,0.0
5226,2.0
5227,1.0
5228,1.0
5229,1.0
5230,1.0
5231,1.0
5232,5.0
5233,5.0
5234,6.0
5235,0.0
5236,6.0
5237,6.0
5238,6.0
5239,4.0
5240,4.0
5241,2.0
5242,1.0
5243,1.0
5244,1.0
5245,1.0
5246,2.0
5247,3.0
5248,3.0
5249,5.0
5250,5.0
5251,5.0
5252,5.0
5253,4.0
5254,4.0
5255,6.0
5256,4.0
5257,4.0
5258,5.0
5259,3.0
5260,3.0
5261,3.0
5262,5.0
5263,5.0
5264,5.0
5265,5.0
5266,6.0
5267,6.0
5268,3.0
5269,5.0
5270,6.0
5271,6.0
5272,3.0
5273,3.0
5274,5.0
5275,3.0
5276,3.0
5277,3.0
5278,3.0
5279,3.0
5280,4.0
5281,5.0
5282,3.0
5283,4.0
5284,4.0
5285,3.0
5286,3.0
5287,2.0
5288,2.0
5289,2.0
5290,2.0
5291,2.0
5292,2.0
5293,1.0
5294,1.0
5295,1.0
5296,1.0
5297,4.0
5298,4.0
5299,4.0
5300,4.0
5301,4.0
5302,0.0
5303,0.0
5304,0.0
5305,3.0
5306,1.0
5307,1.0
5308,1.0
5309,1.0
5310,3.0
5311,4.0
5312,5.0
5313,5.0
5314,0.0
5315,0.0
5316,6.0
5317,6.0
5318,6.0
5319,3.0
5320,2.0
5321,1.0
5322,1.0
5323,1.0
5324,2.0
5325,2.0
5326,2.0
5327,7.0
5328,10.0
5329,7.0
5330,7.0
5331,4.0
5332,4.0
5333,6.0
5334,6.0
5335,4.0
5336,4.0
5337,5.0
5338,7.0
5339,7.0
5340,7.0
5341,7.0
5342,5.0
5343,5.0
5344,5.0
5345,6.0
5346,6.0
5347,3.0
5348,4.0
5349,4.0
5350,4.0
5351,4.0
5352,4.0
5353,4.0
5354,3.0
5355,1.0
5356,3.0
5357,4.0
5358,5.0
5359,5.0
5360,4.0
5361,5.0
5362,5.0
5363,4.0
5364,4.0
5365,4.0
5366,3.0
5367,3.0
5368,3.0
5369,2.0
5370,2.0
5371,2.0
5372,1.0
5373,1.0
5374,1.0
5375,1.0
5376,4.0
5377,4.0
5378,4.0
5379,4.0
5380,0.0
5381,0.0
5382,0.0
5383,4.0
5384,4.0
5385,1.0
5386,1.0
5387,1.0
5388,1.0
5389,3.0
5390,4.0
5391,4.0
5392,4.0
5393,5.0
5394,0.0
5395,0.0
5396,6.0
5397,0.0
5398,2.0
5399,1.0
5400,1.0
5401,1.0
5402,2.0
5403,2.0
5404,5.0
5405,6.0
5406,5.0
5407,5.0
5408,7.0
5409,9.0
5410,6.0
5411,4.0
5412,4.0
5413,4.0
5414,5.0
5415,5.0
5416,5.0
5417,4.0
5418,4.0
5419,7.0
5420,7.0
5421,5.0
5422,5.0
5423,5.0
5424,5.0
5425,6.0
5426,4.0
5427,4.0
5428,4.0
5429,5.0
5430,5.0
5431,5.0
5432,3.0
5433,1.0
5434,1.0
5435,3.0
5436,4.0
5437,5.0
5438,5.0
5439,5.0
5440,5.0
5441,5.0
5442,6.0
5443,5.0
5444,5.0
5445,3.0
5446,12.0
5447,11.0
5448,11.0
5449,14.0
5450,2.0
5451,1.0
5452,1.0
5453,1.0
5454,1.0
5455,4.0
5456,4.0
5457,4.0
5458,0.0
5459,0.0
5460,4.0
5461,4.0
5462,4.0
5463,4.0
5464,1.0
5465,2.0
5466,4.0
5467,4.0
5468,7.0
5469,7.0
5470,6.0
5471,4.0
5472,4.0
5473,4.0
5474,0.0
5475,0.0
5476,4.0
5477,1.0
5478,1.0
5479,1.0
5480,2.0
5481,7.0
5482,10.0
5483,0.0
5484,0.0
5485,13.0
5486,8.0
5487,5.0
5488,7.0
5489,7.0
5490,4.0
5491,3.0
5492,5.0
5493,5.0
5494,5.0
5495,5.0
5496,4.0
5497,4.0
5498,4.0
5499,7.0
5500,5.0
5501,6.0
5502,6.0
5503,6.0
5504,7.0
5505,4.0
5506,5.0
5507,5.0
5508,5.0
5509,5.0
5510,5.0
5511,4.0
5512,3.0
5513,1.0
5514,3.0
5515,4.0
5516,5.0
5517,5.0
5518,5.0
5519,5.0
5520,5.0
5521,7.0
5522,5.0
5523,6.0
5524,16.0
5525,21.0
5526,16.0
5527,15.0
5528,15.0
5529,19.0
5530,1.0
5531,2.0
5532,2.0
5533,2.0
5534,4.0
5535,4.0
5536,4.0
5537,4.0
5538,4.0
5539,4.0
5540,4.0
5541,4.0
5542,3.0
5543,1.0
5544,4.0
5545,5.0
5546,5.0
5547,7.0
5548,7.0
5549,7.0
5550,6.0
5551,5.0
5552,4.0
5553,4.0
5554,3.0
5555,3.0
5556,1.0
5557,1.0
5558,2.0
5559,6.0
5560,10.0
5561,11.0
5562,0.0
5563,0.0
5564,0.0
5565,13.0
5566,9.0
5567,7.0
5568,7.0
5569,4.0
5570,3.0
5571,5.0
5572,5.0
5573,5.0
5574,5.0
5575,5.0
5576,4.0
5577,4.0
5578,7.0
5579,6.0
5580,6.0
5581,2.0
5582,6.0
5583,3.0
5584,4.0
5585,5.0
5586,5.0
5587,5.0
5588,4.0
5589,4.0
5590,4.0
5591,4.0
5592,4.0
5593,5.0
5594,6.0
5595,7.0
5596,5.0
5597,6.0
5598,11.0
5599,12.0
5600,13.0
5601,11.0
5602,21.0
5603,21.0
5604,22.0
5605,22.0
5606,16.0
5607,15.0
5608,20.0
5609,2.0
5610,2.0
5611,2.0
5612,2.0
5613,3.0
5614,0.0
5615,4.0
5616,4.0
5617,4.0
5618,4.0
5619,4.0
5620,4.0
5621,1.0
5622,4.0
5623,4.0
5624,5.0
5625,5.0
5626,5.0
5627,7.0
5628,7.0
5629,7.0
5630,4.0
5631,3.0
5632,3.0
5633,3.0
5634,1.0
5635,1.0
5636,2.0
5637,2.0
5638,9.0
5639,10.0
5640,12.0
5641,0.0
5642,0.0
5643,0.0
5644,0.0
5645,15.0
5646,7.0
5647,7.0
5648,6.0
5649,4.0
5650,3.0
5651,5.0
5652,5.0
5653,5.0
5654,5.0
5655,7.0
5656,6.0
5657,7.0
5658,6.0
5659,2.0
5660,6.0
5661,5.0
5662,3.0
5663,5.0
5664,5.0
5665,4.0
5666,4.0
5667,7.0
5668,7.0
5669,5.0
5670,6.0
5671,6.0
5672,5.0
5673,6.0
5674,8.0
5675,8.0
5676,12.0
5677,11.0
5678,12.0
5679,13.0
5680,13.0
5681,19.0
5682,19.0
5683,22.0
5684,22.0
5685,22.0
5686,16.0
5687,20.0
5688,2.0
5689,2.0
5690,2.0
5691,2.0
5692,2.0
5693,4.0
5694,5.0
5695,4.0
5696,4.0
5697,4.0
5698,5.0
5699,4.0
5700,2.0
5701,4.0
5702,5.0
5703,5.0
5704,5.0
5705,5.0
5706,0.0
5707,7.0
5708,7.0
5709,5.0
5710,4.0
5711,3.0
5712,3.0
5713,1.0
5714,2.0
5715,2.0
5716,5.0
5717,10.0
5718,11.0
5719,11.0
5720,0.0
5721,0.0
5722,0.0
5723,2.0
5724,2.0
5725,10.0
5726,7.0
5727,6.0
5728,4.0
5729,3.0
5730,3.0
5731,3.0
5732,3.0
5733,3.0
5734,3.0
5735,4.0
5736,6.0
5737,1.0
5738,5.0
5739,3.0
5740,3.0
5741,3.0
5742,4.0
5743,7.0
5744,9.0
5745,15.0
5746,20.0
5747,20.0
5748,17.0
5749,12.0
5750,5.0
5751,5.0
5752,6.0
5753,7.0
5754,8.0
5755,14.0
5756,12.0
5757,14.0
5758,14.0
5759,14.0
5760,27.0
5761,19.0
5762,19.0
5763,22.0
5764,22.0
5765,22.0
5766,20.0
5767,0.0
5768,0.0
5769,0.0
5770,3.0
5771,2.0
5772,2.0
5773,3.0
5774,4.0
5775,4.0
5776,6.0
5777,2.0
5778,2.0
5779,2.0
5780,5.0
5781,0.0
5782,5.0
5783,5.0
5784,5.0
5785,5.0
5786,5.0
5787,7.0
5788,6.0
5789,4.0
5790,1.0
5791,1.0
5792,1.0
5793,1.0
5794,2.0
5795,5.0
5796,10.0
5797,10.0
5798,11.0
5799,0.0
5800,0.0
5801,0.0
5802,2.0
5803,2.0
5804,11.0
5805,7.0
5806,6.0
5807,3.0
5808,3.0
5809,3.0
5810,3.0
5811,3.0
5812,3.0
5813,3.0
5814,4.0
5815,4.0
5816,3.0
5817,3.0
5818,3.0
5819,3.0
5820,5.0
5821,6.0
5822,8.0
5823,22.0
5824,22.0
5825,22.0
5826,20.0
5827,22.0
5828,22.0
5829,13.0
5830,7.0
5831,7.0
5832,8.0
5833,14.0
5834,13.0
5835,13.0
5836,12.0
5837,13.0
5838,13.0
5839,28.0
5840,27.0
5841,19.0
5842,22.0
5843,22.0
5844,22.0
5845,20.0
5846,0.0
5847,0.0
5848,0.0
5849,4.0
5850,4.0
5851,2.0
5852,2.0
5853,2.0
5854,3.0
5855,3.0
5856,3.0
5857,3.0
5858,2.0
5859,5.0
5860,6.0
5861,0.0
5862,5.0
5863,5.0
5864,5.0
5865,5.0
5866,5.0
5867,3.0
5868,2.0
5869,1.0
5870,1.0
5871,1.0
5872,1.0
5873,1.0
5874,5.0
5875,10.0
5876,10.0
5877,11.0
5878,0.0
5879,0.0
5880,2.0
5881,2.0
5882,2.0
5883,11.0
5884,7.0
5885,4.0
5886,3.0
5887,3.0
5888,3.0
5889,3.0
5890,3.0
5891,3.0
5892,3.0
5893,4.0
5894,3.0
5895,3.0
5896,3.0
5897,3.0
5898,5.0
5899,5.0
5900,7.0
5901,22.0
5902,21.0
5903,21.0
5904,22.0
5905,22.0
5906,22.0
5907,22.0
5908,22.0
5909,7.0
5910,8.0
5911,9.0
5912,14.0
5913,14.0
5914,13.0
5915,12.0
5916,13.0
5917,12.0
5918,19.0
5919,27.0
5920,28.0
5921,23.0
5922,23.0
5923,23.0
5924,21.0
5925,0.0
5926,0.0
5927,4.0
5928,4.0
5929,4.0
5930,3.0
5931,4.0
5932,3.0
5933,4.0
5934,4.0
5935,3.0
5936,3.0
5937,3.0
5938,5.0
5939,6.0
5940,6.0
5941,5.0
5942,5.0
5943,5.0
5944,5.0
5945,5.0
5946,2.0
5947,2.0
5948,1.0
5949,1.0
5950,1.0
5951,1.0
5952,1.0
5953,1.0
5954,10.0
5955,10.0
5956,11.0
5957,11.0
5958,2.0
5959,2.0
5960,2.0
5961,2.0
5962,7.0
5963,7.0
5964,3.0
5965,3.0
5966,3.0
5967,2.0
5968,3.0
5969,3.0
5970,3.0
5971,1.0
5972,2.0
5973,3.0
5974,3.0
5975,3.0
5976,3.0
5977,5.0
5978,5.0
5979,7.0
5980,24.0
5981,23.0
5982,23.0
5983,23.0
5984,24.0
5985,22.0
5986,23.0
5987,21.0
5988,12.0
5989,7.0
5990,9.0
5991,13.0
5992,14.0
5993,14.0
5994,11.0
5995,11.0
5996,11.0
5997,18.0
5998,28.0
5999,28.0
6000,23.0
6001,23.0
6002,22.0
6003,21.0
6004,0.0
6005,4.0
6006,4.0
6007,4.0
6008,5.0
6009,6.0
6010,4.0
6011,4.0
6012,4.0
6013,4.0
6014,4.0
6015,3.0
6016,3.0
6017,5.0
6018,5.0
6019,6.0
6020,5.0
6021,5.0
6022,5.0
6023,5.0
6024,5.0
6025,2.0
6026,1.0
6027,1.0
6028,1.0
6029,1.0
6030,1.0
6031,1.0
6032,1.0
6033,5.0
6034,10.0
6035,10.0
6036,11.0
6037,13.0
6038,14.0
6039,2.0
6040,9.0
6041,3.0
6042,3.0
6043,3.0
6044,3.0
6045,2.0
6046,2.0
6047,2.0
6048,3.0
6049,1.0
6050,1.0
6051,2.0
6052,3.0
6053,3.0
6054,3.0
6055,4.0
6056,5.0
6057,5.0
6058,8.0
6059,18.0
6060,23.0
6061,23.0
6062,24.0
6063,24.0
6064,24.0
6065,23.0
6066,22.0
6067,18.0
6068,8.0
6069,8.0
6070,12.0
6071,12.0
6072,11.0
6073,9.0
6074,10.0
6075,10.0
6076,13.0
6077,27.0
6078,28.0
6079,22.0
6080,22.0
6081,22.0
6082,16.0
6083,4.0
6084,4.0
6085,4.0
6086,4.0
6087,5.0
6088,6.0
6089,4.0
6090,4.0
6091,4.0
6092,4.0
6093,4.0
6094,0.0
6095,3.0
6096,3.0
6097,4.0
6098,6.0
6099,5.0
6100,5.0
6101,5.0
6102,5.0
6103,2.0
6104,2.0
6105,1.0
6106,1.0
6107,1.0
6108,0.0
6109,0.0
6110,1.0
6111,1.0
6112,1.0
6113,6.0
6114,10.0
6115,10.0
6116,10.0
6117,10.0
6118,8.0
6119,4.0
6120,3.0
6121,3.0
6122,3.0
6123,2.0
6124,2.0
6125,2.0
6126,1.0
6127,1.0
6128,1.0
6129,2.0
6130,2.0
6131,3.0
6132,2.0
6133,3.0
6134,5.0
6135,5.0
6136,7.0
6137,8.0
6138,17.0
6139,18.0
6140,23.0
6141,24.0
6142,24.0
6143,24.0
6144,22.0
6145,21.0
6146,20.0
6147,7.0
6148,8.0
6149,8.0
6150,12.0
6151,10.0
6152,6.0
6153,9.0
6154,10.0
6155,10.0
6156,10.0
6157,21.0
6158,22.0
6159,22.0
6160,20.0
6161,11.0
6162,4.0
6163,4.0
6164,4.0
6165,5.0
6166,5.0
6167,6.0
6168,3.0
6169,3.0
6170,4.0
6171,4.0
6172,4.0
6173,0.0
6174,3.0
6175,3.0
6176,2.0
6177,2.0
6178,3.0
6179,4.0
6180,2.0
6181,2.0
6182,2.0
6183,1.0
6184,1.0
6185,1.0
6186,0.0
6187,0.0
6188,0.0
6189,0.0
6190,1.0
6191,1.0
6192,2.0
6193,4.0
6194,7.0
6195,5.0
6196,4.0
6197,3.0
6198,3.0
6199,3.0
6200,3.0
6201,0.0
6202,0.0
6203,2.0
6204,2.0
6205,1.0
6206,1.0
6207,1.0
6208,1.0
6209,2.0
6210,1.0
6211,2.0
6212,3.0
6213,5.0
6214,5.0
6215,6.0
6216,7.0
6217,17.0
6218,17.0
6219,17.0
6220,23.0
6221,18.0
6222,21.0
6223,24.0
6224,21.0
6225,8.0
6226,7.0
6227,8.0
6228,8.0
6229,6.0
6230,6.0
6231,5.0
6232,5.0
6233,9.0
6234,10.0
6235,5.0
6236,5.0
6237,4.0
6238,6.0
6239,5.0
6240,3.0
6241,3.0
6242,4.0
6243,4.0
6244,5.0
6245,5.0
6246,4.0
6247,3.0
6248,3.0
6249,4.0
6250,4.0
6251,0.0
6252,0.0
6253,3.0
6254,3.0
6255,2.0
6256,2.0
6257,1.0
6258,1.0
6259,1.0
6260,1.0
6261,1.0
6262,1.0
6263,1.0
6264,0.0
6265,0.0
6266,0.0
6267,0.0
6268,0.0
6269,0.0
6270,2.0
6271,2.0
6272,2.0
6273,2.0
6274,2.0
6275,3.0
6276,3.0
6277,3.0
6278,3.0
6279,0.0
6280,0.0
6281,0.0
6282,0.0
6283,2.0
6284,1.0
6285,1.0
6286,1.0
6287,1.0
6288,1.0
6289,2.0
6290,2.0
6291,2.0
6292,2.0
6293,4.0
6294,6.0
6295,7.0
6296,14.0
6297,17.0
6298,17.0
6299,18.0
6300,18.0
6301,16.0
6302,22.0
6303,20.0
6304,6.0
6305,6.0
6306,7.0
6307,5.0
6308,5.0
6309,5.0
6310,4.0
6311,7.0
6312,7.0
6313,4.0
6314,3.0
6315,3.0
6316,3.0
6317,3.0
6318,3.0
6319,3.0
