Grid_Number,Grid_Population,Status
0,208,0
1,1502,0
2,0,0
3,0,0
4,0,0
5,0,0
6,27,0
7,207,0
8,194,0
9,0,0
10,0,0
11,0,0
12,0,0
13,0,0
14,0,0
15,0,0
16,0,0
17,0,0
18,0,0
19,0,0
20,0,0
21,0,0
22,0,0
23,0,0
24,0,0
25,0,0
26,0,0
27,0,0
28,0,0
29,0,0
30,0,0
31,0,0
32,0,0
33,0,0
34,0,0
35,0,0
36,0,0
37,0,0
38,0,0
39,10,0
40,1040,0
41,44,0
42,0,0
43,0,0
44,0,0
45,0,0
46,213,0
47,928,0
48,21,0
49,2276,0
50,90,0
51,374,0
52,0,0
53,309,0
54,0,0
55,0,0
56,0,0
57,1428,1
58,4568,0
59,4685,0
60,6314,0
61,4768,0
62,0,0
63,855,0
64,0,0
65,0,0
66,1833,0
67,1390,0
68,1508,0
69,277,0
70,0,0
71,2789,0
72,618,0
73,879,0
74,1767,0
75,2011,0
76,1175,0
77,1172,0
78,4689,0
79,311,0
80,1122,0
81,0,0
82,0,0
83,560,0
84,150,0
85,1026,0
86,1655,0
87,1222,0
88,0,0
89,0,0
90,0,0
91,0,0
92,0,0
93,0,0
94,0,0
95,0,0
96,0,0
97,0,0
98,835,0
99,323,0
100,0,0
101,0,0
102,0,0
103,0,0
104,0,0
105,0,0
106,0,0
107,0,0
108,0,0
109,0,0
110,0,0
111,0,0
112,0,0
113,0,0
114,0,0
115,0,0
116,0,0
117,0,0
118,403,0
119,128,0
120,0,0
121,0,0
122,0,0
123,0,0
124,38,0
125,16,0
126,0,0
127,0,0
128,1589,0
129,617,0
130,3367,0
131,1461,0
132,966,0
133,0,0
134,1313,0
135,259,1
136,2383,1
137,3558,1
138,3426,0
139,2837,0
140,0,0
141,0,0
142,0,0
143,706,0
144,26,0
145,347,0
146,0,0
147,29,0
148,162,0
149,565,0
150,489,0
151,1021,0
152,117,0
153,1400,0
154,1020,0
155,2059,0
156,9328,0
157,10730,0
158,1969,0
159,2220,0
160,766,0
161,0,0
162,348,0
163,121,0
164,105,0
165,12,0
166,785,0
167,0,0
168,0,0
169,0,0
170,0,0
171,0,0
172,0,0
173,0,0
174,0,0
175,0,0
176,0,0
177,0,0
178,0,0
179,0,0
180,0,0
181,0,0
182,0,0
183,0,0
184,0,0
185,0,0
186,0,0
187,0,0
188,0,0
189,0,0
190,0,0
191,0,0
192,0,0
193,0,0
194,0,0
195,0,0
196,0,0
197,411,0
198,134,0
199,0,0
200,0,0
201,0,0
202,0,0
203,0,0
204,21,0
205,0,0
206,1637,0
207,53,0
208,325,0
209,2255,0
210,1346,0
211,1772,0
212,490,0
213,205,0
214,1270,1
215,877,1
216,573,0
217,0,0
218,0,0
219,0,0
220,0,0
221,0,0
222,2316,0
223,1352,0
224,577,0
225,0,0
226,0,0
227,0,0
228,2003,0
229,0,0
230,194,0
231,1428,0
232,1368,0
233,358,0
234,2740,0
235,8926,0
236,8891,0
237,2062,0
238,2303,0
239,1573,0
240,0,0
241,65,0
242,401,0
243,110,0
244,617,0
245,139,0
246,0,0
247,0,0
248,0,0
249,0,0
250,0,0
251,0,0
252,0,0
253,0,0
254,0,0
255,0,0
256,0,0
257,0,0
258,0,0
259,0,0
260,0,0
261,0,0
262,0,0
263,0,0
264,0,0
265,0,0
266,0,0
267,0,0
268,0,0
269,0,0
270,0,0
271,555,0
272,30,0
273,0,0
274,0,0
275,0,0
276,0,0
277,0,0
278,0,0
279,0,0
280,0,0
281,0,0
282,360,0
283,228,0
284,0,0
285,362,0
286,0,0
287,0,0
288,1051,0
289,0,0
290,0,0
291,1235,0
292,187,0
293,987,1
294,2230,1
295,1916,0
296,1739,1
297,745,1
298,64,1
299,74,1
300,924,0
301,466,0
302,1078,0
303,2292,0
304,1858,0
305,1129,0
306,0,0
307,1696,0
308,915,0
309,641,0
310,5840,0
311,5209,0
312,2333,0
313,1283,0
314,6558,0
315,7091,0
316,117,0
317,489,0
318,666,0
319,136,0
320,229,0
321,1244,0
322,475,0
323,1301,0
324,1774,0
325,0,0
326,0,0
327,0,0
328,0,0
329,0,0
330,0,0
331,0,0
332,0,0
333,0,0
334,0,0
335,0,0
336,0,0
337,0,0
338,0,0
339,0,0
340,0,0
341,0,0
342,310,0
343,405,0
344,0,0
345,0,0
346,0,0
347,0,0
348,0,0
349,0,0
350,494,0
351,38,0
352,0,0
353,0,0
354,0,0
355,0,0
356,0,0
357,0,0
358,0,0
359,0,0
360,0,0
361,0,0
362,0,0
363,1257,0
364,1187,0
365,174,0
366,1841,0
367,2002,0
368,47,0
369,670,0
370,142,0
371,414,0
372,2989,0
373,1686,1
374,606,1
375,1831,1
376,882,1
377,65,1
378,582,1
379,145,0
380,0,0
381,109,0
382,0,0
383,0,0
384,45,0
385,799,0
386,2473,0
387,943,0
388,0,0
389,0,0
390,704,0
391,192,0
392,406,0
393,9634,0
394,8332,0
395,0,0
396,557,0
397,966,0
398,114,0
399,0,0
400,0,0
401,938,0
402,1650,0
403,626,0
404,0,0
405,0,0
406,0,0
407,0,0
408,0,0
409,0,0
410,0,0
411,0,0
412,0,0
413,0,0
414,0,0
415,0,0
416,0,0
417,733,0
418,0,0
419,0,0
420,0,0
421,115,0
422,121,0
423,440,0
424,138,0
425,0,0
426,0,0
427,0,0
428,0,0
429,51,0
430,0,0
431,0,0
432,0,0
433,0,0
434,0,0
435,0,0
436,0,0
437,0,0
438,0,0
439,0,0
440,0,0
441,1130,0
442,2314,0
443,3657,0
444,150,0
445,112,0
446,0,0
447,0,0
448,0,0
449,23,0
450,15,0
451,1137,0
452,691,1
453,2364,1
454,887,1
455,1298,1
456,0,0
457,632,1
458,0,0
459,615,0
460,3390,0
461,187,0
462,0,0
463,1117,0
464,1255,0
465,945,0
466,847,0
467,0,0
468,0,0
469,0,0
470,0,0
471,0,0
472,4567,0
473,6444,0
474,187,0
475,440,0
476,556,0
477,167,0
478,620,0
479,690,0
480,0,0
481,1920,0
482,1819,0
483,34,0
484,376,0
485,0,0
486,0,0
487,0,0
488,0,0
489,0,0
490,0,0
491,63,0
492,0,0
493,0,0
494,0,0
495,0,0
496,507,0
497,0,0
498,0,0
499,1340,0
500,1436,0
501,0,0
502,1148,0
503,356,0
504,0,0
505,0,0
506,0,0
507,0,0
508,0,0
509,0,0
510,0,0
511,0,0
512,0,0
513,0,0
514,0,0
515,0,0
516,0,0
517,0,0
518,0,0
519,37,0
520,70,0
521,4862,0
522,10649,0
523,2900,0
524,0,0
525,0,0
526,12,0
527,11,0
528,1543,1
529,244,1
530,1264,1
531,562,1
532,176,1
533,558,1
534,756,1
535,149,1
536,1484,1
537,64,1
538,526,0
539,351,0
540,0,0
541,0,0
542,872,0
543,1546,0
544,466,0
545,2322,0
546,26,0
547,1177,0
548,1095,0
549,226,0
550,2897,0
551,6116,0
552,5515,0
553,32,0
554,198,0
555,0,0
556,1045,0
557,0,0
558,0,0
559,347,0
560,1004,0
561,451,0
562,23,0
563,301,0
564,0,0
565,0,0
566,0,0
567,0,0
568,0,0
569,0,0
570,568,0
571,114,0
572,0,0
573,0,0
574,0,0
575,0,0
576,0,0
577,200,0
578,3202,0
579,858,0
580,0,0
581,0,0
582,0,0
583,0,0
584,0,0
585,0,0
586,0,0
587,0,0
588,0,0
589,0,0
590,0,0
591,0,0
592,0,0
593,0,0
594,0,0
595,0,0
596,0,0
597,0,0
598,405,0
599,0,0
600,4226,0
601,2348,0
602,1828,0
603,292,0
604,0,0
605,0,0
606,137,1
607,1434,1
608,994,1
609,1079,1
610,387,1
611,0,0
612,569,1
613,669,1
614,1219,1
615,336,1
616,316,1
617,1083,0
618,1449,0
619,0,0
620,0,0
621,1184,0
622,3521,0
623,214,0
624,1902,0
625,584,0
626,3663,0
627,1308,0
628,1075,0
629,2089,0
630,625,0
631,6352,0
632,0,0
633,0,0
634,0,0
635,0,0
636,0,0
637,0,0
638,456,0
639,835,0
640,0,0
641,165,0
642,1349,0
643,0,0
644,551,0
645,99,0
646,0,0
647,0,0
648,0,0
649,0,0
650,0,0
651,0,0
652,0,0
653,0,0
654,0,0
655,0,0
656,276,0
657,2938,0
658,344,0
659,0,0
660,0,0
661,0,0
662,0,0
663,0,0
664,0,0
665,0,0
666,0,0
667,0,0
668,0,0
669,0,0
670,0,0
671,28,0
672,0,0
673,0,0
674,0,0
675,0,0
676,0,0
677,586,0
678,75,0
679,372,0
680,3216,0
681,1898,0
682,328,1
683,0,0
684,0,0
685,28,0
686,590,1
687,853,1
688,142,1
689,548,1
690,2011,1
691,2061,1
692,2301,1
693,1392,1
694,494,1
695,0,0
696,225,0
697,682,0
698,1897,0
699,1004,0
700,129,0
701,110,0
702,958,0
703,1773,0
704,1938,0
705,209,0
706,237,0
707,83,0
708,1656,0
709,491,0
710,5574,0
711,0,0
712,0,0
713,0,0
714,0,0
715,0,0
716,567,0
717,391,0
718,78,0
719,72,0
720,0,0
721,279,0
722,0,0
723,0,0
724,0,0
725,0,0
726,0,0
727,0,0
728,0,0
729,0,0
730,0,0
731,0,0
732,0,0
733,0,0
734,0,0
735,839,0
736,4883,0
737,1793,0
738,0,0
739,0,0
740,0,0
741,0,0
742,0,0
743,0,0
744,0,0
745,0,0
746,54,0
747,179,0
748,0,0
749,0,0
750,21,0
751,0,0
752,0,0
753,0,0
754,0,0
755,21,0
756,2007,0
757,1433,0
758,0,0
759,34,0
760,0,0
761,0,0
762,0,0
763,0,0
764,67,1
765,485,1
766,62,1
767,1209,1
768,2902,1
769,3852,1
770,1517,1
771,1970,1
772,1536,1
773,682,1
774,0,0
775,484,0
776,0,0
777,256,0
778,160,0
779,0,0
780,0,0
781,422,0
782,724,0
783,332,0
784,781,0
785,1108,0
786,771,0
787,717,0
788,1333,0
789,2612,0
790,828,0
791,100,0
792,0,0
793,0,0
794,0,0
795,0,0
796,369,0
797,1210,0
798,1557,0
799,0,0
800,611,0
801,235,0
802,696,0
803,28,0
804,0,0
805,0,0
806,0,0
807,0,0
808,0,0
809,70,0
810,523,0
811,0,0
812,0,0
813,1228,0
814,2097,0
815,1463,0
816,762,0
817,0,0
818,0,0
819,0,0
820,0,0
821,0,0
822,0,0
823,0,0
824,0,0
825,16,0
826,171,0
827,0,0
828,0,0
829,416,0
830,368,0
831,0,0
832,0,0
833,249,0
834,606,0
835,2684,0
836,994,0
837,0,0
838,0,0
839,0,0
840,0,0
841,0,0
842,0,0
843,462,1
844,734,1
845,351,1
846,1041,1
847,3114,1
848,4619,1
849,1674,1
850,1964,1
851,314,1
852,0,0
853,615,1
854,1298,0
855,0,0
856,669,0
857,0,0
858,154,0
859,533,0
860,1921,0
861,8647,0
862,1880,0
863,229,0
864,2095,0
865,829,0
866,556,0
867,1116,0
868,0,0
869,538,0
870,131,0
871,0,0
872,0,0
873,0,0
874,0,0
875,654,0
876,0,0
877,0,0
878,0,0
879,330,0
880,465,0
881,0,0
882,0,0
883,0,0
884,0,0
885,0,0
886,0,0
887,15,0
888,465,0
889,3679,0
890,139,0
891,0,0
892,827,0
893,405,0
894,0,0
895,0,0
896,0,0
897,0,0
898,0,0
899,0,0
900,0,0
901,0,0
902,0,0
903,0,0
904,0,0
905,0,0
906,0,0
907,0,0
908,0,0
909,0,0
910,221,0
911,378,0
912,21,0
913,293,0
914,24,0
915,0,0
916,0,0
917,0,0
918,0,0
919,0,0
920,0,0
921,0,0
922,154,1
923,317,1
924,46,1
925,2111,1
926,2790,1
927,2945,1
928,801,1
929,2207,1
930,1175,1
931,0,0
932,862,0
933,44,0
934,623,0
935,1624,0
936,0,0
937,562,0
938,2982,0
939,349,0
940,4909,0
941,990,0
942,0,0
943,2290,0
944,1839,0
945,3086,0
946,2404,0
947,1419,0
948,0,0
949,309,0
950,674,0
951,0,0
952,21,0
953,895,0
954,98,0
955,0,0
956,0,0
957,0,0
958,676,0
959,1390,0
960,0,0
961,0,0
962,0,0
963,0,0
964,0,0
965,0,0
966,995,0
967,70,0
968,2922,0
969,406,0
970,0,0
971,0,0
972,0,0
973,0,0
974,0,0
975,0,0
976,0,0
977,0,0
978,0,0
979,0,0
980,0,0
981,0,0
982,0,0
983,0,0
984,0,0
985,0,0
986,0,0
987,0,0
988,0,0
989,75,0
990,50,0
991,253,0
992,1598,0
993,0,0
994,0,0
995,0,0
996,41,0
997,231,0
998,0,0
999,0,0
1000,0,0
1001,372,1
1002,492,1
1003,32,0
1004,274,1
1005,300,1
1006,18,0
1007,553,1
1008,1487,1
1009,1794,1
1010,260,1
1011,1632,0
1012,173,0
1013,191,0
1014,382,0
1015,264,0
1016,930,0
1017,1060,0
1018,23,0
1019,1060,0
1020,1193,0
1021,0,0
1022,453,0
1023,1162,0
1024,448,0
1025,2175,0
1026,1364,0
1027,0,0
1028,67,0
1029,185,0
1030,1246,0
1031,1094,0
1032,2113,0
1033,332,0
1034,0,0
1035,0,0
1036,41,0
1037,125,0
1038,224,0
1039,0,0
1040,0,0
1041,0,0
1042,0,0
1043,0,0
1044,0,0
1045,0,0
1046,0,0
1047,0,0
1048,0,0
1049,0,0
1050,0,0
1051,0,0
1052,0,0
1053,0,0
1054,0,0
1055,0,0
1056,68,0
1057,0,0
1058,0,0
1059,0,0
1060,0,0
1061,0,0
1062,7,0
1063,156,0
1064,0,0
1065,0,0
1066,0,0
1067,0,0
1068,0,0
1069,0,0
1070,0,0
1071,287,0
1072,539,0
1073,0,0
1074,0,0
1075,139,0
1076,42,0
1077,0,0
1078,0,0
1079,0,0
1080,257,1
1081,136,1
1082,1170,1
1083,376,1
1084,2241,1
1085,30,0
1086,0,0
1087,0,0
1088,0,0
1089,116,1
1090,611,0
1091,0,0
1092,81,0
1093,0,0
1094,356,0
1095,737,0
1096,2643,0
1097,16,0
1098,0,0
1099,1746,0
1100,152,0
1101,192,0
1102,39,0
1103,0,0
1104,2232,0
1105,2129,0
1106,160,0
1107,0,0
1108,0,0
1109,1542,0
1110,1383,0
1111,1194,0
1112,106,0
1113,0,0
1114,750,0
1115,754,0
1116,0,0
1117,0,0
1118,0,0
1119,0,0
1120,0,0
1121,0,0
1122,0,0
1123,0,0
1124,0,0
1125,0,0
1126,0,0
1127,110,0
1128,489,0
1129,457,0
1130,643,0
1131,49,0
1132,0,0
1133,0,0
1134,0,0
1135,80,0
1136,14,0
1137,0,0
1138,0,0
1139,0,0
1140,0,0
1141,0,0
1142,0,0
1143,0,0
1144,0,0
1145,0,0
1146,0,0
1147,0,0
1148,0,0
1149,0,0
1150,727,0
1151,1768,0
1152,0,0
1153,0,0
1154,0,0
1155,0,0
1156,0,0
1157,0,0
1158,0,0
1159,104,1
1160,565,1
1161,1413,1
1162,1721,1
1163,2811,1
1164,2112,1
1165,1790,1
1166,0,0
1167,0,0
1168,0,0
1169,59,0
1170,93,0
1171,2225,0
1172,0,0
1173,652,0
1174,828,0
1175,2761,0
1176,60,0
1177,0,0
1178,192,0
1179,230,0
1180,327,0
1181,1116,0
1182,1780,0
1183,443,0
1184,96,0
1185,0,0
1186,0,0
1187,0,0
1188,82,0
1189,4254,0
1190,3303,0
1191,456,0
1192,1053,0
1193,1526,0
1194,1083,0
1195,0,0
1196,0,0
1197,0,0
1198,0,0
1199,0,0
1200,0,0
1201,0,0
1202,0,0
1203,627,0
1204,1039,0
1205,0,0
1206,0,0
1207,138,0
1208,220,0
1209,1690,0
1210,967,0
1211,0,0
1212,0,0
1213,0,0
1214,0,0
1215,0,0
1216,0,0
1217,0,0
1218,0,0
1219,0,0
1220,0,0
1221,352,0
1222,0,0
1223,0,0
1224,0,0
1225,0,0
1226,0,0
1227,0,0
1228,0,0
1229,0,0
1230,337,0
1231,447,0
1232,0,0
1233,0,0
1234,0,0
1235,0,0
1236,0,0
1237,0,0
1238,46,1
1239,1122,1
1240,1209,1
1241,823,1
1242,1814,1
1243,1062,1
1244,371,1
1245,0,0
1246,0,0
1247,131,1
1248,2513,0
1249,1462,0
1250,62,0
1251,1786,0
1252,1102,0
1253,300,0
1254,1039,0
1255,270,0
1256,0,0
1257,266,0
1258,225,0
1259,1001,0
1260,108,0
1261,93,0
1262,48,0
1263,127,0
1264,0,0
1265,0,0
1266,0,0
1267,0,0
1268,4325,0
1269,6485,0
1270,3012,0
1271,1285,0
1272,635,0
1273,100,0
1274,0,0
1275,0,0
1276,0,0
1277,0,0
1278,0,0
1279,0,0
1280,0,0
1281,48,0
1282,2603,0
1283,1745,0
1284,0,0
1285,0,0
1286,0,0
1287,0,0
1288,1861,0
1289,2729,0
1290,220,0
1291,0,0
1292,0,0
1293,0,0
1294,0,0
1295,0,0
1296,0,0
1297,0,0
1298,0,0
1299,15,0
1300,569,0
1301,0,0
1302,0,0
1303,0,0
1304,0,0
1305,0,0
1306,0,0
1307,0,0
1308,0,0
1309,18,0
1310,0,0
1311,0,0
1312,0,0
1313,0,0
1314,0,0
1315,50,1
1316,332,1
1317,670,1
1318,1649,1
1319,1650,1
1320,2574,1
1321,1707,1
1322,743,1
1323,1978,1
1324,262,1
1325,0,0
1326,16,0
1327,387,0
1328,0,0
1329,1372,0
1330,1349,0
1331,1596,0
1332,1207,0
1333,2251,0
1334,313,0
1335,952,0
1336,1188,0
1337,1685,0
1338,178,0
1339,1476,0
1340,382,0
1341,0,0
1342,0,0
1343,0,0
1344,0,0
1345,1107,0
1346,312,0
1347,1370,0
1348,3346,0
1349,1700,0
1350,1547,0
1351,594,0
1352,1222,0
1353,0,0
1354,0,0
1355,0,0
1356,0,0
1357,0,0
1358,0,0
1359,0,0
1360,0,0
1361,1565,0
1362,462,0
1363,0,0
1364,0,0
1365,0,0
1366,0,0
1367,601,0
1368,1185,0
1369,247,0
1370,14,0
1371,976,0
1372,214,0
1373,0,0
1374,0,0
1375,0,0
1376,227,0
1377,691,0
1378,0,0
1379,0,0
1380,0,0
1381,0,0
1382,0,0
1383,0,0
1384,0,0
1385,0,0
1386,0,0
1387,0,0
1388,0,0
1389,0,0
1390,0,0
1391,0,0
1392,0,0
1393,0,0
1394,1269,1
1395,1546,1
1396,1610,1
1397,2197,1
1398,2314,1
1399,2257,1
1400,2083,1
1401,2652,1
1402,3074,1
1403,1823,1
1404,3465,1
1405,515,1
1406,1709,1
1407,1748,0
1408,2186,0
1409,2122,0
1410,221,0
1411,247,0
1412,410,0
1413,137,0
1414,709,0
1415,192,0
1416,998,0
1417,808,0
1418,0,0
1419,38,0
1420,463,0
1421,580,0
1422,0,0
1423,0,0
1424,11,0
1425,183,0
1426,426,0
1427,963,0
1428,390,0
1429,1721,0
1430,1808,0
1431,1633,0
1432,8,0
1433,0,0
1434,0,0
1435,0,0
1436,0,0
1437,0,0
1438,0,0
1439,0,0
1440,0,0
1441,0,0
1442,0,0
1443,0,0
1444,0,0
1445,0,0
1446,0,0
1447,0,0
1448,0,0
1449,93,0
1450,1598,0
1451,1278,0
1452,438,0
1453,0,0
1454,0,0
1455,0,0
1456,0,0
1457,0,0
1458,0,0
1459,0,0
1460,0,0
1461,0,0
1462,0,0
1463,0,0
1464,0,0
1465,165,0
1466,0,0
1467,0,0
1468,0,0
1469,0,0
1470,0,0
1471,0,0
1472,0,0
1473,1115,1
1474,1393,1
1475,1532,1
1476,2157,1
1477,2348,1
1478,2254,1
1479,2754,1
1480,4897,1
1481,4725,1
1482,1519,1
1483,1209,1
1484,440,1
1485,1304,1
1486,679,0
1487,575,0
1488,1013,0
1489,334,0
1490,1185,0
1491,0,0
1492,504,0
1493,163,0
1494,0,0
1495,1104,0
1496,2696,0
1497,1170,0
1498,621,0
1499,504,0
1500,15,0
1501,0,0
1502,0,0
1503,0,0
1504,0,0
1505,85,0
1506,148,0
1507,258,0
1508,1631,0
1509,1724,0
1510,1657,0
1511,98,0
1512,0,0
1513,0,0
1514,0,0
1515,120,0
1516,79,0
1517,177,0
1518,552,0
1519,2690,0
1520,1577,0
1521,173,0
1522,0,0
1523,0,0
1524,0,0
1525,0,0
1526,0,0
1527,647,0
1528,367,0
1529,754,0
1530,704,0
1531,117,0
1532,0,0
1533,0,0
1534,0,0
1535,0,0
1536,0,0
1537,0,0
1538,0,0
1539,0,0
1540,0,0
1541,0,0
1542,0,0
1543,0,0
1544,20,0
1545,0,0
1546,0,0
1547,0,0
1548,0,0
1549,0,0
1550,0,0
1551,0,0
1552,1115,1
1553,1489,1
1554,1458,1
1555,2613,1
1556,4550,1
1557,2907,1
1558,2648,1
1559,3087,1
1560,2916,1
1561,1841,1
1562,2017,1
1563,2327,1
1564,348,1
1565,0,0
1566,842,0
1567,175,0
1568,56,0
1569,17,0
1570,0,0
1571,481,0
1572,1536,0
1573,76,0
1574,0,0
1575,1292,0
1576,3017,0
1577,625,0
1578,913,0
1579,0,0
1580,0,0
1581,0,0
1582,0,0
1583,589,0
1584,1685,0
1585,961,0
1586,519,0
1587,1044,0
1588,1562,0
1589,1688,0
1590,426,0
1591,0,0
1592,0,0
1593,0,0
1594,425,0
1595,512,0
1596,916,0
1597,320,0
1598,1597,0
1599,2026,0
1600,923,0
1601,0,0
1602,356,0
1603,941,0
1604,829,0
1605,459,0
1606,2330,0
1607,996,0
1608,0,0
1609,0,0
1610,0,0
1611,0,0
1612,0,0
1613,0,0
1614,0,0
1615,0,0
1616,0,0
1617,0,0
1618,0,0
1619,0,0
1620,0,0
1621,0,0
1622,0,0
1623,272,0
1624,2307,0
1625,20,0
1626,0,0
1627,0,0
1628,0,0
1629,0,0
1630,0,0
1631,788,1
1632,1413,1
1633,1496,1
1634,1871,1
1635,2580,1
1636,2888,1
1637,2858,1
1638,3368,1
1639,4489,1
1640,3201,1
1641,2830,1
1642,1944,1
1643,676,1
1644,0,0
1645,239,0
1646,27,0
1647,1070,0
1648,776,0
1649,0,0
1650,0,0
1651,1990,0
1652,1122,0
1653,1188,0
1654,1006,0
1655,2315,0
1656,682,0
1657,237,0
1658,65,0
1659,0,0
1660,0,0
1661,0,0
1662,554,0
1663,1229,0
1664,1976,0
1665,1680,0
1666,606,0
1667,935,0
1668,1642,0
1669,1233,0
1670,31,0
1671,0,0
1672,0,0
1673,0,0
1674,0,0
1675,0,0
1676,0,0
1677,0,0
1678,22,0
1679,11,0
1680,0,0
1681,811,0
1682,1716,0
1683,1394,0
1684,1763,0
1685,2104,0
1686,883,0
1687,0,0
1688,0,0
1689,0,0
1690,0,0
1691,0,0
1692,0,0
1693,0,0
1694,0,0
1695,0,0
1696,0,0
1697,0,0
1698,0,0
1699,0,0
1700,0,0
1701,0,0
1702,1703,0
1703,3280,0
1704,476,1
1705,0,0
1706,0,0
1707,0,0
1708,0,0
1709,0,0
1710,568,1
1711,1388,1
1712,1558,1
1713,1692,1
1714,2477,1
1715,2394,1
1716,1941,1
1717,5821,1
1718,8409,1
1719,4404,1
1720,2619,1
1721,1650,1
1722,125,1
1723,355,0
1724,832,0
1725,39,0
1726,420,0
1727,570,0
1728,0,0
1729,0,0
1730,0,0
1731,1014,0
1732,2338,0
1733,663,0
1734,101,0
1735,1001,0
1736,407,0
1737,469,0
1738,0,0
1739,0,0
1740,0,0
1741,0,0
1742,198,0
1743,1940,0
1744,1979,0
1745,973,0
1746,1483,0
1747,1861,0
1748,1304,0
1749,897,0
1750,400,0
1751,227,0
1752,909,0
1753,796,0
1754,123,0
1755,0,0
1756,0,0
1757,0,0
1758,241,0
1759,513,0
1760,812,0
1761,1680,0
1762,505,0
1763,2805,0
1764,1826,0
1765,643,0
1766,0,0
1767,0,0
1768,0,0
1769,0,0
1770,0,0
1771,0,0
1772,0,0
1773,0,0
1774,0,0
1775,0,0
1776,0,0
1777,0,0
1778,0,0
1779,0,0
1780,33,0
1781,2234,0
1782,1488,1
1783,677,1
1784,0,0
1785,0,0
1786,0,0
1787,0,0
1788,0,0
1789,287,1
1790,1335,1
1791,1757,1
1792,2199,1
1793,2497,1
1794,2425,1
1795,1740,1
1796,3452,1
1797,3734,1
1798,999,1
1799,859,1
1800,1880,1
1801,467,1
1802,1917,0
1803,3280,0
1804,2464,0
1805,1745,0
1806,46,0
1807,0,0
1808,0,0
1809,0,0
1810,618,0
1811,2008,0
1812,1432,0
1813,5091,0
1814,1570,0
1815,0,0
1816,89,0
1817,0,0
1818,0,0
1819,0,0
1820,12,0
1821,1096,0
1822,2003,0
1823,1063,0
1824,59,0
1825,1027,0
1826,1705,0
1827,1375,0
1828,496,0
1829,196,0
1830,384,0
1831,1154,0
1832,1446,0
1833,499,0
1834,0,0
1835,0,0
1836,0,0
1837,1090,0
1838,1453,0
1839,1917,0
1840,1179,0
1841,207,0
1842,3131,0
1843,1758,0
1844,844,0
1845,427,0
1846,0,0
1847,0,0
1848,0,0
1849,0,0
1850,0,0
1851,0,0
1852,0,0
1853,0,0
1854,0,0
1855,0,0
1856,0,0
1857,0,0
1858,0,0
1859,494,1
1860,1099,1
1861,1236,1
1862,1326,1
1863,0,0
1864,0,0
1865,0,0
1866,0,0
1867,0,0
1868,143,1
1869,1579,1
1870,1772,1
1871,2168,1
1872,2211,1
1873,2632,1
1874,2247,1
1875,2554,1
1876,2496,1
1877,385,1
1878,0,0
1879,12,0
1880,1520,1
1881,1184,0
1882,2597,0
1883,4267,0
1884,5028,0
1885,439,0
1886,2985,0
1887,2933,0
1888,0,0
1889,544,0
1890,3122,0
1891,3771,0
1892,3439,0
1893,281,0
1894,3472,0
1895,714,0
1896,1383,0
1897,75,0
1898,0,0
1899,1222,0
1900,1905,0
1901,1977,0
1902,1312,0
1903,9,0
1904,393,0
1905,1632,0
1906,1724,0
1907,713,0
1908,130,0
1909,54,0
1910,573,0
1911,814,0
1912,2494,0
1913,281,0
1914,0,0
1915,0,0
1916,805,0
1917,1913,0
1918,2151,0
1919,672,0
1920,0,0
1921,348,0
1922,447,0
1923,827,0
1924,697,0
1925,0,0
1926,0,0
1927,0,0
1928,0,0
1929,0,0
1930,0,0
1931,0,0
1932,0,0
1933,0,0
1934,0,0
1935,0,0
1936,0,0
1937,0,0
1938,859,1
1939,1358,1
1940,414,1
1941,2452,1
1942,0,0
1943,0,0
1944,0,0
1945,0,0
1946,0,0
1947,0,0
1948,1457,1
1949,1755,1
1950,1882,1
1951,2682,1
1952,3191,1
1953,2470,1
1954,1987,1
1955,1809,1
1956,296,1
1957,1451,1
1958,202,1
1959,326,1
1960,0,0
1961,2431,0
1962,3560,0
1963,643,0
1964,24,0
1965,1253,0
1966,3354,0
1967,888,0
1968,1271,0
1969,3647,0
1970,3255,0
1971,700,0
1972,0,0
1973,1124,0
1974,1319,0
1975,1216,0
1976,38,0
1977,0,0
1978,1005,0
1979,1768,0
1980,1544,0
1981,1578,0
1982,209,0
1983,89,0
1984,1585,0
1985,1673,0
1986,1327,0
1987,249,0
1988,0,0
1989,0,0
1990,139,0
1991,1081,0
1992,38,0
1993,0,0
1994,0,0
1995,623,0
1996,1189,0
1997,685,0
1998,658,0
1999,791,0
2000,0,0
2001,0,0
2002,0,0
2003,0,0
2004,0,0
2005,0,0
2006,0,0
2007,0,0
2008,0,0
2009,0,0
2010,0,0
2011,0,0
2012,0,0
2013,0,0
2014,0,0
2015,0,0
2016,58,1
2017,1994,1
2018,1802,1
2019,2066,1
2020,2844,1
2021,0,0
2022,0,0
2023,0,0
2024,0,0
2025,0,0
2026,0,0
2027,1376,1
2028,1819,1
2029,1731,1
2030,2615,1
2031,2449,1
2032,1903,1
2033,1696,1
2034,1872,1
2035,960,1
2036,73,1
2037,814,1
2038,1292,1
2039,225,0
2040,609,0
2041,552,0
2042,371,0
2043,1439,0
2044,0,0
2045,1522,0
2046,123,0
2047,1996,0
2048,4727,0
2049,990,0
2050,0,0
2051,24,0
2052,1475,0
2053,341,0
2054,1252,0
2055,65,0
2056,281,0
2057,694,0
2058,1435,0
2059,1491,0
2060,639,0
2061,0,0
2062,0,0
2063,1271,0
2064,1337,0
2065,278,0
2066,9,0
2067,419,0
2068,282,0
2069,0,0
2070,0,0
2071,0,0
2072,85,0
2073,0,0
2074,0,0
2075,0,0
2076,1122,0
2077,448,0
2078,376,0
2079,0,0
2080,0,0
2081,0,0
2082,0,0
2083,0,0
2084,0,0
2085,0,0
2086,0,0
2087,0,0
2088,0,0
2089,0,0
2090,0,0
2091,0,0
2092,0,0
2093,0,0
2094,237,1
2095,1565,1
2096,1193,1
2097,2944,1
2098,2401,1
2099,1380,1
2100,0,0
2101,0,0
2102,0,0
2103,0,0
2104,0,0
2105,77,1
2106,1612,1
2107,1780,1
2108,1531,1
2109,1817,1
2110,2156,1
2111,1851,1
2112,1778,1
2113,1841,1
2114,1037,1
2115,547,1
2116,737,1
2117,27,0
2118,149,0
2119,1558,0
2120,198,0
2121,261,0
2122,471,0
2123,0,0
2124,13,0
2125,171,0
2126,1977,0
2127,3373,0
2128,2154,0
2129,2181,0
2130,3161,0
2131,2901,0
2132,2992,0
2133,192,0
2134,0,0
2135,1148,0
2136,1482,0
2137,1437,0
2138,1019,0
2139,0,0
2140,0,0
2141,0,0
2142,886,0
2143,1806,0
2144,589,0
2145,431,0
2146,1669,0
2147,1343,0
2148,0,0
2149,0,0
2150,385,0
2151,1697,0
2152,148,0
2153,0,0
2154,0,0
2155,8,0
2156,0,0
2157,8,0
2158,121,0
2159,26,0
2160,290,0
2161,1343,0
2162,518,0
2163,0,0
2164,0,0
2165,0,0
2166,0,0
2167,0,0
2168,0,0
2169,0,0
2170,0,0
2171,0,0
2172,0,0
2173,0,0
2174,52,1
2175,79,1
2176,1408,1
2177,414,1
2178,0,0
2179,0,0
2180,0,0
2181,0,0
2182,0,0
2183,0,0
2184,148,1
2185,1264,1
2186,1580,1
2187,1532,1
2188,2014,1
2189,2158,1
2190,1743,1
2191,1702,1
2192,1740,1
2193,573,1
2194,331,1
2195,384,1
2196,0,0
2197,707,0
2198,513,0
2199,0,0
2200,1164,0
2201,136,0
2202,0,0
2203,0,0
2204,3607,0
2205,2517,0
2206,846,0
2207,3253,0
2208,2007,0
2209,0,0
2210,35,0
2211,7052,0
2212,0,0
2213,0,0
2214,604,0
2215,1136,0
2216,1965,0
2217,1101,0
2218,70,0
2219,1219,0
2220,46,0
2221,56,0
2222,205,0
2223,88,0
2224,1205,0
2225,1811,0
2226,1746,0
2227,0,0
2228,0,0
2229,305,0
2230,1287,0
2231,121,0
2232,0,0
2233,0,0
2234,0,0
2235,0,0
2236,246,0
2237,1361,0
2238,733,0
2239,346,0
2240,1689,0
2241,486,0
2242,0,0
2243,0,0
2244,0,0
2245,0,0
2246,0,0
2247,0,0
2248,0,0
2249,0,0
2250,0,0
2251,0,0
2252,0,0
2253,0,0
2254,361,1
2255,908,1
2256,449,1
2257,1070,1
2258,0,0
2259,0,0
2260,0,0
2261,0,0
2262,0,0
2263,365,1
2264,770,1
2265,1594,1
2266,1495,1
2267,2038,1
2268,1891,1
2269,1613,1
2270,1725,1
2271,1786,1
2272,666,1
2273,0,0
2274,0,0
2275,0,0
2276,971,0
2277,484,0
2278,739,0
2279,0,0
2280,722,0
2281,288,0
2282,206,0
2283,852,0
2284,888,0
2285,2791,0
2286,869,0
2287,20,0
2288,2590,0
2289,4260,0
2290,3242,0
2291,0,0
2292,31,0
2293,834,0
2294,840,0
2295,966,0
2296,454,0
2297,11,0
2298,789,0
2299,12,0
2300,0,0
2301,465,0
2302,1848,0
2303,1708,0
2304,873,0
2305,410,0
2306,0,0
2307,0,0
2308,0,0
2309,0,0
2310,0,0
2311,0,0
2312,0,0
2313,0,0
2314,0,0
2315,62,0
2316,1386,0
2317,1685,0
2318,0,0
2319,64,0
2320,0,0
2321,0,0
2322,0,0
2323,0,0
2324,0,0
2325,0,0
2326,0,0
2327,0,0
2328,0,0
2329,0,0
2330,0,0
2331,0,0
2332,24,0
2333,1542,1
2334,1973,1
2335,3032,1
2336,3916,1
2337,128,1
2338,0,0
2339,0,0
2340,0,0
2341,0,0
2342,553,1
2343,1848,1
2344,1631,1
2345,1529,1
2346,2535,1
2347,2060,1
2348,1808,1
2349,1607,1
2350,1662,1
2351,300,1
2352,25,0
2353,0,0
2354,685,1
2355,609,0
2356,11,0
2357,400,0
2358,689,0
2359,235,0
2360,2150,0
2361,2157,0
2362,1624,0
2363,3678,0
2364,3346,0
2365,1062,0
2366,0,0
2367,2914,0
2368,437,0
2369,1832,0
2370,413,0
2371,182,0
2372,1130,0
2373,744,0
2374,0,0
2375,0,0
2376,0,0
2377,0,0
2378,0,0
2379,678,0
2380,1762,0
2381,2067,0
2382,794,0
2383,0,0
2384,0,0
2385,0,0
2386,0,0
2387,258,0
2388,10,0
2389,0,0
2390,0,0
2391,0,0
2392,0,0
2393,0,0
2394,0,0
2395,196,1
2396,246,1
2397,0,0
2398,0,0
2399,0,0
2400,0,0
2401,0,0
2402,0,0
2403,0,0
2404,0,0
2405,0,0
2406,0,0
2407,0,0
2408,0,0
2409,11,0
2410,588,1
2411,38,1
2412,1614,1
2413,2233,1
2414,3344,1
2415,2543,1
2416,109,1
2417,0,0
2418,0,0
2419,0,0
2420,0,0
2421,830,1
2422,1937,1
2423,1483,1
2424,1574,1
2425,2199,1
2426,1931,1
2427,1784,1
2428,1711,1
2429,1701,1
2430,390,1
2431,265,1
2432,0,0
2433,965,1
2434,1001,0
2435,1510,0
2436,55,0
2437,436,0
2438,1426,0
2439,1909,0
2440,3708,0
2441,4524,0
2442,3808,0
2443,1162,0
2444,451,0
2445,164,0
2446,1636,0
2447,389,0
2448,1013,0
2449,1794,0
2450,614,0
2451,468,0
2452,472,0
2453,379,0
2454,16,0
2455,0,0
2456,0,0
2457,0,0
2458,941,0
2459,1825,0
2460,495,0
2461,36,0
2462,0,0
2463,311,0
2464,1116,0
2465,1105,0
2466,1539,0
2467,532,0
2468,0,0
2469,0,0
2470,0,0
2471,0,0
2472,0,0
2473,0,0
2474,0,0
2475,0,0
2476,0,0
2477,0,0
2478,0,0
2479,0,0
2480,0,0
2481,0,0
2482,0,0
2483,0,0
2484,0,0
2485,0,0
2486,0,0
2487,1084,1
2488,450,1
2489,799,1
2490,0,0
2491,1403,1
2492,2961,1
2493,3777,1
2494,1002,1
2495,0,0
2496,0,0
2497,0,0
2498,0,0
2499,400,1
2500,1016,1
2501,1042,1
2502,573,1
2503,491,1
2504,1114,1
2505,1288,1
2506,175,1
2507,143,1
2508,148,1
2509,230,1
2510,1990,1
2511,0,0
2512,775,1
2513,748,1
2514,1135,1
2515,14,0
2516,1066,0
2517,235,0
2518,2713,0
2519,3931,0
2520,1610,0
2521,1506,0
2522,155,0
2523,410,0
2524,1296,0
2525,2999,0
2526,2325,0
2527,2958,0
2528,2819,0
2529,2231,0
2530,2349,0
2531,2214,0
2532,2542,0
2533,591,0
2534,38,0
2535,837,0
2536,1283,0
2537,28,0
2538,41,0
2539,0,0
2540,0,0
2541,0,0
2542,880,0
2543,2659,0
2544,2216,0
2545,1723,0
2546,1212,0
2547,50,0
2548,0,0
2549,0,0
2550,0,0
2551,0,0
2552,0,0
2553,0,0
2554,0,0
2555,0,0
2556,0,0
2557,0,0
2558,0,0
2559,0,0
2560,0,0
2561,0,0
2562,0,0
2563,0,0
2564,0,0
2565,38,1
2566,1622,1
2567,571,1
2568,0,0
2569,0,0
2570,442,1
2571,2960,1
2572,1319,1
2573,0,0
2574,0,0
2575,9,0
2576,0,0
2577,0,0
2578,0,0
2579,87,1
2580,0,0
2581,0,0
2582,0,0
2583,30,0
2584,0,0
2585,69,1
2586,1853,1
2587,725,1
2588,122,1
2589,0,0
2590,0,0
2591,51,1
2592,261,1
2593,639,1
2594,886,1
2595,2881,1
2596,588,1
2597,1892,0
2598,5463,0
2599,610,0
2600,1954,0
2601,1292,0
2602,2175,0
2603,3173,0
2604,2043,0
2605,2800,0
2606,2892,0
2607,3273,0
2608,2797,0
2609,2831,0
2610,2303,0
2611,1985,0
2612,3090,0
2613,2823,0
2614,2159,0
2615,1631,0
2616,20,0
2617,74,0
2618,921,0
2619,0,0
2620,0,0
2621,1693,0
2622,2444,0
2623,1843,0
2624,1599,0
2625,1352,0
2626,155,0
2627,0,0
2628,0,0
2629,0,0
2630,0,0
2631,0,0
2632,0,0
2633,0,0
2634,0,0
2635,0,0
2636,0,0
2637,0,0
2638,0,0
2639,0,0
2640,0,0
2641,0,0
2642,0,0
2643,0,0
2644,39,1
2645,295,1
2646,21,0
2647,0,0
2648,0,0
2649,0,0
2650,0,0
2651,0,0
2652,0,0
2653,0,0
2654,93,1
2655,47,1
2656,0,0
2657,0,0
2658,0,0
2659,0,0
2660,0,0
2661,0,0
2662,98,1
2663,106,1
2664,11,0
2665,1423,1
2666,369,1
2667,387,1
2668,1006,1
2669,26,0
2670,0,0
2671,0,0
2672,130,1
2673,2910,1
2674,3809,1
2675,296,1
2676,687,0
2677,3618,0
2678,2409,0
2679,1684,0
2680,1295,0
2681,2053,0
2682,3175,0
2683,1306,0
2684,784,0
2685,3385,0
2686,2188,0
2687,2380,0
2688,2701,0
2689,3645,0
2690,3320,0
2691,3900,0
2692,4825,0
2693,1707,0
2694,246,0
2695,0,0
2696,86,0
2697,1277,0
2698,0,0
2699,0,0
2700,902,0
2701,1676,0
2702,1040,0
2703,750,0
2704,163,0
2705,0,0
2706,0,0
2707,0,0
2708,0,0
2709,0,0
2710,0,0
2711,0,0
2712,0,0
2713,0,0
2714,0,0
2715,0,0
2716,0,0
2717,0,0
2718,614,1
2719,0,0
2720,0,0
2721,0,0
2722,0,0
2723,980,1
2724,2557,1
2725,158,1
2726,0,0
2727,0,0
2728,0,0
2729,307,1
2730,1760,1
2731,742,1
2732,0,0
2733,0,0
2734,0,0
2735,0,0
2736,0,0
2737,0,0
2738,0,0
2739,0,0
2740,167,1
2741,1599,1
2742,1149,1
2743,294,1
2744,12,0
2745,345,1
2746,1793,1
2747,1439,1
2748,980,1
2749,65,1
2750,1929,1
2751,448,1
2752,1293,1
2753,1775,1
2754,365,0
2755,85,0
2756,1597,0
2757,2841,0
2758,3062,0
2759,1256,0
2760,588,0
2761,1683,0
2762,1052,0
2763,635,0
2764,1688,0
2765,3029,0
2766,2973,0
2767,1545,0
2768,3695,0
2769,3531,0
2770,3799,0
2771,4653,0
2772,752,0
2773,0,0
2774,40,0
2775,469,0
2776,720,0
2777,168,0
2778,0,0
2779,0,0
2780,13,0
2781,0,0
2782,0,0
2783,0,0
2784,0,0
2785,0,0
2786,0,0
2787,0,0
2788,0,0
2789,0,0
2790,0,0
2791,0,0
2792,0,0
2793,0,0
2794,0,0
2795,724,1
2796,770,1
2797,743,1
2798,0,0
2799,0,0
2800,0,0
2801,0,0
2802,77,1
2803,1048,1
2804,1344,1
2805,79,1
2806,0,0
2807,0,0
2808,1414,1
2809,4746,1
2810,962,1
2811,0,0
2812,0,0
2813,0,0
2814,0,0
2815,401,1
2816,254,1
2817,0,0
2818,0,0
2819,88,1
2820,886,1
2821,595,1
2822,2504,1
2823,461,1
2824,450,1
2825,1098,1
2826,0,0
2827,1372,1
2828,43,1
2829,1551,1
2830,1565,1
2831,1765,1
2832,1543,0
2833,1503,0
2834,970,0
2835,2014,0
2836,2226,0
2837,1693,0
2838,1801,0
2839,593,0
2840,1105,0
2841,1723,0
2842,584,0
2843,1896,0
2844,954,0
2845,1138,0
2846,157,0
2847,2507,0
2848,2659,0
2849,2995,0
2850,2304,0
2851,0,0
2852,0,0
2853,1441,0
2854,2004,0
2855,2144,0
2856,1399,0
2857,101,0
2858,0,0
2859,0,0
2860,0,0
2861,0,0
2862,0,0
2863,0,0
2864,0,0
2865,0,0
2866,0,0
2867,0,0
2868,0,0
2869,0,0
2870,0,0
2871,0,0
2872,0,0
2873,0,0
2874,131,1
2875,283,1
2876,0,0
2877,0,0
2878,0,0
2879,0,0
2880,790,1
2881,147,1
2882,358,1
2883,1925,1
2884,260,1
2885,0,0
2886,0,0
2887,1071,1
2888,4110,1
2889,4062,1
2890,0,0
2891,473,1
2892,864,1
2893,437,1
2894,325,1
2895,973,1
2896,0,0
2897,203,1
2898,696,1
2899,704,1
2900,1770,1
2901,1341,1
2902,1701,1
2903,4224,1
2904,0,0
2905,0,0
2906,0,0
2907,0,0
2908,0,0
2909,24,0
2910,1500,1
2911,3563,0
2912,2416,0
2913,1747,0
2914,2584,0
2915,1714,0
2916,819,0
2917,1416,0
2918,784,0
2919,1394,0
2920,373,0
2921,197,0
2922,326,0
2923,2812,0
2924,3138,0
2925,1891,0
2926,2023,0
2927,2363,0
2928,1571,0
2929,408,0
2930,604,0
2931,2451,0
2932,1490,0
2933,967,0
2934,2388,0
2935,1814,0
2936,2074,0
2937,1199,0
2938,0,0
2939,0,0
2940,0,0
2941,274,0
2942,113,0
2943,0,0
2944,0,0
2945,0,0
2946,0,0
2947,0,0
2948,0,0
2949,0,0
2950,0,0
2951,0,0
2952,0,0
2953,0,0
2954,0,0
2955,0,0
2956,0,0
2957,0,0
2958,0,0
2959,268,1
2960,31,0
2961,81,1
2962,1852,1
2963,540,1
2964,0,0
2965,0,0
2966,802,1
2967,3888,1
2968,3211,1
2969,15,0
2970,1795,1
2971,2345,1
2972,2091,1
2973,912,1
2974,636,1
2975,0,0
2976,1167,1
2977,1613,1
2978,1028,1
2979,2609,1
2980,1254,1
2981,1180,1
2982,1603,1
2983,107,1
2984,784,1
2985,257,1
2986,2063,1
2987,253,1
2988,0,0
2989,1465,0
2990,2252,0
2991,2173,0
2992,953,0
2993,1186,0
2994,852,0
2995,1124,0
2996,973,0
2997,737,0
2998,541,0
2999,640,0
3000,219,0
3001,0,0
3002,2573,0
3003,2987,0
3004,2302,0
3005,3483,0
3006,2822,0
3007,178,0
3008,0,0
3009,500,0
3010,1944,0
3011,2462,0
3012,739,0
3013,112,0
3014,395,0
3015,2612,0
3016,1032,0
3017,0,0
3018,118,0
3019,876,0
3020,1052,0
3021,459,0
3022,0,0
3023,0,0
3024,0,0
3025,0,0
3026,0,0
3027,0,0
3028,0,0
3029,0,0
3030,0,0
3031,0,0
3032,0,0
3033,372,1
3034,0,0
3035,0,0
3036,0,0
3037,0,0
3038,0,0
3039,181,1
3040,338,1
3041,1584,1
3042,1732,1
3043,259,1
3044,502,1
3045,806,1
3046,3417,1
3047,3110,1
3048,0,0
3049,2676,1
3050,3586,1
3051,3874,1
3052,4014,1
3053,3952,1
3054,305,1
3055,1437,1
3056,3171,1
3057,3719,1
3058,4357,1
3059,3274,1
3060,2250,1
3061,938,1
3062,1166,1
3063,2658,1
3064,128,1
3065,2043,1
3066,1727,0
3067,1377,1
3068,1560,0
3069,1773,0
3070,1173,0
3071,858,0
3072,906,0
3073,704,0
3074,844,0
3075,727,0
3076,903,0
3077,204,0
3078,151,0
3079,89,0
3080,0,0
3081,986,0
3082,1033,0
3083,1480,0
3084,2696,0
3085,1450,0
3086,0,0
3087,0,0
3088,0,0
3089,854,0
3090,1905,0
3091,1917,0
3092,331,0
3093,362,0
3094,580,0
3095,306,0
3096,0,0
3097,136,0
3098,1082,0
3099,186,0
3100,17,0
3101,0,0
3102,0,0
3103,0,0
3104,36,0
3105,208,1
3106,0,0
3107,0,0
3108,0,0
3109,0,0
3110,0,0
3111,0,0
3112,1015,1
3113,55,1
3114,0,0
3115,0,0
3116,0,0
3117,0,0
3118,521,1
3119,415,1
3120,838,1
3121,1104,1
3122,1444,1
3123,1694,1
3124,1343,1
3125,886,1
3126,679,1
3127,258,1
3128,2608,1
3129,4466,1
3130,3340,1
3131,3571,1
3132,4913,1
3133,3476,1
3134,4303,1
3135,3509,1
3136,4240,1
3137,6170,1
3138,5407,1
3139,4843,1
3140,4229,1
3141,2953,1
3142,3340,1
3143,714,1
3144,3160,0
3145,2955,0
3146,2505,0
3147,2097,0
3148,1294,0
3149,1043,0
3150,1010,0
3151,981,0
3152,603,0
3153,419,0
3154,331,0
3155,220,0
3156,118,0
3157,48,0
3158,201,0
3159,0,0
3160,2747,0
3161,1210,0
3162,90,0
3163,663,0
3164,22,0
3165,0,0
3166,0,0
3167,0,0
3168,0,0
3169,419,0
3170,1638,0
3171,2043,0
3172,2015,0
3173,2117,0
3174,1354,0
3175,0,0
3176,0,0
3177,0,0
3178,0,0
3179,0,0
3180,0,0
3181,0,0
3182,0,0
3183,315,0
3184,1835,0
3185,0,0
3186,0,0
3187,0,0
3188,0,0
3189,0,0
3190,0,0
3191,0,0
3192,0,0
3193,0,0
3194,0,0
3195,0,0
3196,0,0
3197,0,0
3198,292,1
3199,1170,1
3200,994,1
3201,307,1
3202,808,1
3203,1446,1
3204,1097,1
3205,47,1
3206,419,1
3207,630,1
3208,2179,1
3209,1801,1
3210,1668,1
3211,2824,1
3212,1318,1
3213,4963,1
3214,5420,1
3215,7349,1
3216,11353,1
3217,7756,1
3218,4481,1
3219,2468,1
3220,338,1
3221,612,1
3222,2490,1
3223,2711,0
3224,1286,0
3225,1180,0
3226,1110,0
3227,281,0
3228,354,0
3229,201,0
3230,721,0
3231,687,0
3232,214,0
3233,0,0
3234,47,0
3235,315,0
3236,0,0
3237,0,0
3238,146,0
3239,1161,0
3240,629,0
3241,0,0
3242,0,0
3243,76,0
3244,0,0
3245,0,0
3246,0,0
3247,192,0
3248,2672,0
3249,3103,0
3250,2527,0
3251,1662,0
3252,1206,0
3253,708,0
3254,0,0
3255,0,0
3256,0,0
3257,0,0
3258,0,0
3259,0,0
3260,0,0
3261,0,0
3262,0,0
3263,0,0
3264,0,0
3265,0,0
3266,0,0
3267,0,0
3268,0,0
3269,0,0
3270,0,0
3271,0,0
3272,0,0
3273,715,1
3274,130,1
3275,0,0
3276,0,0
3277,802,1
3278,3028,1
3279,1487,1
3280,254,1
3281,45,1
3282,1375,1
3283,823,1
3284,705,1
3285,1724,1
3286,1577,1
3287,2277,1
3288,2164,1
3289,0,0
3290,0,0
3291,1389,1
3292,2526,1
3293,2935,1
3294,2132,1
3295,6441,1
3296,5608,1
3297,5101,1
3298,5566,1
3299,3198,1
3300,2973,1
3301,3547,1
3302,1912,1
3303,1044,0
3304,864,0
3305,0,0
3306,30,0
3307,368,1
3308,171,0
3309,171,0
3310,0,0
3311,0,0
3312,0,0
3313,25,0
3314,78,0
3315,0,0
3316,11,0
3317,456,0
3318,1190,0
3319,60,0
3320,216,0
3321,1270,0
3322,1664,0
3323,133,0
3324,1362,0
3325,375,0
3326,508,0
3327,2264,0
3328,2450,0
3329,3305,0
3330,1220,0
3331,0,0
3332,0,0
3333,0,0
3334,0,0
3335,0,0
3336,0,0
3337,0,0
3338,0,0
3339,0,0
3340,0,0
3341,0,0
3342,0,0
3343,0,0
3344,0,0
3345,0,0
3346,0,0
3347,328,1
3348,191,1
3349,0,0
3350,1088,1
3351,173,1
3352,444,1
3353,106,1
3354,687,1
3355,0,0
3356,590,1
3357,2165,1
3358,951,1
3359,2468,1
3360,518,1
3361,801,1
3362,1396,1
3363,2717,1
3364,2109,1
3365,595,1
3366,1527,1
3367,1239,1
3368,0,0
3369,0,0
3370,1695,1
3371,628,1
3372,0,0
3373,1962,1
3374,3892,1
3375,4425,1
3376,5235,1
3377,4274,1
3378,6174,1
3379,5525,1
3380,3091,1
3381,1407,1
3382,1075,1
3383,604,1
3384,78,1
3385,146,1
3386,48,1
3387,148,1
3388,206,0
3389,172,0
3390,0,0
3391,0,0
3392,122,0
3393,0,0
3394,0,0
3395,85,0
3396,0,0
3397,1625,0
3398,856,0
3399,2401,0
3400,3129,0
3401,1836,0
3402,184,0
3403,1670,0
3404,1764,0
3405,1366,0
3406,1599,0
3407,1659,0
3408,1899,0
3409,655,0
3410,0,0
3411,0,0
3412,0,0
3413,0,0
3414,0,0
3415,0,0
3416,0,0
3417,0,0
3418,0,0
3419,0,0
3420,0,0
3421,0,0
3422,0,0
3423,0,0
3424,0,0
3425,0,0
3426,952,1
3427,477,1
3428,0,0
3429,2723,1
3430,1159,1
3431,0,0
3432,53,1
3433,773,1
3434,0,0
3435,87,1
3436,935,1
3437,986,1
3438,1409,1
3439,1103,1
3440,2444,1
3441,2528,1
3442,1811,1
3443,1502,1
3444,141,1
3445,126,1
3446,494,1
3447,0,0
3448,0,0
3449,0,0
3450,0,0
3451,0,0
3452,1036,1
3453,2779,1
3454,3874,1
3455,4025,1
3456,2701,1
3457,5399,1
3458,5411,1
3459,2255,1
3460,1226,1
3461,691,1
3462,0,0
3463,13,0
3464,22,0
3465,0,0
3466,40,1
3467,151,0
3468,55,0
3469,7,0
3470,23,0
3471,16,0
3472,0,0
3473,0,0
3474,33,0
3475,39,0
3476,1715,0
3477,1830,0
3478,2243,0
3479,1944,0
3480,2217,0
3481,934,0
3482,227,0
3483,1355,0
3484,1938,0
3485,1758,0
3486,1219,0
3487,300,0
3488,0,0
3489,858,0
3490,308,0
3491,0,0
3492,0,0
3493,0,0
3494,0,0
3495,0,0
3496,0,0
3497,0,0
3498,0,0
3499,0,0
3500,0,0
3501,0,0
3502,0,0
3503,0,0
3504,0,0
3505,0,0
3506,0,0
3507,0,0
3508,0,0
3509,0,0
3510,0,0
3511,543,1
3512,413,1
3513,0,0
3514,0,0
3515,0,0
3516,0,0
3517,0,0
3518,856,1
3519,2834,1
3520,3709,1
3521,3304,1
3522,2281,1
3523,100,1
3524,0,0
3525,0,0
3526,0,0
3527,495,1
3528,346,1
3529,0,0
3530,0,0
3531,1347,1
3532,1665,1
3533,3143,1
3534,4108,1
3535,4754,1
3536,4438,1
3537,4166,1
3538,1251,1
3539,888,1
3540,633,1
3541,0,0
3542,62,1
3543,80,1
3544,7,0
3545,251,1
3546,124,1
3547,171,0
3548,85,0
3549,19,0
3550,0,0
3551,0,0
3552,0,0
3553,9,0
3554,0,0
3555,2394,0
3556,1872,0
3557,1836,0
3558,1706,0
3559,1805,0
3560,1480,0
3561,250,0
3562,314,0
3563,1298,0
3564,1630,0
3565,1558,0
3566,1489,0
3567,207,0
3568,1136,0
3569,777,0
3570,41,0
3571,0,0
3572,0,0
3573,0,0
3574,0,0
3575,0,0
3576,0,0
3577,0,0
3578,0,0
3579,0,0
3580,0,0
3581,0,0
3582,0,0
3583,0,0
3584,0,0
3585,0,0
3586,0,0
3587,0,0
3588,0,0
3589,1735,1
3590,1201,1
3591,969,1
3592,0,0
3593,0,0
3594,1454,1
3595,1529,1
3596,0,0
3597,95,1
3598,1047,1
3599,3855,1
3600,4677,1
3601,2174,1
3602,0,0
3603,469,1
3604,1881,1
3605,230,1
3606,1126,1
3607,382,1
3608,0,0
3609,36,0
3610,4087,1
3611,2748,1
3612,638,1
3613,2613,1
3614,2470,1
3615,1162,1
3616,731,1
3617,156,1
3618,1034,1
3619,1190,1
3620,17,0
3621,0,0
3622,0,0
3623,0,0
3624,450,1
3625,678,1
3626,8,0
3627,73,0
3628,30,0
3629,0,0
3630,0,0
3631,0,0
3632,0,0
3633,0,0
3634,2702,0
3635,1872,0
3636,1635,0
3637,1805,0
3638,1764,0
3639,1460,0
3640,1430,0
3641,1497,0
3642,1170,0
3643,52,0
3644,352,1
3645,840,0
3646,802,0
3647,610,0
3648,1290,0
3649,332,0
3650,0,0
3651,0,0
3652,0,0
3653,0,0
3654,0,0
3655,0,0
3656,0,0
3657,0,0
3658,0,0
3659,0,0
3660,0,0
3661,0,0
3662,0,0
3663,0,0
3664,0,0
3665,0,0
3666,0,0
3667,0,0
3668,243,1
3669,1661,1
3670,732,1
3671,1394,1
3672,72,1
3673,109,1
3674,219,1
3675,0,0
3676,1601,1
3677,3979,1
3678,3493,1
3679,3744,1
3680,2783,1
3681,269,1
3682,2172,1
3683,3828,1
3684,311,1
3685,74,1
3686,2763,1
3687,3942,1
3688,3050,1
3689,476,1
3690,283,1
3691,349,1
3692,2750,1
3693,1406,1
3694,228,1
3695,947,1
3696,1396,1
3697,1787,1
3698,613,1
3699,0,0
3700,0,0
3701,0,0
3702,0,0
3703,236,1
3704,765,1
3705,334,1
3706,45,0
3707,15,0
3708,0,0
3709,0,0
3710,0,0
3711,0,0
3712,0,0
3713,2785,0
3714,905,0
3715,398,0
3716,1113,0
3717,1084,0
3718,1319,0
3719,1588,0
3720,1810,0
3721,0,0
3722,0,0
3723,0,0
3724,236,1
3725,1889,0
3726,1024,0
3727,274,0
3728,34,0
3729,0,0
3730,0,0
3731,0,0
3732,0,0
3733,0,0
3734,0,0
3735,0,0
3736,0,0
3737,0,0
3738,0,0
3739,0,0
3740,0,0
3741,0,0
3742,0,0
3743,0,0
3744,0,0
3745,0,0
3746,0,0
3747,931,1
3748,2792,1
3749,2510,1
3750,4712,1
3751,3748,1
3752,3784,1
3753,1897,1
3754,0,0
3755,2202,1
3756,4161,1
3757,3791,1
3758,3337,1
3759,2646,1
3760,641,1
3761,2073,1
3762,5095,1
3763,4878,1
3764,465,1
3765,4538,1
3766,3684,1
3767,1548,1
3768,171,1
3769,673,1
3770,378,1
3771,1037,1
3772,365,1
3773,132,1
3774,27,0
3775,947,1
3776,1310,1
3777,274,1
3778,0,0
3779,931,1
3780,182,1
3781,0,0
3782,0,0
3783,297,1
3784,819,1
3785,302,0
3786,0,0
3787,0,0
3788,0,0
3789,0,0
3790,0,0
3791,0,0
3792,2368,0
3793,937,0
3794,76,0
3795,408,0
3796,68,0
3797,1331,0
3798,1716,0
3799,2119,0
3800,0,0
3801,0,0
3802,0,0
3803,18,0
3804,948,1
3805,1701,1
3806,273,0
3807,0,0
3808,0,0
3809,0,0
3810,0,0
3811,0,0
3812,0,0
3813,0,0
3814,0,0
3815,0,0
3816,0,0
3817,0,0
3818,0,0
3819,0,0
3820,0,0
3821,0,0
3822,0,0
3823,0,0
3824,0,0
3825,2322,1
3826,4126,1
3827,3255,1
3828,4086,1
3829,7486,1
3830,5083,1
3831,2967,1
3832,1567,1
3833,0,0
3834,95,1
3835,818,1
3836,495,1
3837,368,1
3838,258,1
3839,491,1
3840,4743,1
3841,7446,1
3842,2710,1
3843,0,0
3844,0,0
3845,0,0
3846,0,0
3847,86,1
3848,845,1
3849,77,1
3850,182,1
3851,520,1
3852,0,0
3853,0,0
3854,10,0
3855,126,1
3856,0,0
3857,0,0
3858,565,1
3859,87,1
3860,0,0
3861,0,0
3862,19,0
3863,650,1
3864,344,0
3865,0,0
3866,0,0
3867,0,0
3868,0,0
3869,0,0
3870,0,0
3871,2449,0
3872,2276,0
3873,1196,0
3874,1545,0
3875,422,0
3876,668,0
3877,1654,0
3878,1160,0
3879,0,0
3880,0,0
3881,0,0
3882,0,0
3883,611,1
3884,2268,1
3885,754,1
3886,0,0
3887,0,0
3888,0,0
3889,0,0
3890,0,0
3891,0,0
3892,0,0
3893,0,0
3894,0,0
3895,0,0
3896,0,0
3897,0,0
3898,0,0
3899,0,0
3900,0,0
3901,0,0
3902,0,0
3903,808,1
3904,3904,1
3905,3508,1
3906,2065,1
3907,2739,1
3908,3469,1
3909,3302,1
3910,1556,1
3911,91,1
3912,0,0
3913,0,0
3914,0,0
3915,0,0
3916,31,0
3917,0,0
3918,0,0
3919,0,0
3920,1662,1
3921,0,0
3922,0,0
3923,0,0
3924,0,0
3925,647,1
3926,1269,1
3927,151,1
3928,0,0
3929,26,0
3930,470,1
3931,0,0
3932,61,1
3933,0,0
3934,0,0
3935,0,0
3936,0,0
3937,0,0
3938,17,0
3939,0,0
3940,0,0
3941,251,1
3942,280,1
3943,436,1
3944,0,0
3945,0,0
3946,0,0
3947,0,0
3948,0,0
3949,0,0
3950,2660,0
3951,2460,0
3952,1268,0
3953,1402,0
3954,598,0
3955,1559,0
3956,2134,0
3957,328,0
3958,0,0
3959,0,0
3960,0,0
3961,0,0
3962,1250,1
3963,798,1
3964,36,0
3965,0,0
3966,0,0
3967,0,0
3968,0,0
3969,0,0
3970,0,0
3971,0,0
3972,0,0
3973,0,0
3974,0,0
3975,0,0
3976,0,0
3977,0,0
3978,0,0
3979,0,0
3980,0,0
3981,219,1
3982,3375,1
3983,3709,1
3984,1221,1
3985,266,1
3986,299,1
3987,614,1
3988,1813,1
3989,1024,1
3990,0,0
3991,0,0
3992,0,0
3993,0,0
3994,0,0
3995,1241,1
3996,1216,1
3997,0,0
3998,0,0
3999,2254,1
4000,176,1
4001,0,0
4002,0,0
4003,0,0
4004,544,1
4005,942,1
4006,663,1
4007,0,0
4008,568,1
4009,1889,1
4010,500,1
4011,2619,1
4012,1359,1
4013,0,0
4014,0,0
4015,0,0
4016,0,0
4017,106,1
4018,71,1
4019,255,1
4020,44,1
4021,207,1
4022,27,0
4023,0,0
4024,0,0
4025,0,0
4026,0,0
4027,0,0
4028,0,0
4029,2799,0
4030,2044,0
4031,1382,0
4032,1164,0
4033,1264,0
4034,1757,0
4035,2109,0
4036,320,0
4037,0,0
4038,0,0
4039,0,0
4040,347,1
4041,3596,1
4042,2687,1
4043,0,0
4044,0,0
4045,1828,1
4046,1265,1
4047,0,0
4048,0,0
4049,0,0
4050,0,0
4051,0,0
4052,0,0
4053,0,0
4054,0,0
4055,0,0
4056,0,0
4057,0,0
4058,0,0
4059,324,1
4060,1114,1
4061,2886,1
4062,1784,1
4063,17,0
4064,0,0
4065,0,0
4066,0,0
4067,0,0
4068,0,0
4069,0,0
4070,0,0
4071,0,0
4072,1518,1
4073,786,1
4074,0,0
4075,2044,1
4076,489,1
4077,0,0
4078,0,0
4079,0,0
4080,0,0
4081,0,0
4082,0,0
4083,0,0
4084,346,1
4085,2367,1
4086,1040,1
4087,12,0
4088,426,1
4089,359,1
4090,3496,1
4091,3085,1
4092,20,0
4093,12,0
4094,0,0
4095,0,0
4096,0,0
4097,127,1
4098,177,1
4099,39,1
4100,164,1
4101,242,1
4102,230,1
4103,0,0
4104,0,0
4105,0,0
4106,0,0
4107,0,0
4108,2678,0
4109,1784,0
4110,1233,0
4111,1141,0
4112,1274,0
4113,1885,0
4114,2994,0
4115,1736,0
4116,0,0
4117,0,0
4118,0,0
4119,17,0
4120,1356,1
4121,1133,1
4122,0,0
4123,150,1
4124,2748,1
4125,2295,1
4126,502,1
4127,0,0
4128,0,0
4129,0,0
4130,0,0
4131,0,0
4132,0,0
4133,0,0
4134,0,0
4135,0,0
4136,0,0
4137,0,0
4138,1994,1
4139,3701,1
4140,1601,1
4141,1416,1
4142,1148,1
4143,0,0
4144,0,0
4145,0,0
4146,0,0
4147,0,0
4148,192,1
4149,1558,1
4150,2541,1
4151,2500,1
4152,376,1
4153,1524,1
4154,2090,1
4155,101,1
4156,0,0
4157,0,0
4158,0,0
4159,0,0
4160,0,0
4161,0,0
4162,127,1
4163,362,1
4164,3438,1
4165,1927,1
4166,143,1
4167,0,0
4168,0,0
4169,2385,1
4170,3774,1
4171,1760,1
4172,741,1
4173,38,1
4174,0,0
4175,0,0
4176,0,0
4177,70,1
4178,314,1
4179,308,1
4180,90,1
4181,0,0
4182,0,0
4183,0,0
4184,0,0
4185,0,0
4186,0,0
4187,1871,0
4188,1470,0
4189,1182,0
4190,1125,0
4191,1243,0
4192,1288,0
4193,494,0
4194,658,0
4195,0,0
4196,0,0
4197,18,0
4198,1752,1
4199,582,1
4200,0,0
4201,0,0
4202,1670,1
4203,3785,1
4204,2933,1
4205,3163,1
4206,753,1
4207,268,1
4208,680,1
4209,71,1
4210,0,0
4211,0,0
4212,0,0
4213,0,0
4214,0,0
4215,0,0
4216,0,0
4217,825,1
4218,2188,1
4219,2172,1
4220,1936,1
4221,1079,1
4222,0,0
4223,0,0
4224,259,1
4225,41,1
4226,0,0
4227,1622,1
4228,2742,1
4229,1852,1
4230,2543,1
4231,0,0
4232,3089,1
4233,1045,1
4234,0,0
4235,0,0
4236,249,1
4237,0,0
4238,0,0
4239,0,0
4240,14,0
4241,30,0
4242,0,0
4243,3097,1
4244,2228,1
4245,1017,1
4246,0,0
4247,0,0
4248,1740,1
4249,4472,1
4250,2759,1
4251,2071,1
4252,645,1
4253,0,0
4254,0,0
4255,37,0
4256,174,1
4257,46,1
4258,216,1
4259,278,1
4260,0,0
4261,0,0
4262,0,0
4263,0,0
4264,0,0
4265,0,0
4266,1377,0
4267,1159,0
4268,1128,0
4269,1147,0
4270,1356,0
4271,630,0
4272,0,0
4273,0,0
4274,0,0
4275,0,0
4276,79,1
4277,2028,1
4278,749,1
4279,0,0
4280,0,0
4281,579,1
4282,3214,1
4283,2541,1
4284,3083,1
4285,2398,1
4286,1433,1
4287,1615,1
4288,266,1
4289,0,0
4290,0,0
4291,0,0
4292,0,0
4293,0,0
4294,0,0
4295,0,0
4296,0,0
4297,0,0
4298,431,1
4299,1784,1
4300,1355,1
4301,10,0
4302,0,0
4303,1744,1
4304,2044,1
4305,103,1
4306,4845,1
4307,5822,1
4308,4950,1
4309,2832,1
4310,1215,1
4311,2295,1
4312,0,0
4313,0,0
4314,29,0
4315,43,1
4316,0,0
4317,0,0
4318,0,0
4319,0,0
4320,0,0
4321,0,0
4322,2755,1
4323,2352,1
4324,1896,1
4325,311,1
4326,0,0
4327,92,1
4328,1516,1
4329,2625,1
4330,2418,1
4331,891,1
4332,0,0
4333,0,0
4334,0,0
4335,0,0
4336,0,0
4337,0,0
4338,0,0
4339,0,0
4340,456,1
4341,443,1
4342,0,0
4343,0,0
4344,0,0
4345,1233,0
4346,1190,0
4347,1151,0
4348,993,0
4349,885,0
4350,114,0
4351,0,0
4352,0,0
4353,0,0
4354,0,0
4355,0,0
4356,0,0
4357,0,0
4358,0,0
4359,0,0
4360,0,0
4361,477,1
4362,1975,1
4363,2793,1
4364,2645,1
4365,323,1
4366,513,1
4367,11,0
4368,0,0
4369,0,0
4370,0,0
4371,0,0
4372,0,0
4373,0,0
4374,0,0
4375,0,0
4376,0,0
4377,11,0
4378,623,1
4379,808,1
4380,0,0
4381,0,0
4382,0,0
4383,530,1
4384,1084,1
4385,8241,1
4386,8466,1
4387,2672,1
4388,2489,1
4389,1921,1
4390,506,1
4391,0,0
4392,0,0
4393,0,0
4394,0,0
4395,0,0
4396,0,0
4397,0,0
4398,0,0
4399,0,0
4400,68,1
4401,2617,1
4402,2258,1
4403,1709,1
4404,2246,1
4405,307,1
4406,56,1
4407,1057,1
4408,3042,1
4409,3676,1
4410,1708,1
4411,0,0
4412,0,0
4413,0,0
4414,0,0
4415,0,0
4416,0,0
4417,0,0
4418,0,0
4419,228,1
4420,256,1
4421,0,0
4422,0,0
4423,0,0
4424,1183,0
4425,1143,0
4426,1282,0
4427,217,0
4428,0,0
4429,0,0
4430,0,0
4431,0,0
4432,0,0
4433,0,0
4434,0,0
4435,0,0
4436,0,0
4437,0,0
4438,0,0
4439,0,0
4440,1899,1
4441,3453,1
4442,3112,1
4443,3068,1
4444,1651,1
4445,1897,1
4446,434,1
4447,0,0
4448,0,0
4449,29,0
4450,14,0
4451,0,0
4452,0,0
4453,0,0
4454,0,0
4455,0,0
4456,0,0
4457,246,1
4458,864,1
4459,0,0
4460,0,0
4461,0,0
4462,0,0
4463,3896,1
4464,8484,1
4465,7189,1
4466,781,1
4467,78,1
4468,37,0
4469,0,0
4470,361,1
4471,0,0
4472,0,0
4473,0,0
4474,0,0
4475,0,0
4476,0,0
4477,0,0
4478,0,0
4479,282,1
4480,1553,1
4481,1866,1
4482,2034,1
4483,1354,1
4484,1147,1
4485,457,1
4486,1563,1
4487,2905,1
4488,4307,1
4489,2485,1
4490,0,0
4491,0,0
4492,0,0
4493,0,0
4494,0,0
4495,0,0
4496,0,0
4497,0,0
4498,0,0
4499,0,0
4500,0,0
4501,0,0
4502,0,0
4503,1197,0
4504,1279,0
4505,1173,0
4506,0,0
4507,0,0
4508,0,0
4509,0,0
4510,0,0
4511,0,0
4512,82,1
4513,1050,1
4514,132,1
4515,0,0
4516,0,0
4517,607,1
4518,808,1
4519,1448,1
4520,3845,1
4521,5010,1
4522,5565,1
4523,3531,1
4524,1416,1
4525,352,1
4526,498,1
4527,47,1
4528,89,1
4529,37,0
4530,0,0
4531,18,0
4532,353,1
4533,0,0
4534,0,0
4535,0,0
4536,542,1
4537,2132,1
4538,173,1
4539,0,0
4540,0,0
4541,0,0
4542,418,1
4543,4988,1
4544,960,1
4545,0,0
4546,0,0
4547,67,1
4548,0,0
4549,1065,1
4550,39,1
4551,0,0
4552,0,0
4553,0,0
4554,0,0
4555,0,0
4556,0,0
4557,0,0
4558,199,1
4559,939,1
4560,1736,1
4561,2104,1
4562,1703,1
4563,1158,1
4564,1286,1
4565,2305,1
4566,4212,1
4567,5645,1
4568,3678,1
4569,15,0
4570,0,0
4571,0,0
4572,0,0
4573,0,0
4574,0,0
4575,0,0
4576,0,0
4577,0,0
4578,0,0
4579,0,0
4580,0,0
4581,0,0
4582,1275,0
4583,366,0
4584,63,0
4585,0,0
4586,0,0
4587,0,0
4588,0,0
4589,0,0
4590,0,0
4591,391,1
4592,1852,1
4593,348,1
4594,0,0
4595,0,0
4596,2558,1
4597,3606,1
4598,1966,1
4599,2744,1
4600,4803,1
4601,4846,1
4602,2467,1
4603,12,0
4604,1188,1
4605,1895,1
4606,1213,1
4607,118,1
4608,0,0
4609,0,0
4610,45,1
4611,653,1
4612,0,0
4613,0,0
4614,0,0
4615,11,0
4616,467,1
4617,58,1
4618,0,0
4619,0,0
4620,0,0
4621,1260,1
4622,3999,1
4623,251,1
4624,0,0
4625,0,0
4626,458,1
4627,196,1
4628,1427,1
4629,108,1
4630,0,0
4631,0,0
4632,0,0
4633,0,0
4634,0,0
4635,0,0
4636,0,0
4637,0,0
4638,388,1
4639,1652,1
4640,2167,1
4641,2184,1
4642,3689,1
4643,3079,1
4644,4164,1
4645,3851,1
4646,4859,1
4647,2423,1
4648,29,0
4649,0,0
4650,0,0
4651,0,0
4652,0,0
4653,0,0
4654,0,0
4655,0,0
4656,0,0
4657,0,0
4658,0,0
4659,0,0
4660,0,0
4661,1395,0
4662,118,0
4663,0,0
4664,0,0
4665,0,0
4666,0,0
4667,0,0
4668,0,0
4669,0,0
4670,11,0
4671,180,1
4672,0,0
4673,0,0
4674,0,0
4675,1689,1
4676,4111,1
4677,2874,1
4678,1876,1
4679,2964,1
4680,3185,1
4681,1186,1
4682,0,0
4683,814,1
4684,1695,1
4685,1999,1
4686,648,1
4687,0,0
4688,0,0
4689,0,0
4690,580,1
4691,15,0
4692,0,0
4693,0,0
4694,0,0
4695,0,0
4696,0,0
4697,0,0
4698,0,0
4699,1870,1
4700,1860,1
4701,1598,1
4702,209,1
4703,0,0
4704,0,0
4705,0,0
4706,0,0
4707,126,1
4708,0,0
4709,0,0
4710,0,0
4711,0,0
4712,0,0
4713,0,0
4714,0,0
4715,0,0
4716,0,0
4717,743,1
4718,2030,1
4719,2524,1
4720,2238,1
4721,2241,1
4722,1581,1
4723,1987,1
4724,969,1
4725,1308,1
4726,903,1
4727,491,1
4728,0,0
4729,0,0
4730,0,0
4731,0,0
4732,0,0
4733,0,0
4734,0,0
4735,0,0
4736,0,0
4737,0,0
4738,0,0
4739,0,0
4740,1991,0
4741,1280,0
4742,0,0
4743,0,0
4744,0,0
4745,0,0
4746,0,0
4747,0,0
4748,0,0
4749,0,0
4750,0,0
4751,0,0
4752,0,0
4753,0,0
4754,852,1
4755,2486,1
4756,1934,1
4757,884,1
4758,556,1
4759,2570,1
4760,2379,1
4761,18,0
4762,0,0
4763,1286,1
4764,1758,1
4765,291,1
4766,0,0
4767,0,0
4768,0,0
4769,282,1
4770,0,0
4771,0,0
4772,0,0
4773,0,0
4774,0,0
4775,0,0
4776,0,0
4777,408,1
4778,5006,1
4779,3146,1
4780,0,0
4781,0,0
4782,0,0
4783,0,0
4784,0,0
4785,0,0
4786,0,0
4787,0,0
4788,0,0
4789,0,0
4790,0,0
4791,0,0
4792,0,0
4793,0,0
4794,0,0
4795,0,0
4796,364,1
4797,1555,1
4798,1169,1
4799,674,1
4800,848,1
4801,939,1
4802,0,0
4803,0,0
4804,0,0
4805,0,0
4806,63,1
4807,0,0
4808,0,0
4809,0,0
4810,0,0
4811,0,0
4812,0,0
4813,0,0
4814,0,0
4815,0,0
4816,0,0
4817,0,0
4818,0,0
4819,685,0
4820,173,0
4821,0,0
4822,0,0
4823,0,0
4824,0,0
4825,0,0
4826,0,0
4827,0,0
4828,0,0
4829,0,0
4830,0,0
4831,0,0
4832,0,0
4833,0,0
4834,0,0
4835,57,1
4836,0,0
4837,0,0
4838,1541,1
4839,2193,1
4840,69,1
4841,0,0
4842,463,1
4843,892,1
4844,0,0
4845,0,0
4846,0,0
4847,0,0
4848,0,0
4849,0,0
4850,0,0
4851,0,0
4852,0,0
4853,0,0
4854,0,0
4855,0,0
4856,250,1
4857,1361,1
4858,319,1
4859,0,0
4860,0,0
4861,0,0
4862,0,0
4863,0,0
4864,0,0
4865,0,0
4866,0,0
4867,26,0
4868,0,0
4869,0,0
4870,0,0
4871,0,0
4872,0,0
4873,0,0
4874,0,0
4875,919,1
4876,2861,1
4877,1820,1
4878,2287,1
4879,990,1
4880,0,0
4881,0,0
4882,0,0
4883,0,0
4884,0,0
4885,0,0
4886,0,0
4887,0,0
4888,0,0
4889,0,0
4890,0,0
4891,0,0
4892,0,0
4893,0,0
4894,0,0
4895,0,0
4896,0,0
4897,0,0
4898,67,0
4899,0,0
4900,0,0
4901,22,0
4902,155,1
4903,0,0
4904,0,0
4905,0,0
4906,0,0
4907,0,0
4908,0,0
4909,0,0
4910,0,0
4911,0,0
4912,419,1
4913,923,1
4914,740,1
4915,1002,1
4916,0,0
4917,40,1
4918,82,1
4919,1617,1
4920,975,1
4921,0,0
4922,0,0
4923,0,0
4924,0,0
4925,0,0
4926,0,0
4927,0,0
4928,0,0
4929,0,0
4930,0,0
4931,0,0
4932,716,1
4933,206,1
4934,0,0
4935,0,0
4936,0,0
4937,0,0
4938,0,0
4939,0,0
4940,0,0
4941,0,0
4942,0,0
4943,0,0
4944,0,0
4945,557,1
4946,469,1
4947,361,1
4948,0,0
4949,0,0
4950,128,1
4951,812,1
4952,0,0
4953,0,0
4954,363,1
4955,1537,1
4956,686,1
4957,654,1
4958,374,1
4959,0,0
4960,0,0
4961,0,0
4962,0,0
4963,0,0
4964,0,0
4965,0,0
4966,0,0
4967,0,0
4968,0,0
4969,0,0
4970,0,0
4971,0,0
4972,0,0
4973,0,0
4974,0,0
4975,0,0
4976,0,0
4977,1383,0
4978,0,0
4979,0,0
4980,356,1
4981,1684,1
4982,0,0
4983,0,0
4984,0,0
4985,0,0
4986,0,0
4987,0,0
4988,0,0
4989,0,0
4990,1999,1
4991,3995,1
4992,4395,1
4993,3972,1
4994,2066,1
4995,93,1
4996,0,0
4997,177,1
4998,3045,1
4999,2385,1
5000,640,1
5001,347,1
5002,0,0
5003,0,0
5004,0,0
5005,0,0
5006,0,0
5007,0,0
5008,0,0
5009,0,0
5010,0,0
5011,0,0
5012,0,0
5013,0,0
5014,80,1
5015,775,1
5016,0,0
5017,0,0
5018,0,0
5019,0,0
5020,0,0
5021,0,0
5022,0,0
5023,0,0
5024,30,0
5025,151,1
5026,48,1
5027,0,0
5028,0,0
5029,370,1
5030,1546,1
5031,54,1
5032,0,0
5033,0,0
5034,0,0
5035,0,0
5036,0,0
5037,0,0
5038,0,0
5039,0,0
5040,0,0
5041,0,0
5042,0,0
5043,17,0
5044,35,0
5045,0,0
5046,0,0
5047,0,0
5048,0,0
5049,0,0
5050,30,0
5051,0,0
5052,0,0
5053,0,0
5054,0,0
5055,0,0
5056,1683,0
5057,331,0
5058,0,0
5059,0,0
5060,66,0
5061,0,0
5062,0,0
5063,0,0
5064,0,0
5065,0,0
5066,0,0
5067,0,0
5068,0,0
5069,3505,1
5070,4502,1
5071,3405,1
5072,2766,1
5073,2402,1
5074,858,1
5075,0,0
5076,0,0
5077,1487,1
5078,2227,1
5079,3892,1
5080,2357,1
5081,277,1
5082,0,0
5083,0,0
5084,0,0
5085,0,0
5086,0,0
5087,0,0
5088,0,0
5089,0,0
5090,0,0
5091,0,0
5092,0,0
5093,53,1
5094,590,1
5095,0,0
5096,0,0
5097,0,0
5098,0,0
5099,0,0
5100,268,1
5101,68,1
5102,0,0
5103,0,0
5104,0,0
5105,0,0
5106,0,0
5107,0,0
5108,0,0
5109,0,0
5110,0,0
5111,0,0
5112,0,0
5113,0,0
5114,0,0
5115,0,0
5116,0,0
5117,0,0
5118,0,0
5119,0,0
5120,0,0
5121,0,0
5122,0,0
5123,0,0
5124,0,0
5125,0,0
5126,0,0
5127,0,0
5128,0,0
5129,15,0
5130,181,0
5131,0,0
5132,0,0
5133,0,0
5134,0,0
5135,2263,0
5136,1645,0
5137,429,0
5138,508,0
5139,1397,0
5140,382,0
5141,0,0
5142,196,1
5143,169,1
5144,0,0
5145,0,0
5146,0,0
5147,47,1
5148,1158,1
5149,1150,1
5150,4029,1
5151,2520,1
5152,1999,1
5153,296,1
5154,0,0
5155,0,0
5156,2528,1
5157,3291,1
5158,2802,1
5159,2759,1
5160,707,1
5161,255,1
5162,183,1
5163,0,0
5164,0,0
5165,0,0
5166,0,0
5167,0,0
5168,0,0
5169,0,0
5170,0,0
5171,0,0
5172,0,0
5173,0,0
5174,0,0
5175,0,0
5176,0,0
5177,11,0
5178,11,0
5179,345,1
5180,98,1
5181,0,0
5182,0,0
5183,0,0
5184,0,0
5185,0,0
5186,0,0
5187,0,0
5188,0,0
5189,0,0
5190,0,0
5191,0,0
5192,0,0
5193,0,0
5194,0,0
5195,0,0
5196,0,0
5197,0,0
5198,0,0
5199,0,0
5200,0,0
5201,0,0
5202,0,0
5203,0,0
5204,195,0
5205,218,0
5206,261,0
5207,0,0
5208,14,0
5209,621,0
5210,410,0
5211,0,0
5212,0,0
5213,0,0
5214,1929,0
5215,1892,0
5216,1151,0
5217,1197,0
5218,1386,0
5219,788,0
5220,0,0
5221,1064,1
5222,863,1
5223,0,0
5224,0,0
5225,0,0
5226,685,1
5227,4041,1
5228,3862,1
5229,4071,1
5230,3867,1
5231,2260,1
5232,0,0
5233,0,0
5234,0,0
5235,2666,1
5236,2788,1
5237,2021,1
5238,3335,1
5239,836,1
5240,437,1
5241,1089,1
5242,82,1
5243,423,1
5244,0,0
5245,0,0
5246,0,0
5247,0,0
5248,0,0
5249,0,0
5250,0,0
5251,0,0
5252,0,0
5253,0,0
5254,0,0
5255,110,1
5256,214,1
5257,136,1
5258,26,0
5259,0,0
5260,0,0
5261,0,0
5262,0,0
5263,112,1
5264,0,0
5265,0,0
5266,0,0
5267,0,0
5268,15,0
5269,239,0
5270,47,1
5271,734,1
5272,48,1
5273,0,0
5274,0,0
5275,0,0
5276,0,0
5277,0,0
5278,0,0
5279,0,0
5280,0,0
5281,0,0
5282,185,0
5283,153,0
5284,1675,0
5285,1795,0
5286,76,0
5287,0,0
5288,57,0
5289,911,0
5290,138,0
5291,0,0
5292,0,0
5293,1694,0
5294,1835,0
5295,1155,0
5296,984,0
5297,966,0
5298,320,0
5299,0,0
5300,24,0
5301,12,0
5302,0,0
5303,0,0
5304,0,0
5305,51,0
5306,2635,1
5307,2254,1
5308,3435,1
5309,3767,1
5310,1807,1
5311,0,0
5312,157,1
5313,369,1
5314,2309,1
5315,1486,1
5316,337,1
5317,1079,1
5318,59,1
5319,0,0
5320,0,0
5321,355,1
5322,1504,1
5323,1218,1
5324,0,0
5325,0,0
5326,0,0
5327,0,0
5328,0,0
5329,0,0
5330,0,0
5331,0,0
5332,0,0
5333,53,0
5334,645,0
5335,0,0
5336,0,0
5337,1491,1
5338,778,1
5339,0,0
5340,0,0
5341,9,0
5342,656,1
5343,41,1
5344,0,0
5345,0,0
5346,0,0
5347,906,0
5348,1305,0
5349,375,0
5350,2509,0
5351,508,0
5352,738,0
5353,262,0
5354,0,0
5355,0,0
5356,0,0
5357,0,0
5358,256,0
5359,838,0
5360,1249,0
5361,953,0
5362,752,0
5363,1550,0
5364,1597,0
5365,1764,0
5366,744,0
5367,104,0
5368,140,0
5369,401,0
5370,377,0
5371,34,0
5372,1415,0
5373,2221,0
5374,1173,0
5375,1032,0
5376,837,0
5377,36,0
5378,0,0
5379,0,0
5380,0,0
5381,0,0
5382,0,0
5383,0,0
5384,0,0
5385,0,0
5386,265,0
5387,1865,1
5388,2919,1
5389,351,1
5390,1085,1
5391,3493,1
5392,3328,1
5393,4627,1
5394,3050,1
5395,2245,1
5396,598,1
5397,0,0
5398,0,0
5399,0,0
5400,0,0
5401,207,1
5402,1022,1
5403,1480,1
5404,0,0
5405,0,0
5406,0,0
5407,0,0
5408,0,0
5409,0,0
5410,0,0
5411,0,0
5412,0,0
5413,0,0
5414,0,0
5415,0,0
5416,254,1
5417,553,1
5418,0,0
5419,297,1
5420,354,1
5421,0,0
5422,0,0
5423,0,0
5424,0,0
5425,0,0
5426,0,0
5427,0,0
5428,0,0
5429,127,0
5430,857,0
5431,2358,0
5432,1416,0
5433,92,0
5434,0,0
5435,0,0
5436,0,0
5437,780,0
5438,1614,0
5439,1883,0
5440,2904,0
5441,2930,0
5442,2454,0
5443,1213,0
5444,1819,0
5445,1539,0
5446,1457,0
5447,1623,0
5448,427,0
5449,336,0
5450,261,0
5451,2163,0
5452,2336,0
5453,1804,0
5454,1478,0
5455,432,0
5456,0,0
5457,0,0
5458,0,0
5459,0,0
5460,0,0
5461,0,0
5462,0,0
5463,0,0
5464,0,0
5465,697,0
5466,1708,0
5467,805,0
5468,0,0
5469,309,1
5470,1244,1
5471,2227,1
5472,3945,1
5473,2855,1
5474,2605,1
5475,1556,1
5476,0,0
5477,0,0
5478,0,0
5479,1434,1
5480,636,1
5481,713,1
5482,2291,1
5483,391,1
5484,0,0
5485,0,0
5486,0,0
5487,0,0
5488,0,0
5489,0,0
5490,0,0
5491,0,0
5492,0,0
5493,0,0
5494,0,0
5495,162,1
5496,212,1
5497,0,0
5498,0,0
5499,0,0
5500,0,0
5501,0,0
5502,0,0
5503,0,0
5504,0,0
5505,0,0
5506,0,0
5507,0,0
5508,0,0
5509,0,0
5510,500,0
5511,75,0
5512,0,0
5513,0,0
5514,40,0
5515,155,0
5516,811,0
5517,1734,0
5518,1837,0
5519,2301,0
5520,1996,0
5521,1665,0
5522,339,0
5523,418,0
5524,1933,0
5525,374,0
5526,2104,0
5527,1804,0
5528,196,0
5529,721,0
5530,2691,0
5531,2464,0
5532,2391,0
5533,1235,0
5534,45,0
5535,0,0
5536,0,0
5537,0,0
5538,0,0
5539,0,0
5540,0,0
5541,59,0
5542,168,0
5543,396,0
5544,254,0
5545,371,0
5546,346,0
5547,0,0
5548,0,0
5549,0,0
5550,1957,1
5551,3149,1
5552,1816,1
5553,850,1
5554,323,1
5555,0,0
5556,0,0
5557,179,1
5558,2099,1
5559,2313,1
5560,2853,1
5561,275,1
5562,310,1
5563,0,0
5564,15,0
5565,474,1
5566,0,0
5567,0,0
5568,0,0
5569,0,0
5570,0,0
5571,0,0
5572,0,0
5573,0,0
5574,325,0
5575,462,0
5576,0,0
5577,0,0
5578,0,0
5579,0,0
5580,665,1
5581,659,0
5582,0,0
5583,0,0
5584,0,0
5585,0,0
5586,0,0
5587,0,0
5588,0,0
5589,841,0
5590,468,0
5591,0,0
5592,0,0
5593,162,0
5594,1306,0
5595,1591,0
5596,1139,0
5597,859,0
5598,1624,0
5599,1781,0
5600,1347,0
5601,603,0
5602,2095,0
5603,1133,0
5604,466,0
5605,2258,0
5606,2611,0
5607,945,0
5608,347,0
5609,2876,0
5610,2725,0
5611,2413,0
5612,1732,0
5613,96,0
5614,0,0
5615,0,0
5616,0,0
5617,0,0
5618,0,0
5619,341,0
5620,1795,0
5621,1974,0
5622,1992,0
5623,2562,0
5624,1445,0
5625,0,0
5626,31,0
5627,2900,1
5628,2330,1
5629,433,1
5630,2416,1
5631,2387,1
5632,709,1
5633,0,0
5634,0,0
5635,0,0
5636,0,0
5637,258,1
5638,1286,1
5639,3678,1
5640,2960,1
5641,2203,1
5642,0,0
5643,372,1
5644,2840,1
5645,1102,1
5646,75,1
5647,148,1
5648,0,0
5649,0,0
5650,0,0
5651,0,0
5652,0,0
5653,0,0
5654,0,0
5655,0,0
5656,0,0
5657,0,0
5658,0,0
5659,168,0
5660,151,0
5661,0,0
5662,0,0
5663,0,0
5664,0,0
5665,0,0
5666,0,0
5667,0,0
5668,260,0
5669,191,0
5670,0,0
5671,0,0
5672,0,0
5673,195,0
5674,976,0
5675,2634,0
5676,2213,0
5677,947,0
5678,1348,0
5679,937,0
5680,329,0
5681,28,0
5682,0,0
5683,455,0
5684,903,0
5685,1754,0
5686,1040,0
5687,1854,0
5688,2999,0
5689,1665,0
5690,1400,0
5691,1588,0
5692,406,0
5693,0,0
5694,0,0
5695,0,0
5696,0,0
5697,0,0
5698,114,0
5699,1715,0
5700,2356,0
5701,2424,0
5702,2128,0
5703,1214,0
5704,0,0
5705,111,0
5706,3206,1
5707,2170,1
5708,911,1
5709,3443,1
5710,2597,1
5711,987,1
5712,0,0
5713,0,0
5714,11,0
5715,1016,1
5716,327,1
5717,0,0
5718,1636,1
5719,2144,1
5720,1518,1
5721,202,1
5722,2273,1
5723,3135,1
5724,1194,1
5725,1002,1
5726,984,1
5727,0,0
5728,0,0
5729,0,0
5730,0,0
5731,0,0
5732,0,0
5733,0,0
5734,0,0
5735,0,0
5736,0,0
5737,0,0
5738,0,0
5739,0,0
5740,0,0
5741,0,0
5742,0,0
5743,0,0
5744,0,0
5745,315,0
5746,0,0
5747,0,0
5748,92,0
5749,55,0
5750,0,0
5751,0,0
5752,0,0
5753,400,0
5754,961,0
5755,941,0
5756,1689,0
5757,758,0
5758,373,0
5759,138,0
5760,166,0
5761,1012,0
5762,6885,0
5763,7848,0
5764,7395,0
5765,2660,0
5766,1180,0
5767,2929,0
5768,1900,0
5769,1279,0
5770,791,0
5771,86,0
5772,512,0
5773,0,0
5774,0,0
5775,0,0
5776,0,0
5777,203,0
5778,1652,0
5779,1441,0
5780,1292,0
5781,358,0
5782,17,0
5783,707,0
5784,263,0
5785,235,0
5786,580,1
5787,2337,1
5788,3946,1
5789,825,1
5790,27,0
5791,0,0
5792,0,0
5793,11,0
5794,2157,1
5795,841,1
5796,0,0
5797,0,0
5798,25,0
5799,3883,1
5800,3083,1
5801,2418,0
5802,113,0
5803,0,0
5804,0,0
5805,874,0
5806,292,0
5807,0,0
5808,0,0
5809,0,0
5810,0,0
5811,0,0
5812,0,0
5813,0,0
5814,0,0
5815,19,0
5816,213,0
5817,0,0
5818,0,0
5819,0,0
5820,0,0
5821,0,0
5822,0,0
5823,462,0
5824,1084,0
5825,233,0
5826,0,0
5827,216,0
5828,240,0
5829,165,0
5830,0,0
5831,0,0
5832,0,0
5833,1033,0
5834,2379,0
5835,1598,0
5836,685,0
5837,0,0
5838,0,0
5839,0,0
5840,2919,0
5841,4101,0
5842,10436,0
5843,13429,0
5844,4048,0
5845,292,0
5846,2239,0
5847,1698,0
5848,1384,0
5849,414,0
5850,186,0
5851,926,0
5852,0,0
5853,0,0
5854,0,0
5855,0,0
5856,422,0
5857,1618,0
5858,1216,0
5859,1094,0
5860,0,0
5861,231,0
5862,2172,0
5863,917,0
5864,271,0
5865,1418,0
5866,3749,1
5867,3076,1
5868,101,1
5869,0,0
5870,0,0
5871,0,0
5872,392,1
5873,2146,1
5874,628,1
5875,0,0
5876,0,0
5877,0,0
5878,2499,1
5879,6178,0
5880,1537,0
5881,0,0
5882,0,0
5883,0,0
5884,0,0
5885,0,0
5886,0,0
5887,0,0
5888,0,0
5889,0,0
5890,0,0
5891,0,0
5892,0,0
5893,0,0
5894,0,0
5895,580,0
5896,0,0
5897,0,0
5898,0,0
5899,0,0
5900,0,0
5901,1888,0
5902,831,0
5903,2152,0
5904,837,0
5905,225,0
5906,85,0
5907,1458,0
5908,0,0
5909,33,0
5910,35,0
5911,0,0
5912,0,0
5913,205,0
5914,267,0
5915,582,0
5916,0,0
5917,0,0
5918,0,0
5919,827,0
5920,928,0
5921,4991,0
5922,8726,0
5923,2435,0
5924,71,0
5925,2229,0
5926,1242,0
5927,1010,0
5928,972,0
5929,1447,0
5930,71,0
5931,0,0
5932,0,0
5933,0,0
5934,0,0
5935,0,0
5936,1450,0
5937,1185,0
5938,232,0
5939,0,0
5940,0,0
5941,702,0
5942,260,0
5943,1083,0
5944,2217,0
5945,2963,0
5946,1301,1
5947,0,0
5948,0,0
5949,0,0
5950,0,0
5951,295,1
5952,1113,1
5953,154,1
5954,0,0
5955,0,0
5956,384,1
5957,2977,0
5958,3036,0
5959,361,0
5960,0,0
5961,0,0
5962,0,0
5963,0,0
5964,0,0
5965,0,0
5966,0,0
5967,0,0
5968,0,0
5969,0,0
5970,0,0
5971,0,0
5972,0,0
5973,162,0
5974,191,0
5975,0,0
5976,0,0
5977,16,0
5978,176,0
5979,19,0
5980,1120,0
5981,1471,0
5982,1479,0
5983,819,0
5984,1173,0
5985,108,0
5986,1109,0
5987,32,0
5988,0,0
5989,85,0
5990,0,0
5991,0,0
5992,0,0
5993,266,0
5994,302,0
5995,0,0
5996,191,0
5997,46,0
5998,146,0
5999,234,0
6000,298,0
6001,3285,0
6002,2150,0
6003,127,0
6004,2010,0
6005,1262,0
6006,461,0
6007,1784,0
6008,2573,0
6009,348,0
6010,0,0
6011,0,0
6012,16,0
6013,0,0
6014,17,0
6015,1639,0
6016,2281,0
6017,420,0
6018,0,0
6019,0,0
6020,0,0
6021,8,0
6022,1169,0
6023,2693,0
6024,1993,0
6025,78,0
6026,0,0
6027,0,0
6028,0,0
6029,690,1
6030,3243,1
6031,977,1
6032,1159,1
6033,646,1
6034,0,0
6035,1348,0
6036,3251,0
6037,1160,0
6038,177,0
6039,0,0
6040,0,0
6041,0,0
6042,0,0
6043,0,0
6044,0,0
6045,0,0
6046,0,0
6047,0,0
6048,0,0
6049,0,0
6050,0,0
6051,0,0
6052,0,0
6053,0,0
6054,0,0
6055,0,0
6056,1487,0
6057,577,0
6058,0,0
6059,937,0
6060,1896,0
6061,1537,0
6062,5750,0
6063,6705,0
6064,5165,0
6065,1739,0
6066,0,0
6067,0,0
6068,0,0
6069,0,0
6070,0,0
6071,0,0
6072,0,0
6073,0,0
6074,0,0
6075,0,0
6076,234,0
6077,137,0
6078,261,0
6079,128,0
6080,2960,0
6081,6948,0
6082,6762,0
6083,1941,0
6084,1323,0
6085,15,0
6086,935,0
6087,968,0
6088,0,0
6089,0,0
6090,1316,0
6091,2304,0
6092,1106,0
6093,2201,0
6094,1308,0
6095,1863,0
6096,167,0
6097,0,0
6098,0,0
6099,0,0
6100,111,0
6101,291,0
6102,2456,0
6103,1067,0
6104,0,0
6105,75,0
6106,854,0
6107,1612,1
6108,1665,1
6109,3549,1
6110,2355,1
6111,2034,1
6112,669,1
6113,0,0
6114,356,0
6115,612,0
6116,332,0
6117,51,0
6118,46,0
6119,0,0
6120,0,0
6121,0,0
6122,0,0
6123,0,0
6124,0,0
6125,0,0
6126,0,0
6127,0,0
6128,0,0
6129,0,0
6130,0,0
6131,0,0
6132,0,0
6133,118,0
6134,678,0
6135,2291,0
6136,563,0
6137,303,0
6138,3009,0
6139,4736,0
6140,1548,0
6141,3532,0
6142,3238,0
6143,1484,0
6144,0,0
6145,118,0
6146,0,0
6147,145,0
6148,0,0
6149,0,0
6150,26,0
6151,0,0
6152,0,0
6153,0,0
6154,0,0
6155,1971,0
6156,200,0
6157,127,0
6158,329,0
6159,0,0
6160,579,0
6161,5381,0
6162,948,0
6163,183,0
6164,0,0
6165,268,0
6166,2394,0
6167,734,0
6168,0,0
6169,2557,0
6170,2872,0
6171,563,0
6172,1599,0
6173,93,0
6174,109,0
6175,0,0
6176,25,0
6177,1097,0
6178,320,0
6179,132,0
6180,383,0
6181,152,0
6182,98,0
6183,61,0
6184,1846,0
6185,2158,0
6186,2042,0
6187,3684,1
6188,3432,1
6189,1971,1
6190,758,1
6191,0,0
6192,0,0
6193,0,0
6194,0,0
6195,0,0
6196,0,0
6197,26,0
6198,0,0
6199,0,0
6200,0,0
6201,0,0
6202,0,0
6203,0,0
6204,0,0
6205,0,0
6206,0,0
6207,0,0
6208,0,0
6209,0,0
6210,0,0
6211,0,0
6212,229,0
6213,2171,0
6214,463,0
6215,486,0
6216,894,0
6217,3175,0
6218,4249,0
6219,1921,0
6220,231,0
6221,21,0
6222,0,0
6223,0,0
6224,209,0
6225,64,0
6226,0,0
6227,0,0
6228,0,0
6229,0,0
6230,0,0
6231,179,0
6232,127,0
6233,0,0
6234,0,0
6235,0,0
6236,112,0
6237,154,0
6238,0,0
6239,0,0
6240,0,0
6241,494,0
6242,0,0
6243,0,0
6244,415,0
6245,1995,0
6246,844,0
6247,0,0
6248,1106,0
6249,3168,0
6250,1078,0
6251,411,0
6252,184,0
6253,498,0
6254,595,0
6255,835,0
6256,2514,0
6257,2435,0
6258,2584,0
6259,2729,0
6260,2129,0
6261,1355,0
6262,1208,0
6263,587,0
6264,954,0
6265,428,0
6266,2088,0
6267,3310,0
6268,410,0
6269,66,0
6270,0,0
6271,0,0
6272,0,0
6273,0,0
6274,0,0
6275,0,0
6276,0,0
6277,43,0
6278,0,0
6279,0,0
6280,0,0
6281,0,0
6282,0,0
6283,0,0
6284,0,0
6285,0,0
6286,0,0
6287,0,0
6288,0,0
6289,96,0
6290,933,0
6291,38,0
6292,903,0
6293,434,0
6294,3687,0
6295,3492,0
6296,5301,0
6297,6015,0
6298,4748,0
6299,3815,0
6300,489,0
6301,0,0
6302,656,0
6303,666,0
6304,2592,0
6305,0,0
6306,0,0
6307,135,0
6308,0,0
6309,0,0
6310,0,0
6311,571,0
6312,0,0
6313,345,0
6314,4224,0
6315,1578,0
6316,0,0
6317,44,0
6318,42,0
6319,0,0
