Grid_Number,Education
0,10.0
1,16.0
2,21.0
3,32.0
4,40.0
5,45.0
6,43.0
7,39.0
8,38.0
9,28.0
10,24.0
11,19.0
12,12.0
13,5.0
14,5.0
15,4.0
16,4.0
17,4.0
18,2.0
19,4.0
20,5.0
21,5.0
22,7.0
23,10.0
24,16.0
25,18.0
26,18.0
27,16.0
28,16.0
29,21.0
30,21.0
31,18.0
32,13.0
33,8.0
34,7.0
35,9.0
36,6.0
37,7.0
38,6.0
39,5.0
40,5.0
41,5.0
42,5.0
43,5.0
44,4.0
45,18.0
46,26.0
47,37.0
48,49.0
49,46.0
50,45.0
51,51.0
52,58.0
53,60.0
54,72.0
55,62.0
56,67.0
57,69.0
58,71.0
59,65.0
60,57.0
61,49.0
62,48.0
63,38.0
64,35.0
65,40.0
66,36.0
67,45.0
68,49.0
69,48.0
70,53.0
71,50.0
72,46.0
73,78.0
74,120.0
75,149.0
76,153.0
77,148.0
78,135.0
79,15.0
80,21.0
81,34.0
82,44.0
83,59.0
84,60.0
85,65.0
86,70.0
87,66.0
88,52.0
89,33.0
90,24.0
91,16.0
92,8.0
93,5.0
94,6.0
95,5.0
96,5.0
97,2.0
98,6.0
99,5.0
100,5.0
101,7.0
102,10.0
103,19.0
104,21.0
105,24.0
106,22.0
107,24.0
108,23.0
109,23.0
110,19.0
111,16.0
112,9.0
113,8.0
114,9.0
115,9.0
116,7.0
117,6.0
118,5.0
119,5.0
120,5.0
121,7.0
122,9.0
123,12.0
124,24.0
125,32.0
126,47.0
127,58.0
128,54.0
129,52.0
130,58.0
131,65.0
132,72.0
133,78.0
134,78.0
135,82.0
136,85.0
137,89.0
138,85.0
139,70.0
140,59.0
141,50.0
142,50.0
143,49.0
144,45.0
145,45.0
146,53.0
147,52.0
148,55.0
149,62.0
150,60.0
151,58.0
152,95.0
153,163.0
154,164.0
155,158.0
156,152.0
157,142.0
158,18.0
159,30.0
160,42.0
161,61.0
162,81.0
163,90.0
164,93.0
165,82.0
166,74.0
167,71.0
168,60.0
169,31.0
170,17.0
171,13.0
172,10.0
173,9.0
174,6.0
175,5.0
176,5.0
177,6.0
178,6.0
179,5.0
180,8.0
181,18.0
182,28.0
183,31.0
184,33.0
185,34.0
186,32.0
187,27.0
188,26.0
189,19.0
190,16.0
191,10.0
192,8.0
193,11.0
194,10.0
195,7.0
196,5.0
197,5.0
198,5.0
199,5.0
200,7.0
201,10.0
202,17.0
203,30.0
204,52.0
205,62.0
206,69.0
207,71.0
208,70.0
209,65.0
210,79.0
211,78.0
212,92.0
213,99.0
214,106.0
215,106.0
216,100.0
217,91.0
218,79.0
219,71.0
220,49.0
221,54.0
222,51.0
223,48.0
224,53.0
225,58.0
226,61.0
227,70.0
228,69.0
229,67.0
230,62.0
231,111.0
232,178.0
233,173.0
234,165.0
235,156.0
236,145.0
237,31.0
238,50.0
239,59.0
240,72.0
241,101.0
242,106.0
243,104.0
244,100.0
245,94.0
246,82.0
247,73.0
248,52.0
249,19.0
250,12.0
251,11.0
252,10.0
253,8.0
254,6.0
255,6.0
256,7.0
257,7.0
258,9.0
259,16.0
260,27.0
261,36.0
262,36.0
263,38.0
264,35.0
265,35.0
266,30.0
267,26.0
268,24.0
269,14.0
270,10.0
271,9.0
272,11.0
273,10.0
274,7.0
275,5.0
276,5.0
277,5.0
278,6.0
279,7.0
280,16.0
281,21.0
282,38.0
283,52.0
284,63.0
285,66.0
286,72.0
287,76.0
288,80.0
289,85.0
290,80.0
291,102.0
292,107.0
293,108.0
294,110.0
295,116.0
296,112.0
297,94.0
298,81.0
299,56.0
300,61.0
301,57.0
302,53.0
303,63.0
304,60.0
305,60.0
306,72.0
307,74.0
308,75.0
309,68.0
310,112.0
311,181.0
312,178.0
313,168.0
314,158.0
315,148.0
316,37.0
317,50.0
318,66.0
319,86.0
320,115.0
321,113.0
322,115.0
323,116.0
324,111.0
325,100.0
326,85.0
327,65.0
328,36.0
329,17.0
330,14.0
331,11.0
332,8.0
333,8.0
334,5.0
335,9.0
336,10.0
337,14.0
338,23.0
339,27.0
340,40.0
341,46.0
342,49.0
343,48.0
344,44.0
345,38.0
346,26.0
347,22.0
348,13.0
349,11.0
350,9.0
351,10.0
352,9.0
353,5.0
354,5.0
355,5.0
356,5.0
357,6.0
358,7.0
359,17.0
360,34.0
361,45.0
362,56.0
363,69.0
364,72.0
365,73.0
366,85.0
367,83.0
368,85.0
369,82.0
370,101.0
371,109.0
372,113.0
373,124.0
374,124.0
375,113.0
376,102.0
377,78.0
378,72.0
379,60.0
380,63.0
381,60.0
382,66.0
383,65.0
384,66.0
385,73.0
386,75.0
387,77.0
388,76.0
389,113.0
390,181.0
391,175.0
392,168.0
393,168.0
394,158.0
395,39.0
396,53.0
397,75.0
398,104.0
399,122.0
400,122.0
401,127.0
402,127.0
403,111.0
404,98.0
405,84.0
406,71.0
407,45.0
408,27.0
409,14.0
410,12.0
411,8.0
412,8.0
413,7.0
414,6.0
415,13.0
416,17.0
417,27.0
418,42.0
419,55.0
420,62.0
421,60.0
422,52.0
423,41.0
424,38.0
425,28.0
426,20.0
427,12.0
428,11.0
429,8.0
430,8.0
431,3.0
432,4.0
433,5.0
434,5.0
435,4.0
436,5.0
437,8.0
438,21.0
439,34.0
440,50.0
441,52.0
442,60.0
443,68.0
444,69.0
445,80.0
446,80.0
447,77.0
448,77.0
449,93.0
450,105.0
451,119.0
452,127.0
453,131.0
454,112.0
455,95.0
456,79.0
457,73.0
458,62.0
459,63.0
460,62.0
461,58.0
462,72.0
463,74.0
464,69.0
465,74.0
466,70.0
467,70.0
468,91.0
469,140.0
470,168.0
471,172.0
472,165.0
473,152.0
474,39.0
475,62.0
476,79.0
477,104.0
478,122.0
479,127.0
480,137.0
481,127.0
482,124.0
483,100.0
484,82.0
485,73.0
486,47.0
487,32.0
488,19.0
489,13.0
490,8.0
491,7.0
492,8.0
493,10.0
494,17.0
495,25.0
496,37.0
497,52.0
498,56.0
499,60.0
500,59.0
501,57.0
502,47.0
503,38.0
504,28.0
505,18.0
506,11.0
507,10.0
508,7.0
509,6.0
510,3.0
511,3.0
512,3.0
513,4.0
514,3.0
515,3.0
516,8.0
517,21.0
518,37.0
519,50.0
520,53.0
521,53.0
522,57.0
523,63.0
524,70.0
525,73.0
526,77.0
527,65.0
528,88.0
529,102.0
530,121.0
531,135.0
532,124.0
533,110.0
534,103.0
535,87.0
536,67.0
537,67.0
538,62.0
539,59.0
540,59.0
541,62.0
542,69.0
543,85.0
544,82.0
545,85.0
546,86.0
547,90.0
548,109.0
549,131.0
550,146.0
551,154.0
552,141.0
553,52.0
554,60.0
555,70.0
556,89.0
557,121.0
558,122.0
559,133.0
560,131.0
561,125.0
562,101.0
563,92.0
564,77.0
565,44.0
566,38.0
567,28.0
568,14.0
569,10.0
570,7.0
571,10.0
572,17.0
573,22.0
574,30.0
575,45.0
576,55.0
577,57.0
578,56.0
579,55.0
580,54.0
581,49.0
582,40.0
583,27.0
584,19.0
585,13.0
586,8.0
587,7.0
588,2.0
589,3.0
590,2.0
591,3.0
592,3.0
593,2.0
594,4.0
595,9.0
596,19.0
597,39.0
598,45.0
599,50.0
600,52.0
601,55.0
602,52.0
603,62.0
604,58.0
605,63.0
606,58.0
607,83.0
608,112.0
609,116.0
610,130.0
611,134.0
612,125.0
613,110.0
614,101.0
615,67.0
616,64.0
617,60.0
618,61.0
619,59.0
620,66.0
621,88.0
622,90.0
623,86.0
624,77.0
625,82.0
626,85.0
627,111.0
628,113.0
629,120.0
630,104.0
631,92.0
632,45.0
633,58.0
634,74.0
635,92.0
636,110.0
637,123.0
638,137.0
639,136.0
640,125.0
641,118.0
642,98.0
643,86.0
644,56.0
645,45.0
646,35.0
647,16.0
648,13.0
649,12.0
650,16.0
651,21.0
652,23.0
653,36.0
654,50.0
655,56.0
656,59.0
657,57.0
658,56.0
659,54.0
660,46.0
661,46.0
662,23.0
663,16.0
664,7.0
665,5.0
666,2.0
667,2.0
668,2.0
669,2.0
670,2.0
671,2.0
672,3.0
673,6.0
674,8.0
675,16.0
676,37.0
677,46.0
678,47.0
679,50.0
680,48.0
681,47.0
682,52.0
683,50.0
684,51.0
685,49.0
686,77.0
687,108.0
688,115.0
689,127.0
690,122.0
691,118.0
692,116.0
693,103.0
694,88.0
695,66.0
696,59.0
697,59.0
698,61.0
699,73.0
700,86.0
701,85.0
702,80.0
703,74.0
704,79.0
705,73.0
706,86.0
707,90.0
708,95.0
709,92.0
710,79.0
711,42.0
712,60.0
713,70.0
714,86.0
715,99.0
716,124.0
717,135.0
718,145.0
719,137.0
720,116.0
721,97.0
722,73.0
723,62.0
724,60.0
725,39.0
726,19.0
727,19.0
728,19.0
729,17.0
730,19.0
731,25.0
732,38.0
733,48.0
734,54.0
735,57.0
736,57.0
737,56.0
738,56.0
739,46.0
740,39.0
741,21.0
742,11.0
743,5.0
744,2.0
745,2.0
746,2.0
747,2.0
748,1.0
749,1.0
750,2.0
751,2.0
752,5.0
753,10.0
754,14.0
755,25.0
756,38.0
757,45.0
758,46.0
759,45.0
760,40.0
761,37.0
762,43.0
763,42.0
764,49.0
765,82.0
766,98.0
767,114.0
768,127.0
769,117.0
770,104.0
771,103.0
772,85.0
773,78.0
774,66.0
775,59.0
776,53.0
777,61.0
778,78.0
779,82.0
780,76.0
781,80.0
782,77.0
783,79.0
784,78.0
785,80.0
786,83.0
787,60.0
788,62.0
789,54.0
790,38.0
791,52.0
792,65.0
793,88.0
794,96.0
795,109.0
796,123.0
797,134.0
798,132.0
799,108.0
800,90.0
801,75.0
802,66.0
803,61.0
804,40.0
805,26.0
806,23.0
807,24.0
808,21.0
809,20.0
810,25.0
811,39.0
812,45.0
813,54.0
814,58.0
815,57.0
816,55.0
817,53.0
818,42.0
819,33.0
820,17.0
821,7.0
822,3.0
823,2.0
824,2.0
825,2.0
826,1.0
827,1.0
828,1.0
829,1.0
830,2.0
831,6.0
832,11.0
833,14.0
834,21.0
835,28.0
836,39.0
837,41.0
838,37.0
839,37.0
840,32.0
841,29.0
842,42.0
843,49.0
844,87.0
845,95.0
846,119.0
847,122.0
848,124.0
849,106.0
850,88.0
851,81.0
852,80.0
853,66.0
854,61.0
855,55.0
856,55.0
857,78.0
858,80.0
859,79.0
860,87.0
861,84.0
862,74.0
863,75.0
864,85.0
865,84.0
866,60.0
867,56.0
868,51.0
869,34.0
870,53.0
871,71.0
872,86.0
873,112.0
874,114.0
875,122.0
876,120.0
877,100.0
878,91.0
879,84.0
880,81.0
881,65.0
882,49.0
883,39.0
884,28.0
885,26.0
886,28.0
887,25.0
888,21.0
889,30.0
890,37.0
891,50.0
892,52.0
893,53.0
894,52.0
895,48.0
896,38.0
897,34.0
898,27.0
899,11.0
900,4.0
901,2.0
902,2.0
903,2.0
904,1.0
905,1.0
906,1.0
907,1.0
908,1.0
909,1.0
910,8.0
911,13.0
912,14.0
913,15.0
914,21.0
915,24.0
916,25.0
917,26.0
918,21.0
919,17.0
920,22.0
921,35.0
922,46.0
923,82.0
924,85.0
925,112.0
926,117.0
927,116.0
928,105.0
929,89.0
930,83.0
931,80.0
932,69.0
933,69.0
934,64.0
935,58.0
936,81.0
937,78.0
938,75.0
939,83.0
940,84.0
941,76.0
942,86.0
943,79.0
944,79.0
945,54.0
946,50.0
947,46.0
948,38.0
949,56.0
950,84.0
951,91.0
952,111.0
953,117.0
954,135.0
955,142.0
956,109.0
957,91.0
958,82.0
959,74.0
960,60.0
961,45.0
962,36.0
963,29.0
964,26.0
965,31.0
966,29.0
967,27.0
968,31.0
969,38.0
970,46.0
971,49.0
972,53.0
973,51.0
974,45.0
975,35.0
976,26.0
977,15.0
978,4.0
979,2.0
980,3.0
981,3.0
982,2.0
983,0.0
984,1.0
985,1.0
986,1.0
987,1.0
988,1.0
989,10.0
990,11.0
991,14.0
992,14.0
993,15.0
994,21.0
995,21.0
996,23.0
997,17.0
998,16.0
999,18.0
1000,37.0
1001,49.0
1002,66.0
1003,90.0
1004,101.0
1005,117.0
1006,117.0
1007,106.0
1008,97.0
1009,86.0
1010,67.0
1011,68.0
1012,75.0
1013,67.0
1014,60.0
1015,87.0
1016,89.0
1017,88.0
1018,92.0
1019,89.0
1020,74.0
1021,86.0
1022,83.0
1023,73.0
1024,56.0
1025,52.0
1026,46.0
1027,37.0
1028,64.0
1029,92.0
1030,105.0
1031,119.0
1032,121.0
1033,137.0
1034,133.0
1035,125.0
1036,95.0
1037,79.0
1038,68.0
1039,50.0
1040,40.0
1041,38.0
1042,29.0
1043,28.0
1044,32.0
1045,31.0
1046,26.0
1047,31.0
1048,39.0
1049,41.0
1050,46.0
1051,45.0
1052,41.0
1053,39.0
1054,37.0
1055,25.0
1056,5.0
1057,3.0
1058,4.0
1059,4.0
1060,2.0
1061,2.0
1062,2.0
1063,2.0
1064,1.0
1065,1.0
1066,1.0
1067,1.0
1068,7.0
1069,10.0
1070,11.0
1071,11.0
1072,14.0
1073,15.0
1074,15.0
1075,14.0
1076,12.0
1077,9.0
1078,20.0
1079,36.0
1080,53.0
1081,70.0
1082,96.0
1083,114.0
1084,117.0
1085,113.0
1086,110.0
1087,89.0
1088,88.0
1089,64.0
1090,70.0
1091,74.0
1092,69.0
1093,75.0
1094,76.0
1095,97.0
1096,91.0
1097,87.0
1098,88.0
1099,92.0
1100,90.0
1101,85.0
1102,66.0
1103,54.0
1104,55.0
1105,53.0
1106,41.0
1107,71.0
1108,87.0
1109,98.0
1110,119.0
1111,125.0
1112,121.0
1113,125.0
1114,124.0
1115,95.0
1116,77.0
1117,65.0
1118,48.0
1119,37.0
1120,39.0
1121,27.0
1122,27.0
1123,31.0
1124,31.0
1125,26.0
1126,31.0
1127,38.0
1128,41.0
1129,30.0
1130,32.0
1131,30.0
1132,26.0
1133,22.0
1134,19.0
1135,12.0
1136,9.0
1137,8.0
1138,6.0
1139,4.0
1140,3.0
1141,2.0
1142,2.0
1143,2.0
1144,1.0
1145,1.0
1146,1.0
1147,6.0
1148,9.0
1149,10.0
1150,11.0
1151,11.0
1152,11.0
1153,10.0
1154,10.0
1155,9.0
1156,9.0
1157,25.0
1158,38.0
1159,49.0
1160,66.0
1161,87.0
1162,110.0
1163,121.0
1164,123.0
1165,112.0
1166,97.0
1167,82.0
1168,65.0
1169,68.0
1170,61.0
1171,65.0
1172,83.0
1173,75.0
1174,87.0
1175,94.0
1176,87.0
1177,91.0
1178,93.0
1179,97.0
1180,78.0
1181,64.0
1182,57.0
1183,47.0
1184,41.0
1185,49.0
1186,75.0
1187,88.0
1188,100.0
1189,117.0
1190,120.0
1191,117.0
1192,126.0
1193,126.0
1194,104.0
1195,76.0
1196,63.0
1197,48.0
1198,36.0
1199,30.0
1200,24.0
1201,27.0
1202,29.0
1203,30.0
1204,29.0
1205,34.0
1206,37.0
1207,36.0
1208,28.0
1209,22.0
1210,22.0
1211,22.0
1212,24.0
1213,21.0
1214,15.0
1215,10.0
1216,10.0
1217,8.0
1218,6.0
1219,4.0
1220,3.0
1221,2.0
1222,2.0
1223,1.0
1224,1.0
1225,1.0
1226,5.0
1227,7.0
1228,9.0
1229,9.0
1230,10.0
1231,10.0
1232,10.0
1233,9.0
1234,7.0
1235,11.0
1236,20.0
1237,36.0
1238,60.0
1239,81.0
1240,91.0
1241,100.0
1242,111.0
1243,107.0
1244,115.0
1245,88.0
1246,83.0
1247,81.0
1248,62.0
1249,64.0
1250,74.0
1251,82.0
1252,82.0
1253,83.0
1254,72.0
1255,85.0
1256,86.0
1257,84.0
1258,80.0
1259,69.0
1260,68.0
1261,69.0
1262,57.0
1263,42.0
1264,48.0
1265,76.0
1266,92.0
1267,108.0
1268,125.0
1269,126.0
1270,120.0
1271,119.0
1272,120.0
1273,100.0
1274,76.0
1275,65.0
1276,44.0
1277,32.0
1278,18.0
1279,22.0
1280,25.0
1281,29.0
1282,26.0
1283,27.0
1284,33.0
1285,36.0
1286,30.0
1287,24.0
1288,21.0
1289,24.0
1290,23.0
1291,22.0
1292,23.0
1293,16.0
1294,10.0
1295,10.0
1296,10.0
1297,7.0
1298,5.0
1299,3.0
1300,2.0
1301,2.0
1302,1.0
1303,1.0
1304,1.0
1305,4.0
1306,7.0
1307,7.0
1308,7.0
1309,7.0
1310,8.0
1311,8.0
1312,8.0
1313,4.0
1314,10.0
1315,22.0
1316,49.0
1317,68.0
1318,89.0
1319,101.0
1320,111.0
1321,107.0
1322,121.0
1323,128.0
1324,111.0
1325,92.0
1326,81.0
1327,68.0
1328,65.0
1329,77.0
1330,86.0
1331,88.0
1332,85.0
1333,78.0
1334,78.0
1335,67.0
1336,73.0
1337,69.0
1338,74.0
1339,67.0
1340,62.0
1341,55.0
1342,43.0
1343,41.0
1344,74.0
1345,92.0
1346,109.0
1347,125.0
1348,131.0
1349,135.0
1350,125.0
1351,114.0
1352,93.0
1353,69.0
1354,55.0
1355,29.0
1356,18.0
1357,16.0
1358,25.0
1359,24.0
1360,21.0
1361,22.0
1362,22.0
1363,27.0
1364,30.0
1365,27.0
1366,21.0
1367,22.0
1368,24.0
1369,22.0
1370,23.0
1371,22.0
1372,15.0
1373,11.0
1374,10.0
1375,10.0
1376,6.0
1377,5.0
1378,3.0
1379,2.0
1380,2.0
1381,1.0
1382,1.0
1383,1.0
1384,3.0
1385,8.0
1386,9.0
1387,8.0
1388,9.0
1389,8.0
1390,7.0
1391,6.0
1392,4.0
1393,12.0
1394,29.0
1395,47.0
1396,70.0
1397,93.0
1398,107.0
1399,118.0
1400,154.0
1401,157.0
1402,149.0
1403,140.0
1404,123.0
1405,101.0
1406,77.0
1407,75.0
1408,87.0
1409,87.0
1410,83.0
1411,78.0
1412,75.0
1413,75.0
1414,68.0
1415,70.0
1416,74.0
1417,70.0
1418,67.0
1419,61.0
1420,48.0
1421,50.0
1422,36.0
1423,66.0
1424,91.0
1425,116.0
1426,126.0
1427,130.0
1428,132.0
1429,129.0
1430,113.0
1431,85.0
1432,56.0
1433,38.0
1434,29.0
1435,16.0
1436,13.0
1437,24.0
1438,21.0
1439,19.0
1440,22.0
1441,23.0
1442,24.0
1443,29.0
1444,24.0
1445,24.0
1446,23.0
1447,31.0
1448,31.0
1449,27.0
1450,20.0
1451,15.0
1452,12.0
1453,10.0
1454,9.0
1455,7.0
1456,5.0
1457,3.0
1458,2.0
1459,2.0
1460,1.0
1461,1.0
1462,4.0
1463,8.0
1464,9.0
1465,11.0
1466,8.0
1467,7.0
1468,6.0
1469,7.0
1470,3.0
1471,4.0
1472,12.0
1473,29.0
1474,46.0
1475,61.0
1476,80.0
1477,105.0
1478,143.0
1479,155.0
1480,155.0
1481,149.0
1482,136.0
1483,130.0
1484,129.0
1485,103.0
1486,93.0
1487,98.0
1488,114.0
1489,108.0
1490,82.0
1491,78.0
1492,70.0
1493,65.0
1494,70.0
1495,77.0
1496,76.0
1497,68.0
1498,57.0
1499,55.0
1500,40.0
1501,33.0
1502,53.0
1503,79.0
1504,110.0
1505,125.0
1506,126.0
1507,119.0
1508,110.0
1509,93.0
1510,70.0
1511,53.0
1512,43.0
1513,25.0
1514,15.0
1515,11.0
1516,15.0
1517,21.0
1518,21.0
1519,21.0
1520,19.0
1521,24.0
1522,27.0
1523,27.0
1524,35.0
1525,35.0
1526,35.0
1527,34.0
1528,31.0
1529,28.0
1530,18.0
1531,13.0
1532,9.0
1533,9.0
1534,7.0
1535,5.0
1536,3.0
1537,2.0
1538,2.0
1539,1.0
1540,5.0
1541,9.0
1542,10.0
1543,10.0
1544,10.0
1545,10.0
1546,8.0
1547,3.0
1548,4.0
1549,3.0
1550,4.0
1551,14.0
1552,31.0
1553,47.0
1554,59.0
1555,65.0
1556,109.0
1557,139.0
1558,146.0
1559,144.0
1560,152.0
1561,138.0
1562,133.0
1563,139.0
1564,130.0
1565,113.0
1566,111.0
1567,115.0
1568,111.0
1569,96.0
1570,88.0
1571,74.0
1572,73.0
1573,71.0
1574,72.0
1575,68.0
1576,70.0
1577,67.0
1578,57.0
1579,45.0
1580,34.0
1581,46.0
1582,70.0
1583,92.0
1584,113.0
1585,121.0
1586,109.0
1587,103.0
1588,90.0
1589,77.0
1590,66.0
1591,46.0
1592,29.0
1593,22.0
1594,16.0
1595,13.0
1596,14.0
1597,18.0
1598,18.0
1599,24.0
1600,24.0
1601,28.0
1602,37.0
1603,43.0
1604,38.0
1605,33.0
1606,31.0
1607,28.0
1608,27.0
1609,24.0
1610,12.0
1611,11.0
1612,10.0
1613,7.0
1614,5.0
1615,3.0
1616,2.0
1617,1.0
1618,4.0
1619,7.0
1620,10.0
1621,11.0
1622,10.0
1623,10.0
1624,10.0
1625,10.0
1626,7.0
1627,5.0
1628,5.0
1629,4.0
1630,8.0
1631,33.0
1632,42.0
1633,55.0
1634,73.0
1635,111.0
1636,140.0
1637,149.0
1638,146.0
1639,150.0
1640,139.0
1641,134.0
1642,139.0
1643,153.0
1644,119.0
1645,106.0
1646,100.0
1647,107.0
1648,95.0
1649,87.0
1650,85.0
1651,70.0
1652,74.0
1653,71.0
1654,74.0
1655,67.0
1656,62.0
1657,57.0
1658,47.0
1659,32.0
1660,48.0
1661,63.0
1662,75.0
1663,77.0
1664,87.0
1665,95.0
1666,97.0
1667,88.0
1668,77.0
1669,63.0
1670,47.0
1671,40.0
1672,24.0
1673,17.0
1674,16.0
1675,13.0
1676,14.0
1677,18.0
1678,28.0
1679,24.0
1680,22.0
1681,33.0
1682,38.0
1683,39.0
1684,36.0
1685,29.0
1686,26.0
1687,24.0
1688,24.0
1689,18.0
1690,9.0
1691,8.0
1692,6.0
1693,4.0
1694,1.0
1695,1.0
1696,2.0
1697,7.0
1698,9.0
1699,14.0
1700,17.0
1701,22.0
1702,22.0
1703,15.0
1704,10.0
1705,10.0
1706,6.0
1707,5.0
1708,4.0
1709,7.0
1710,25.0
1711,37.0
1712,59.0
1713,68.0
1714,101.0
1715,139.0
1716,151.0
1717,160.0
1718,149.0
1719,141.0
1720,131.0
1721,144.0
1722,151.0
1723,123.0
1724,101.0
1725,96.0
1726,91.0
1727,91.0
1728,92.0
1729,83.0
1730,67.0
1731,66.0
1732,68.0
1733,67.0
1734,71.0
1735,63.0
1736,54.0
1737,42.0
1738,26.0
1739,42.0
1740,58.0
1741,59.0
1742,64.0
1743,74.0
1744,80.0
1745,83.0
1746,82.0
1747,74.0
1748,58.0
1749,50.0
1750,43.0
1751,33.0
1752,20.0
1753,16.0
1754,14.0
1755,16.0
1756,26.0
1757,25.0
1758,23.0
1759,24.0
1760,33.0
1761,33.0
1762,33.0
1763,31.0
1764,25.0
1765,22.0
1766,23.0
1767,24.0
1768,20.0
1769,8.0
1770,6.0
1771,5.0
1772,2.0
1773,1.0
1774,2.0
1775,2.0
1776,8.0
1777,12.0
1778,18.0
1779,24.0
1780,25.0
1781,25.0
1782,25.0
1783,23.0
1784,15.0
1785,6.0
1786,6.0
1787,4.0
1788,6.0
1789,19.0
1790,35.0
1791,40.0
1792,55.0
1793,104.0
1794,134.0
1795,147.0
1796,150.0
1797,143.0
1798,129.0
1799,131.0
1800,138.0
1801,153.0
1802,115.0
1803,90.0
1804,88.0
1805,86.0
1806,84.0
1807,81.0
1808,77.0
1809,59.0
1810,59.0
1811,71.0
1812,72.0
1813,64.0
1814,62.0
1815,53.0
1816,51.0
1817,27.0
1818,37.0
1819,49.0
1820,54.0
1821,58.0
1822,78.0
1823,79.0
1824,78.0
1825,78.0
1826,70.0
1827,56.0
1828,52.0
1829,50.0
1830,44.0
1831,28.0
1832,22.0
1833,18.0
1834,17.0
1835,29.0
1836,26.0
1837,24.0
1838,26.0
1839,31.0
1840,33.0
1841,33.0
1842,32.0
1843,28.0
1844,20.0
1845,19.0
1846,22.0
1847,16.0
1848,5.0
1849,2.0
1850,2.0
1851,2.0
1852,3.0
1853,2.0
1854,2.0
1855,10.0
1856,16.0
1857,24.0
1858,25.0
1859,25.0
1860,25.0
1861,25.0
1862,25.0
1863,18.0
1864,6.0
1865,5.0
1866,5.0
1867,7.0
1868,13.0
1869,29.0
1870,46.0
1871,53.0
1872,90.0
1873,124.0
1874,140.0
1875,134.0
1876,126.0
1877,120.0
1878,124.0
1879,132.0
1880,131.0
1881,104.0
1882,94.0
1883,83.0
1884,79.0
1885,79.0
1886,82.0
1887,81.0
1888,60.0
1889,53.0
1890,67.0
1891,68.0
1892,63.0
1893,66.0
1894,63.0
1895,52.0
1896,18.0
1897,29.0
1898,40.0
1899,46.0
1900,52.0
1901,66.0
1902,72.0
1903,71.0
1904,70.0
1905,56.0
1906,52.0
1907,59.0
1908,56.0
1909,48.0
1910,34.0
1911,25.0
1912,20.0
1913,20.0
1914,26.0
1915,25.0
1916,25.0
1917,21.0
1918,31.0
1919,31.0
1920,32.0
1921,31.0
1922,28.0
1923,18.0
1924,18.0
1925,17.0
1926,9.0
1927,2.0
1928,2.0
1929,2.0
1930,3.0
1931,3.0
1932,2.0
1933,3.0
1934,12.0
1935,21.0
1936,24.0
1937,25.0
1938,26.0
1939,26.0
1940,27.0
1941,28.0
1942,25.0
1943,11.0
1944,3.0
1945,5.0
1946,8.0
1947,11.0
1948,24.0
1949,45.0
1950,62.0
1951,78.0
1952,110.0
1953,125.0
1954,132.0
1955,122.0
1956,123.0
1957,128.0
1958,131.0
1959,107.0
1960,90.0
1961,96.0
1962,83.0
1963,83.0
1964,76.0
1965,77.0
1966,76.0
1967,58.0
1968,54.0
1969,63.0
1970,63.0
1971,71.0
1972,74.0
1973,64.0
1974,53.0
1975,15.0
1976,25.0
1977,34.0
1978,43.0
1979,48.0
1980,54.0
1981,60.0
1982,65.0
1983,62.0
1984,55.0
1985,62.0
1986,56.0
1987,56.0
1988,50.0
1989,40.0
1990,27.0
1991,22.0
1992,21.0
1993,23.0
1994,24.0
1995,22.0
1996,20.0
1997,28.0
1998,30.0
1999,31.0
2000,29.0
2001,27.0
2002,19.0
2003,17.0
2004,14.0
2005,4.0
2006,2.0
2007,2.0
2008,3.0
2009,3.0
2010,3.0
2011,2.0
2012,3.0
2013,13.0
2014,23.0
2015,24.0
2016,26.0
2017,28.0
2018,28.0
2019,28.0
2020,27.0
2021,25.0
2022,13.0
2023,4.0
2024,6.0
2025,8.0
2026,10.0
2027,29.0
2028,45.0
2029,62.0
2030,69.0
2031,82.0
2032,120.0
2033,126.0
2034,118.0
2035,112.0
2036,102.0
2037,97.0
2038,88.0
2039,83.0
2040,82.0
2041,80.0
2042,81.0
2043,86.0
2044,71.0
2045,69.0
2046,62.0
2047,63.0
2048,67.0
2049,70.0
2050,75.0
2051,67.0
2052,60.0
2053,44.0
2054,16.0
2055,23.0
2056,26.0
2057,28.0
2058,37.0
2059,46.0
2060,57.0
2061,58.0
2062,53.0
2063,58.0
2064,58.0
2065,58.0
2066,55.0
2067,49.0
2068,43.0
2069,30.0
2070,22.0
2071,19.0
2072,21.0
2073,20.0
2074,20.0
2075,20.0
2076,20.0
2077,32.0
2078,29.0
2079,28.0
2080,16.0
2081,16.0
2082,16.0
2083,11.0
2084,3.0
2085,2.0
2086,2.0
2087,2.0
2088,3.0
2089,4.0
2090,3.0
2091,3.0
2092,10.0
2093,22.0
2094,27.0
2095,27.0
2096,27.0
2097,30.0
2098,30.0
2099,28.0
2100,21.0
2101,14.0
2102,8.0
2103,6.0
2104,7.0
2105,17.0
2106,33.0
2107,47.0
2108,60.0
2109,66.0
2110,72.0
2111,76.0
2112,86.0
2113,87.0
2114,69.0
2115,68.0
2116,73.0
2117,80.0
2118,81.0
2119,81.0
2120,86.0
2121,81.0
2122,79.0
2123,81.0
2124,76.0
2125,67.0
2126,60.0
2127,75.0
2128,81.0
2129,74.0
2130,66.0
2131,51.0
2132,42.0
2133,13.0
2134,20.0
2135,24.0
2136,24.0
2137,24.0
2138,27.0
2139,41.0
2140,48.0
2141,51.0
2142,56.0
2143,59.0
2144,55.0
2145,55.0
2146,47.0
2147,44.0
2148,38.0
2149,26.0
2150,20.0
2151,17.0
2152,17.0
2153,20.0
2154,20.0
2155,20.0
2156,19.0
2157,28.0
2158,24.0
2159,16.0
2160,15.0
2161,8.0
2162,4.0
2163,3.0
2164,2.0
2165,2.0
2166,3.0
2167,4.0
2168,3.0
2169,3.0
2170,8.0
2171,16.0
2172,28.0
2173,32.0
2174,33.0
2175,33.0
2176,30.0
2177,30.0
2178,26.0
2179,25.0
2180,17.0
2181,9.0
2182,6.0
2183,8.0
2184,18.0
2185,43.0
2186,50.0
2187,63.0
2188,76.0
2189,80.0
2190,81.0
2191,89.0
2192,82.0
2193,69.0
2194,64.0
2195,65.0
2196,59.0
2197,60.0
2198,73.0
2199,74.0
2200,77.0
2201,83.0
2202,78.0
2203,70.0
2204,64.0
2205,74.0
2206,66.0
2207,79.0
2208,78.0
2209,70.0
2210,61.0
2211,40.0
2212,11.0
2213,15.0
2214,16.0
2215,18.0
2216,23.0
2217,26.0
2218,31.0
2219,42.0
2220,46.0
2221,50.0
2222,58.0
2223,58.0
2224,56.0
2225,46.0
2226,44.0
2227,38.0
2228,32.0
2229,27.0
2230,13.0
2231,11.0
2232,16.0
2233,18.0
2234,19.0
2235,19.0
2236,11.0
2237,6.0
2238,6.0
2239,5.0
2240,5.0
2241,3.0
2242,3.0
2243,2.0
2244,3.0
2245,4.0
2246,4.0
2247,5.0
2248,10.0
2249,13.0
2250,23.0
2251,30.0
2252,35.0
2253,39.0
2254,36.0
2255,35.0
2256,27.0
2257,25.0
2258,25.0
2259,17.0
2260,10.0
2261,7.0
2262,7.0
2263,22.0
2264,43.0
2265,53.0
2266,69.0
2267,81.0
2268,85.0
2269,93.0
2270,98.0
2271,102.0
2272,86.0
2273,63.0
2274,53.0
2275,55.0
2276,48.0
2277,52.0
2278,53.0
2279,63.0
2280,68.0
2281,71.0
2282,71.0
2283,69.0
2284,70.0
2285,74.0
2286,72.0
2287,73.0
2288,66.0
2289,59.0
2290,49.0
2291,11.0
2292,13.0
2293,14.0
2294,16.0
2295,19.0
2296,19.0
2297,26.0
2298,31.0
2299,43.0
2300,49.0
2301,52.0
2302,56.0
2303,52.0
2304,51.0
2305,51.0
2306,39.0
2307,33.0
2308,28.0
2309,12.0
2310,11.0
2311,10.0
2312,12.0
2313,11.0
2314,10.0
2315,7.0
2316,4.0
2317,4.0
2318,3.0
2319,3.0
2320,3.0
2321,3.0
2322,3.0
2323,3.0
2324,3.0
2325,4.0
2326,10.0
2327,17.0
2328,19.0
2329,22.0
2330,29.0
2331,42.0
2332,49.0
2333,48.0
2334,38.0
2335,36.0
2336,33.0
2337,19.0
2338,12.0
2339,11.0
2340,6.0
2341,8.0
2342,26.0
2343,49.0
2344,58.0
2345,69.0
2346,81.0
2347,96.0
2348,94.0
2349,99.0
2350,103.0
2351,78.0
2352,67.0
2353,52.0
2354,49.0
2355,56.0
2356,53.0
2357,60.0
2358,67.0
2359,69.0
2360,72.0
2361,70.0
2362,67.0
2363,80.0
2364,78.0
2365,73.0
2366,79.0
2367,66.0
2368,55.0
2369,47.0
2370,6.0
2371,10.0
2372,15.0
2373,18.0
2374,21.0
2375,23.0
2376,23.0
2377,29.0
2378,35.0
2379,36.0
2380,47.0
2381,51.0
2382,51.0
2383,53.0
2384,45.0
2385,39.0
2386,37.0
2387,24.0
2388,17.0
2389,12.0
2390,11.0
2391,8.0
2392,8.0
2393,9.0
2394,7.0
2395,6.0
2396,4.0
2397,3.0
2398,3.0
2399,3.0
2400,2.0
2401,3.0
2402,3.0
2403,4.0
2404,11.0
2405,20.0
2406,20.0
2407,25.0
2408,28.0
2409,28.0
2410,34.0
2411,48.0
2412,48.0
2413,43.0
2414,34.0
2415,28.0
2416,20.0
2417,13.0
2418,10.0
2419,6.0
2420,11.0
2421,30.0
2422,47.0
2423,63.0
2424,71.0
2425,86.0
2426,88.0
2427,103.0
2428,109.0
2429,93.0
2430,65.0
2431,62.0
2432,54.0
2433,52.0
2434,59.0
2435,61.0
2436,66.0
2437,73.0
2438,74.0
2439,79.0
2440,93.0
2441,93.0
2442,95.0
2443,85.0
2444,82.0
2445,78.0
2446,67.0
2447,62.0
2448,50.0
2449,6.0
2450,12.0
2451,16.0
2452,17.0
2453,19.0
2454,20.0
2455,24.0
2456,19.0
2457,27.0
2458,32.0
2459,37.0
2460,45.0
2461,47.0
2462,45.0
2463,44.0
2464,40.0
2465,34.0
2466,23.0
2467,20.0
2468,14.0
2469,14.0
2470,11.0
2471,9.0
2472,7.0
2473,7.0
2474,5.0
2475,4.0
2476,4.0
2477,3.0
2478,3.0
2479,3.0
2480,3.0
2481,4.0
2482,6.0
2483,13.0
2484,21.0
2485,22.0
2486,25.0
2487,28.0
2488,34.0
2489,36.0
2490,38.0
2491,38.0
2492,35.0
2493,27.0
2494,20.0
2495,18.0
2496,17.0
2497,12.0
2498,9.0
2499,17.0
2500,36.0
2501,54.0
2502,68.0
2503,78.0
2504,91.0
2505,94.0
2506,105.0
2507,106.0
2508,90.0
2509,65.0
2510,57.0
2511,55.0
2512,60.0
2513,59.0
2514,67.0
2515,65.0
2516,76.0
2517,93.0
2518,101.0
2519,98.0
2520,94.0
2521,101.0
2522,104.0
2523,92.0
2524,73.0
2525,62.0
2526,57.0
2527,50.0
2528,10.0
2529,12.0
2530,14.0
2531,15.0
2532,16.0
2533,17.0
2534,22.0
2535,23.0
2536,20.0
2537,27.0
2538,33.0
2539,35.0
2540,40.0
2541,45.0
2542,45.0
2543,43.0
2544,28.0
2545,25.0
2546,22.0
2547,15.0
2548,14.0
2549,13.0
2550,7.0
2551,9.0
2552,7.0
2553,6.0
2554,4.0
2555,4.0
2556,3.0
2557,4.0
2558,2.0
2559,3.0
2560,6.0
2561,10.0
2562,14.0
2563,21.0
2564,24.0
2565,27.0
2566,28.0
2567,37.0
2568,40.0
2569,40.0
2570,42.0
2571,36.0
2572,26.0
2573,21.0
2574,18.0
2575,22.0
2576,12.0
2577,14.0
2578,21.0
2579,32.0
2580,58.0
2581,67.0
2582,88.0
2583,97.0
2584,98.0
2585,107.0
2586,102.0
2587,93.0
2588,75.0
2589,62.0
2590,63.0
2591,72.0
2592,66.0
2593,71.0
2594,72.0
2595,93.0
2596,105.0
2597,113.0
2598,111.0
2599,108.0
2600,105.0
2601,100.0
2602,104.0
2603,80.0
2604,60.0
2605,47.0
2606,43.0
2607,9.0
2608,12.0
2609,14.0
2610,14.0
2611,15.0
2612,16.0
2613,21.0
2614,24.0
2615,20.0
2616,26.0
2617,32.0
2618,38.0
2619,42.0
2620,49.0
2621,45.0
2622,36.0
2623,31.0
2624,30.0
2625,22.0
2626,16.0
2627,13.0
2628,14.0
2629,9.0
2630,8.0
2631,8.0
2632,7.0
2633,5.0
2634,4.0
2635,3.0
2636,4.0
2637,4.0
2638,6.0
2639,10.0
2640,15.0
2641,16.0
2642,21.0
2643,27.0
2644,27.0
2645,29.0
2646,38.0
2647,41.0
2648,42.0
2649,39.0
2650,37.0
2651,27.0
2652,26.0
2653,25.0
2654,26.0
2655,19.0
2656,23.0
2657,28.0
2658,33.0
2659,48.0
2660,64.0
2661,92.0
2662,100.0
2663,105.0
2664,109.0
2665,104.0
2666,91.0
2667,80.0
2668,73.0
2669,73.0
2670,72.0
2671,75.0
2672,77.0
2673,84.0
2674,102.0
2675,110.0
2676,107.0
2677,109.0
2678,113.0
2679,105.0
2680,108.0
2681,105.0
2682,77.0
2683,61.0
2684,52.0
2685,42.0
2686,8.0
2687,11.0
2688,14.0
2689,14.0
2690,17.0
2691,17.0
2692,22.0
2693,24.0
2694,20.0
2695,24.0
2696,33.0
2697,36.0
2698,42.0
2699,39.0
2700,37.0
2701,35.0
2702,33.0
2703,30.0
2704,26.0
2705,15.0
2706,12.0
2707,9.0
2708,8.0
2709,8.0
2710,8.0
2711,8.0
2712,6.0
2713,5.0
2714,2.0
2715,6.0
2716,6.0
2717,7.0
2718,12.0
2719,16.0
2720,17.0
2721,22.0
2722,29.0
2723,32.0
2724,36.0
2725,44.0
2726,47.0
2727,50.0
2728,47.0
2729,34.0
2730,31.0
2731,27.0
2732,33.0
2733,37.0
2734,31.0
2735,47.0
2736,58.0
2737,66.0
2738,83.0
2739,89.0
2740,88.0
2741,108.0
2742,115.0
2743,116.0
2744,96.0
2745,100.0
2746,95.0
2747,88.0
2748,85.0
2749,75.0
2750,84.0
2751,79.0
2752,86.0
2753,106.0
2754,105.0
2755,107.0
2756,111.0
2757,104.0
2758,111.0
2759,104.0
2760,96.0
2761,71.0
2762,56.0
2763,44.0
2764,41.0
2765,8.0
2766,11.0
2767,12.0
2768,14.0
2769,18.0
2770,19.0
2771,20.0
2772,25.0
2773,22.0
2774,31.0
2775,32.0
2776,44.0
2777,40.0
2778,41.0
2779,39.0
2780,37.0
2781,35.0
2782,29.0
2783,23.0
2784,16.0
2785,11.0
2786,7.0
2787,10.0
2788,13.0
2789,13.0
2790,8.0
2791,5.0
2792,4.0
2793,3.0
2794,6.0
2795,6.0
2796,9.0
2797,12.0
2798,18.0
2799,18.0
2800,22.0
2801,31.0
2802,36.0
2803,34.0
2804,39.0
2805,50.0
2806,54.0
2807,49.0
2808,45.0
2809,43.0
2810,39.0
2811,44.0
2812,38.0
2813,50.0
2814,63.0
2815,74.0
2816,85.0
2817,94.0
2818,116.0
2819,130.0
2820,144.0
2821,152.0
2822,155.0
2823,147.0
2824,125.0
2825,116.0
2826,99.0
2827,91.0
2828,82.0
2829,84.0
2830,70.0
2831,83.0
2832,101.0
2833,99.0
2834,98.0
2835,99.0
2836,90.0
2837,96.0
2838,87.0
2839,82.0
2840,73.0
2841,57.0
2842,46.0
2843,40.0
2844,9.0
2845,9.0
2846,11.0
2847,15.0
2848,18.0
2849,22.0
2850,30.0
2851,33.0
2852,28.0
2853,32.0
2854,35.0
2855,42.0
2856,39.0
2857,38.0
2858,38.0
2859,35.0
2860,33.0
2861,28.0
2862,19.0
2863,20.0
2864,12.0
2865,13.0
2866,14.0
2867,13.0
2868,13.0
2869,10.0
2870,8.0
2871,6.0
2872,7.0
2873,11.0
2874,10.0
2875,12.0
2876,13.0
2877,16.0
2878,17.0
2879,20.0
2880,29.0
2881,33.0
2882,36.0
2883,38.0
2884,48.0
2885,49.0
2886,50.0
2887,54.0
2888,52.0
2889,52.0
2890,47.0
2891,56.0
2892,71.0
2893,78.0
2894,91.0
2895,102.0
2896,113.0
2897,169.0
2898,191.0
2899,214.0
2900,232.0
2901,234.0
2902,219.0
2903,188.0
2904,140.0
2905,108.0
2906,84.0
2907,81.0
2908,82.0
2909,74.0
2910,81.0
2911,94.0
2912,92.0
2913,95.0
2914,84.0
2915,83.0
2916,87.0
2917,78.0
2918,73.0
2919,60.0
2920,55.0
2921,45.0
2922,33.0
2923,8.0
2924,10.0
2925,14.0
2926,17.0
2927,21.0
2928,28.0
2929,33.0
2930,32.0
2931,26.0
2932,30.0
2933,34.0
2934,40.0
2935,39.0
2936,39.0
2937,35.0
2938,33.0
2939,31.0
2940,29.0
2941,21.0
2942,16.0
2943,17.0
2944,17.0
2945,17.0
2946,16.0
2947,13.0
2948,9.0
2949,10.0
2950,10.0
2951,9.0
2952,11.0
2953,13.0
2954,13.0
2955,14.0
2956,16.0
2957,19.0
2958,20.0
2959,28.0
2960,28.0
2961,31.0
2962,35.0
2963,40.0
2964,49.0
2965,51.0
2966,54.0
2967,55.0
2968,57.0
2969,66.0
2970,82.0
2971,85.0
2972,89.0
2973,101.0
2974,119.0
2975,165.0
2976,190.0
2977,225.0
2978,252.0
2979,239.0
2980,252.0
2981,241.0
2982,222.0
2983,194.0
2984,137.0
2985,93.0
2986,80.0
2987,78.0
2988,71.0
2989,73.0
2990,92.0
2991,85.0
2992,85.0
2993,75.0
2994,72.0
2995,79.0
2996,77.0
2997,71.0
2998,42.0
2999,44.0
3000,32.0
3001,24.0
3002,5.0
3003,11.0
3004,14.0
3005,20.0
3006,24.0
3007,31.0
3008,30.0
3009,28.0
3010,26.0
3011,34.0
3012,40.0
3013,44.0
3014,40.0
3015,43.0
3016,33.0
3017,30.0
3018,29.0
3019,23.0
3020,19.0
3021,21.0
3022,19.0
3023,19.0
3024,18.0
3025,17.0
3026,15.0
3027,13.0
3028,9.0
3029,13.0
3030,10.0
3031,11.0
3032,15.0
3033,15.0
3034,16.0
3035,19.0
3036,15.0
3037,21.0
3038,28.0
3039,29.0
3040,31.0
3041,38.0
3042,39.0
3043,49.0
3044,49.0
3045,52.0
3046,57.0
3047,61.0
3048,69.0
3049,94.0
3050,99.0
3051,99.0
3052,113.0
3053,144.0
3054,186.0
3055,216.0
3056,253.0
3057,275.0
3058,239.0
3059,246.0
3060,244.0
3061,233.0
3062,212.0
3063,163.0
3064,111.0
3065,75.0
3066,71.0
3067,71.0
3068,64.0
3069,73.0
3070,65.0
3071,74.0
3072,70.0
3073,71.0
3074,69.0
3075,65.0
3076,59.0
3077,34.0
3078,29.0
3079,22.0
3080,16.0
3081,6.0
3082,10.0
3083,17.0
3084,21.0
3085,26.0
3086,26.0
3087,27.0
3088,30.0
3089,33.0
3090,41.0
3091,41.0
3092,45.0
3093,44.0
3094,45.0
3095,35.0
3096,29.0
3097,28.0
3098,26.0
3099,21.0
3100,20.0
3101,21.0
3102,19.0
3103,16.0
3104,15.0
3105,15.0
3106,15.0
3107,16.0
3108,12.0
3109,14.0
3110,12.0
3111,16.0
3112,19.0
3113,19.0
3114,18.0
3115,21.0
3116,18.0
3117,20.0
3118,22.0
3119,31.0
3120,36.0
3121,46.0
3122,54.0
3123,55.0
3124,54.0
3125,57.0
3126,64.0
3127,82.0
3128,112.0
3129,114.0
3130,115.0
3131,129.0
3132,156.0
3133,190.0
3134,222.0
3135,258.0
3136,278.0
3137,248.0
3138,251.0
3139,251.0
3140,243.0
3141,223.0
3142,181.0
3143,133.0
3144,90.0
3145,76.0
3146,72.0
3147,62.0
3148,57.0
3149,35.0
3150,54.0
3151,57.0
3152,57.0
3153,55.0
3154,41.0
3155,27.0
3156,27.0
3157,27.0
3158,19.0
3159,12.0
3160,12.0
3161,13.0
3162,17.0
3163,24.0
3164,28.0
3165,29.0
3166,34.0
3167,40.0
3168,42.0
3169,42.0
3170,44.0
3171,42.0
3172,44.0
3173,42.0
3174,39.0
3175,30.0
3176,29.0
3177,24.0
3178,24.0
3179,20.0
3180,23.0
3181,16.0
3182,18.0
3183,16.0
3184,15.0
3185,15.0
3186,16.0
3187,12.0
3188,12.0
3189,14.0
3190,19.0
3191,20.0
3192,20.0
3193,18.0
3194,20.0
3195,18.0
3196,21.0
3197,23.0
3198,31.0
3199,38.0
3200,51.0
3201,55.0
3202,59.0
3203,63.0
3204,70.0
3205,80.0
3206,92.0
3207,117.0
3208,116.0
3209,124.0
3210,140.0
3211,171.0
3212,191.0
3213,240.0
3214,257.0
3215,253.0
3216,114.0
3217,126.0
3218,256.0
3219,243.0
3220,214.0
3221,186.0
3222,133.0
3223,92.0
3224,80.0
3225,60.0
3226,42.0
3227,34.0
3228,32.0
3229,33.0
3230,32.0
3231,28.0
3232,30.0
3233,23.0
3234,21.0
3235,20.0
3236,14.0
3237,10.0
3238,8.0
3239,12.0
3240,16.0
3241,25.0
3242,37.0
3243,43.0
3244,44.0
3245,42.0
3246,47.0
3247,43.0
3248,43.0
3249,42.0
3250,42.0
3251,40.0
3252,39.0
3253,38.0
3254,32.0
3255,26.0
3256,22.0
3257,21.0
3258,19.0
3259,19.0
3260,20.0
3261,19.0
3262,18.0
3263,16.0
3264,12.0
3265,16.0
3266,13.0
3267,11.0
3268,17.0
3269,19.0
3270,22.0
3271,21.0
3272,19.0
3273,19.0
3274,22.0
3275,27.0
3276,35.0
3277,40.0
3278,45.0
3279,54.0
3280,66.0
3281,68.0
3282,76.0
3283,70.0
3284,89.0
3285,98.0
3286,103.0
3287,121.0
3288,125.0
3289,135.0
3290,165.0
3291,187.0
3292,221.0
3293,256.0
3294,249.0
3295,240.0
3296,249.0
3297,255.0
3298,233.0
3299,199.0
3300,175.0
3301,130.0
3302,93.0
3303,79.0
3304,57.0
3305,28.0
3306,26.0
3307,19.0
3308,15.0
3309,14.0
3310,11.0
3311,10.0
3312,15.0
3313,15.0
3314,14.0
3315,10.0
3316,8.0
3317,4.0
3318,13.0
3319,28.0
3320,35.0
3321,46.0
3322,51.0
3323,55.0
3324,56.0
3325,52.0
3326,46.0
3327,46.0
3328,43.0
3329,36.0
3330,36.0
3331,28.0
3332,30.0
3333,21.0
3334,21.0
3335,18.0
3336,21.0
3337,20.0
3338,22.0
3339,19.0
3340,19.0
3341,19.0
3342,15.0
3343,14.0
3344,18.0
3345,14.0
3346,11.0
3347,16.0
3348,17.0
3349,23.0
3350,26.0
3351,25.0
3352,24.0
3353,26.0
3354,36.0
3355,35.0
3356,42.0
3357,47.0
3358,63.0
3359,77.0
3360,87.0
3361,90.0
3362,96.0
3363,108.0
3364,103.0
3365,106.0
3366,122.0
3367,126.0
3368,137.0
3369,153.0
3370,184.0
3371,217.0
3372,237.0
3373,233.0
3374,235.0
3375,241.0
3376,241.0
3377,224.0
3378,187.0
3379,145.0
3380,118.0
3381,87.0
3382,73.0
3383,59.0
3384,33.0
3385,18.0
3386,7.0
3387,6.0
3388,4.0
3389,5.0
3390,7.0
3391,6.0
3392,5.0
3393,6.0
3394,4.0
3395,3.0
3396,3.0
3397,20.0
3398,32.0
3399,42.0
3400,49.0
3401,55.0
3402,60.0
3403,61.0
3404,62.0
3405,52.0
3406,44.0
3407,42.0
3408,33.0
3409,33.0
3410,27.0
3411,23.0
3412,21.0
3413,19.0
3414,18.0
3415,21.0
3416,22.0
3417,19.0
3418,23.0
3419,20.0
3420,16.0
3421,18.0
3422,15.0
3423,16.0
3424,13.0
3425,16.0
3426,18.0
3427,21.0
3428,23.0
3429,26.0
3430,27.0
3431,25.0
3432,29.0
3433,39.0
3434,51.0
3435,54.0
3436,51.0
3437,68.0
3438,81.0
3439,88.0
3440,94.0
3441,98.0
3442,98.0
3443,112.0
3444,106.0
3445,111.0
3446,109.0
3447,132.0
3448,145.0
3449,160.0
3450,167.0
3451,208.0
3452,227.0
3453,225.0
3454,235.0
3455,222.0
3456,188.0
3457,167.0
3458,128.0
3459,92.0
3460,78.0
3461,63.0
3462,55.0
3463,32.0
3464,23.0
3465,8.0
3466,4.0
3467,3.0
3468,3.0
3469,3.0
3470,2.0
3471,2.0
3472,3.0
3473,3.0
3474,3.0
3475,3.0
3476,25.0
3477,40.0
3478,50.0
3479,52.0
3480,56.0
3481,57.0
3482,60.0
3483,67.0
3484,60.0
3485,45.0
3486,44.0
3487,36.0
3488,34.0
3489,34.0
3490,26.0
3491,15.0
3492,19.0
3493,18.0
3494,20.0
3495,21.0
3496,20.0
3497,20.0
3498,21.0
3499,20.0
3500,17.0
3501,18.0
3502,10.0
3503,13.0
3504,16.0
3505,25.0
3506,22.0
3507,26.0
3508,25.0
3509,34.0
3510,34.0
3511,47.0
3512,69.0
3513,76.0
3514,73.0
3515,82.0
3516,88.0
3517,90.0
3518,91.0
3519,97.0
3520,104.0
3521,103.0
3522,105.0
3523,122.0
3524,120.0
3525,118.0
3526,109.0
3527,116.0
3528,116.0
3529,137.0
3530,141.0
3531,185.0
3532,203.0
3533,213.0
3534,188.0
3535,151.0
3536,124.0
3537,103.0
3538,84.0
3539,67.0
3540,60.0
3541,49.0
3542,28.0
3543,20.0
3544,8.0
3545,7.0
3546,3.0
3547,3.0
3548,1.0
3549,1.0
3550,1.0
3551,1.0
3552,3.0
3553,3.0
3554,3.0
3555,29.0
3556,45.0
3557,53.0
3558,54.0
3559,56.0
3560,58.0
3561,57.0
3562,60.0
3563,56.0
3564,41.0
3565,35.0
3566,34.0
3567,35.0
3568,35.0
3569,26.0
3570,22.0
3571,23.0
3572,24.0
3573,24.0
3574,23.0
3575,22.0
3576,19.0
3577,16.0
3578,14.0
3579,14.0
3580,11.0
3581,10.0
3582,12.0
3583,19.0
3584,24.0
3585,30.0
3586,33.0
3587,34.0
3588,38.0
3589,52.0
3590,66.0
3591,76.0
3592,77.0
3593,82.0
3594,88.0
3595,104.0
3596,103.0
3597,93.0
3598,98.0
3599,98.0
3600,99.0
3601,112.0
3602,128.0
3603,128.0
3604,129.0
3605,115.0
3606,112.0
3607,107.0
3608,102.0
3609,98.0
3610,107.0
3611,125.0
3612,131.0
3613,129.0
3614,118.0
3615,102.0
3616,86.0
3617,76.0
3618,68.0
3619,56.0
3620,44.0
3621,25.0
3622,23.0
3623,12.0
3624,8.0
3625,4.0
3626,2.0
3627,1.0
3628,1.0
3629,1.0
3630,1.0
3631,1.0
3632,3.0
3633,0.0
3634,30.0
3635,45.0
3636,53.0
3637,55.0
3638,57.0
3639,54.0
3640,56.0
3641,59.0
3642,58.0
3643,48.0
3644,39.0
3645,33.0
3646,35.0
3647,34.0
3648,27.0
3649,23.0
3650,24.0
3651,20.0
3652,19.0
3653,21.0
3654,16.0
3655,17.0
3656,15.0
3657,15.0
3658,9.0
3659,7.0
3660,13.0
3661,17.0
3662,20.0
3663,23.0
3664,29.0
3665,45.0
3666,46.0
3667,44.0
3668,69.0
3669,79.0
3670,80.0
3671,78.0
3672,84.0
3673,92.0
3674,106.0
3675,115.0
3676,93.0
3677,96.0
3678,92.0
3679,98.0
3680,126.0
3681,138.0
3682,133.0
3683,126.0
3684,129.0
3685,130.0
3686,120.0
3687,113.0
3688,96.0
3689,92.0
3690,88.0
3691,92.0
3692,94.0
3693,98.0
3694,94.0
3695,88.0
3696,82.0
3697,75.0
3698,61.0
3699,40.0
3700,29.0
3701,25.0
3702,13.0
3703,7.0
3704,3.0
3705,2.0
3706,1.0
3707,1.0
3708,1.0
3709,1.0
3710,1.0
3711,1.0
3712,1.0
3713,33.0
3714,44.0
3715,48.0
3716,54.0
3717,56.0
3718,52.0
3719,59.0
3720,60.0
3721,53.0
3722,42.0
3723,36.0
3724,34.0
3725,34.0
3726,26.0
3727,27.0
3728,23.0
3729,24.0
3730,21.0
3731,22.0
3732,19.0
3733,17.0
3734,17.0
3735,13.0
3736,11.0
3737,9.0
3738,11.0
3739,17.0
3740,24.0
3741,29.0
3742,33.0
3743,39.0
3744,51.0
3745,50.0
3746,58.0
3747,75.0
3748,83.0
3749,78.0
3750,82.0
3751,82.0
3752,91.0
3753,101.0
3754,113.0
3755,104.0
3756,93.0
3757,94.0
3758,119.0
3759,131.0
3760,134.0
3761,141.0
3762,130.0
3763,119.0
3764,129.0
3765,113.0
3766,105.0
3767,99.0
3768,95.0
3769,90.0
3770,91.0
3771,90.0
3772,100.0
3773,98.0
3774,106.0
3775,91.0
3776,79.0
3777,59.0
3778,33.0
3779,30.0
3780,22.0
3781,16.0
3782,9.0
3783,3.0
3784,2.0
3785,1.0
3786,1.0
3787,1.0
3788,1.0
3789,1.0
3790,1.0
3791,1.0
3792,29.0
3793,38.0
3794,47.0
3795,48.0
3796,51.0
3797,49.0
3798,57.0
3799,56.0
3800,48.0
3801,35.0
3802,31.0
3803,32.0
3804,31.0
3805,27.0
3806,29.0
3807,24.0
3808,25.0
3809,20.0
3810,23.0
3811,21.0
3812,19.0
3813,18.0
3814,15.0
3815,10.0
3816,11.0
3817,15.0
3818,22.0
3819,28.0
3820,36.0
3821,39.0
3822,54.0
3823,54.0
3824,59.0
3825,72.0
3826,83.0
3827,83.0
3828,83.0
3829,83.0
3830,79.0
3831,82.0
3832,98.0
3833,112.0
3834,102.0
3835,106.0
3836,110.0
3837,128.0
3838,133.0
3839,133.0
3840,127.0
3841,125.0
3842,114.0
3843,125.0
3844,116.0
3845,108.0
3846,104.0
3847,96.0
3848,91.0
3849,91.0
3850,99.0
3851,102.0
3852,106.0
3853,94.0
3854,86.0
3855,78.0
3856,63.0
3857,42.0
3858,27.0
3859,20.0
3860,16.0
3861,8.0
3862,3.0
3863,2.0
3864,1.0
3865,1.0
3866,1.0
3867,1.0
3868,1.0
3869,1.0
3870,1.0
3871,16.0
3872,29.0
3873,36.0
3874,43.0
3875,45.0
3876,47.0
3877,51.0
3878,43.0
3879,47.0
3880,35.0
3881,33.0
3882,32.0
3883,30.0
3884,29.0
3885,34.0
3886,27.0
3887,28.0
3888,24.0
3889,22.0
3890,23.0
3891,21.0
3892,16.0
3893,11.0
3894,14.0
3895,13.0
3896,17.0
3897,28.0
3898,37.0
3899,41.0
3900,53.0
3901,65.0
3902,63.0
3903,64.0
3904,75.0
3905,94.0
3906,92.0
3907,83.0
3908,88.0
3909,80.0
3910,80.0
3911,89.0
3912,107.0
3913,107.0
3914,119.0
3915,129.0
3916,148.0
3917,139.0
3918,134.0
3919,118.0
3920,118.0
3921,118.0
3922,118.0
3923,122.0
3924,110.0
3925,103.0
3926,94.0
3927,92.0
3928,94.0
3929,102.0
3930,104.0
3931,98.0
3932,97.0
3933,82.0
3934,74.0
3935,67.0
3936,50.0
3937,28.0
3938,19.0
3939,14.0
3940,8.0
3941,3.0
3942,1.0
3943,1.0
3944,1.0
3945,1.0
3946,1.0
3947,1.0
3948,1.0
3949,1.0
3950,13.0
3951,21.0
3952,28.0
3953,35.0
3954,40.0
3955,39.0
3956,35.0
3957,37.0
3958,31.0
3959,33.0
3960,33.0
3961,32.0
3962,30.0
3963,36.0
3964,35.0
3965,29.0
3966,32.0
3967,23.0
3968,23.0
3969,25.0
3970,21.0
3971,19.0
3972,14.0
3973,14.0
3974,17.0
3975,24.0
3976,28.0
3977,31.0
3978,47.0
3979,58.0
3980,66.0
3981,73.0
3982,68.0
3983,73.0
3984,99.0
3985,94.0
3986,88.0
3987,84.0
3988,80.0
3989,83.0
3990,90.0
3991,118.0
3992,111.0
3993,123.0
3994,126.0
3995,126.0
3996,138.0
3997,133.0
3998,120.0
3999,110.0
4000,113.0
4001,113.0
4002,113.0
4003,108.0
4004,101.0
4005,95.0
4006,90.0
4007,93.0
4008,109.0
4009,106.0
4010,101.0
4011,96.0
4012,92.0
4013,84.0
4014,78.0
4015,55.0
4016,28.0
4017,17.0
4018,11.0
4019,5.0
4020,2.0
4021,2.0
4022,1.0
4023,2.0
4024,2.0
4025,2.0
4026,0.0
4027,0.0
4028,1.0
4029,12.0
4030,15.0
4031,17.0
4032,27.0
4033,25.0
4034,27.0
4035,27.0
4036,30.0
4037,28.0
4038,31.0
4039,33.0
4040,33.0
4041,30.0
4042,36.0
4043,33.0
4044,34.0
4045,29.0
4046,26.0
4047,27.0
4048,24.0
4049,26.0
4050,23.0
4051,15.0
4052,12.0
4053,22.0
4054,23.0
4055,28.0
4056,36.0
4057,51.0
4058,57.0
4059,66.0
4060,72.0
4061,73.0
4062,68.0
4063,81.0
4064,88.0
4065,89.0
4066,79.0
4067,85.0
4068,112.0
4069,131.0
4070,134.0
4071,128.0
4072,129.0
4073,125.0
4074,130.0
4075,138.0
4076,140.0
4077,124.0
4078,109.0
4079,102.0
4080,104.0
4081,109.0
4082,95.0
4083,88.0
4084,86.0
4085,90.0
4086,97.0
4087,115.0
4088,112.0
4089,105.0
4090,102.0
4091,87.0
4092,82.0
4093,76.0
4094,62.0
4095,39.0
4096,14.0
4097,7.0
4098,3.0
4099,2.0
4100,1.0
4101,2.0
4102,2.0
4103,2.0
4104,0.0
4105,0.0
4106,0.0
4107,0.0
4108,12.0
4109,14.0
4110,16.0
4111,20.0
4112,20.0
4113,23.0
4114,17.0
4115,21.0
4116,25.0
4117,30.0
4118,34.0
4119,31.0
4120,33.0
4121,35.0
4122,34.0
4123,30.0
4124,28.0
4125,28.0
4126,31.0
4127,35.0
4128,26.0
4129,21.0
4130,18.0
4131,17.0
4132,24.0
4133,24.0
4134,26.0
4135,35.0
4136,45.0
4137,55.0
4138,67.0
4139,70.0
4140,73.0
4141,68.0
4142,63.0
4143,77.0
4144,86.0
4145,84.0
4146,117.0
4147,122.0
4148,128.0
4149,122.0
4150,128.0
4151,140.0
4152,134.0
4153,118.0
4154,121.0
4155,124.0
4156,124.0
4157,118.0
4158,94.0
4159,98.0
4160,84.0
4161,72.0
4162,84.0
4163,90.0
4164,85.0
4165,92.0
4166,118.0
4167,115.0
4168,110.0
4169,108.0
4170,93.0
4171,83.0
4172,77.0
4173,62.0
4174,44.0
4175,14.0
4176,6.0
4177,3.0
4178,1.0
4179,2.0
4180,2.0
4181,2.0
4182,0.0
4183,0.0
4184,0.0
4185,0.0
4186,0.0
4187,9.0
4188,9.0
4189,13.0
4190,14.0
4191,14.0
4192,17.0
4193,14.0
4194,19.0
4195,23.0
4196,28.0
4197,27.0
4198,32.0
4199,31.0
4200,31.0
4201,32.0
4202,34.0
4203,32.0
4204,48.0
4205,52.0
4206,54.0
4207,48.0
4208,36.0
4209,16.0
4210,17.0
4211,24.0
4212,22.0
4213,22.0
4214,31.0
4215,43.0
4216,47.0
4217,60.0
4218,67.0
4219,66.0
4220,64.0
4221,64.0
4222,64.0
4223,65.0
4224,85.0
4225,103.0
4226,100.0
4227,109.0
4228,123.0
4229,131.0
4230,141.0
4231,138.0
4232,113.0
4233,106.0
4234,106.0
4235,106.0
4236,97.0
4237,81.0
4238,71.0
4239,67.0
4240,70.0
4241,75.0
4242,80.0
4243,89.0
4244,86.0
4245,111.0
4246,115.0
4247,114.0
4248,109.0
4249,111.0
4250,104.0
4251,93.0
4252,82.0
4253,62.0
4254,19.0
4255,10.0
4256,2.0
4257,1.0
4258,2.0
4259,2.0
4260,0.0
4261,0.0
4262,0.0
4263,0.0
4264,0.0
4265,0.0
4266,7.0
4267,7.0
4268,8.0
4269,13.0
4270,12.0
4271,12.0
4272,16.0
4273,21.0
4274,22.0
4275,22.0
4276,24.0
4277,27.0
4278,23.0
4279,27.0
4280,32.0
4281,35.0
4282,48.0
4283,55.0
4284,58.0
4285,58.0
4286,51.0
4287,45.0
4288,36.0
4289,15.0
4290,24.0
4291,22.0
4292,22.0
4293,24.0
4294,37.0
4295,45.0
4296,53.0
4297,61.0
4298,63.0
4299,56.0
4300,57.0
4301,55.0
4302,59.0
4303,92.0
4304,99.0
4305,100.0
4306,108.0
4307,125.0
4308,133.0
4309,138.0
4310,136.0
4311,116.0
4312,99.0
4313,94.0
4314,97.0
4315,92.0
4316,70.0
4317,51.0
4318,50.0
4319,63.0
4320,63.0
4321,72.0
4322,79.0
4323,75.0
4324,99.0
4325,109.0
4326,109.0
4327,124.0
4328,123.0
4329,106.0
4330,94.0
4331,81.0
4332,64.0
4333,47.0
4334,15.0
4335,3.0
4336,3.0
4337,2.0
4338,2.0
4339,2.0
4340,0.0
4341,0.0
4342,0.0
4343,0.0
4344,0.0
4345,7.0
4346,7.0
4347,7.0
4348,8.0
4349,13.0
4350,18.0
4351,18.0
4352,19.0
4353,23.0
4354,23.0
4355,22.0
4356,23.0
4357,26.0
4358,23.0
4359,30.0
4360,51.0
4361,59.0
4362,60.0
4363,59.0
4364,62.0
4365,58.0
4366,47.0
4367,45.0
4368,23.0
4369,17.0
4370,24.0
4371,23.0
4372,24.0
4373,29.0
4374,37.0
4375,46.0
4376,52.0
4377,47.0
4378,51.0
4379,49.0
4380,49.0
4381,70.0
4382,106.0
4383,116.0
4384,104.0
4385,118.0
4386,124.0
4387,140.0
4388,137.0
4389,133.0
4390,116.0
4391,82.0
4392,72.0
4393,70.0
4394,56.0
4395,48.0
4396,39.0
4397,41.0
4398,41.0
4399,42.0
4400,59.0
4401,64.0
4402,69.0
4403,81.0
4404,96.0
4405,122.0
4406,122.0
4407,115.0
4408,106.0
4409,93.0
4410,78.0
4411,60.0
4412,46.0
4413,29.0
4414,7.0
4415,3.0
4416,4.0
4417,2.0
4418,2.0
4419,2.0
4420,0.0
4421,0.0
4422,0.0
4423,0.0
4424,7.0
4425,8.0
4426,9.0
4427,8.0
4428,15.0
4429,20.0
4430,19.0
4431,19.0
4432,20.0
4433,22.0
4434,17.0
4435,22.0
4436,24.0
4437,22.0
4438,27.0
4439,57.0
4440,59.0
4441,62.0
4442,63.0
4443,63.0
4444,54.0
4445,51.0
4446,48.0
4447,37.0
4448,15.0
4449,16.0
4450,18.0
4451,19.0
4452,20.0
4453,27.0
4454,39.0
4455,40.0
4456,41.0
4457,47.0
4458,52.0
4459,52.0
4460,83.0
4461,120.0
4462,119.0
4463,118.0
4464,115.0
4465,124.0
4466,134.0
4467,135.0
4468,131.0
4469,99.0
4470,72.0
4471,64.0
4472,60.0
4473,48.0
4474,43.0
4475,34.0
4476,32.0
4477,34.0
4478,40.0
4479,47.0
4480,64.0
4481,66.0
4482,72.0
4483,83.0
4484,120.0
4485,120.0
4486,106.0
4487,99.0
4488,84.0
4489,72.0
4490,59.0
4491,47.0
4492,38.0
4493,10.0
4494,5.0
4495,4.0
4496,4.0
4497,2.0
4498,2.0
4499,2.0
4500,2.0
4501,0.0
4502,0.0
4503,8.0
4504,10.0
4505,9.0
4506,15.0
4507,20.0
4508,21.0
4509,18.0
4510,18.0
4511,18.0
4512,19.0
4513,19.0
4514,19.0
4515,23.0
4516,21.0
4517,27.0
4518,55.0
4519,61.0
4520,59.0
4521,61.0
4522,60.0
4523,55.0
4524,51.0
4525,48.0
4526,42.0
4527,14.0
4528,13.0
4529,16.0
4530,16.0
4531,12.0
4532,13.0
4533,27.0
4534,29.0
4535,37.0
4536,37.0
4537,46.0
4538,60.0
4539,76.0
4540,106.0
4541,119.0
4542,116.0
4543,117.0
4544,129.0
4545,125.0
4546,130.0
4547,123.0
4548,85.0
4549,64.0
4550,52.0
4551,45.0
4552,39.0
4553,35.0
4554,29.0
4555,28.0
4556,33.0
4557,36.0
4558,53.0
4559,57.0
4560,62.0
4561,70.0
4562,82.0
4563,110.0
4564,106.0
4565,93.0
4566,86.0
4567,73.0
4568,66.0
4569,56.0
4570,48.0
4571,37.0
4572,11.0
4573,6.0
4574,3.0
4575,4.0
4576,3.0
4577,2.0
4578,2.0
4579,2.0
4580,2.0
4581,0.0
4582,9.0
4583,9.0
4584,14.0
4585,17.0
4586,21.0
4587,20.0
4588,19.0
4589,20.0
4590,16.0
4591,17.0
4592,19.0
4593,18.0
4594,22.0
4595,20.0
4596,21.0
4597,52.0
4598,58.0
4599,60.0
4600,57.0
4601,57.0
4602,56.0
4603,51.0
4604,50.0
4605,41.0
4606,14.0
4607,12.0
4608,12.0
4609,9.0
4610,9.0
4611,8.0
4612,12.0
4613,16.0
4614,27.0
4615,29.0
4616,43.0
4617,57.0
4618,64.0
4619,82.0
4620,108.0
4621,114.0
4622,117.0
4623,113.0
4624,106.0
4625,112.0
4626,101.0
4627,59.0
4628,41.0
4629,43.0
4630,38.0
4631,37.0
4632,33.0
4633,26.0
4634,25.0
4635,31.0
4636,43.0
4637,47.0
4638,56.0
4639,54.0
4640,61.0
4641,63.0
4642,88.0
4643,100.0
4644,91.0
4645,81.0
4646,68.0
4647,63.0
4648,53.0
4649,47.0
4650,33.0
4651,9.0
4652,7.0
4653,3.0
4654,3.0
4655,3.0
4656,3.0
4657,2.0
4658,2.0
4659,2.0
4660,1.0
4661,9.0
4662,13.0
4663,14.0
4664,17.0
4665,21.0
4666,18.0
4667,22.0
4668,23.0
4669,20.0
4670,17.0
4671,18.0
4672,18.0
4673,19.0
4674,20.0
4675,23.0
4676,54.0
4677,58.0
4678,56.0
4679,54.0
4680,51.0
4681,54.0
4682,50.0
4683,51.0
4684,42.0
4685,14.0
4686,11.0
4687,11.0
4688,8.0
4689,9.0
4690,8.0
4691,13.0
4692,14.0
4693,20.0
4694,27.0
4695,44.0
4696,53.0
4697,64.0
4698,74.0
4699,89.0
4700,108.0
4701,106.0
4702,105.0
4703,102.0
4704,79.0
4705,48.0
4706,37.0
4707,34.0
4708,38.0
4709,34.0
4710,26.0
4711,24.0
4712,24.0
4713,31.0
4714,36.0
4715,42.0
4716,44.0
4717,45.0
4718,52.0
4719,54.0
4720,64.0
4721,80.0
4722,78.0
4723,84.0
4724,74.0
4725,64.0
4726,54.0
4727,49.0
4728,42.0
4729,24.0
4730,8.0
4731,7.0
4732,3.0
4733,3.0
4734,2.0
4735,3.0
4736,3.0
4737,1.0
4738,1.0
4739,1.0
4740,13.0
4741,15.0
4742,14.0
4743,19.0
4744,19.0
4745,22.0
4746,23.0
4747,24.0
4748,24.0
4749,22.0
4750,18.0
4751,19.0
4752,21.0
4753,19.0
4754,22.0
4755,36.0
4756,57.0
4757,58.0
4758,56.0
4759,52.0
4760,57.0
4761,63.0
4762,58.0
4763,34.0
4764,22.0
4765,18.0
4766,10.0
4767,12.0
4768,12.0
4769,10.0
4770,11.0
4771,14.0
4772,21.0
4773,29.0
4774,42.0
4775,55.0
4776,61.0
4777,66.0
4778,66.0
4779,74.0
4780,79.0
4781,78.0
4782,63.0
4783,42.0
4784,30.0
4785,23.0
4786,31.0
4787,28.0
4788,23.0
4789,22.0
4790,24.0
4791,24.0
4792,26.0
4793,33.0
4794,40.0
4795,40.0
4796,38.0
4797,42.0
4798,48.0
4799,53.0
4800,54.0
4801,72.0
4802,70.0
4803,58.0
4804,51.0
4805,48.0
4806,44.0
4807,35.0
4808,11.0
4809,8.0
4810,7.0
4811,3.0
4812,3.0
4813,2.0
4814,2.0
4815,3.0
4816,2.0
4817,1.0
4818,1.0
4819,12.0
4820,14.0
4821,18.0
4822,23.0
4823,23.0
4824,22.0
4825,28.0
4826,25.0
4827,23.0
4828,21.0
4829,17.0
4830,20.0
4831,17.0
4832,18.0
4833,19.0
4834,25.0
4835,43.0
4836,56.0
4837,60.0
4838,62.0
4839,62.0
4840,56.0
4841,37.0
4842,26.0
4843,23.0
4844,19.0
4845,16.0
4846,12.0
4847,11.0
4848,11.0
4849,9.0
4850,13.0
4851,25.0
4852,27.0
4853,48.0
4854,56.0
4855,54.0
4856,60.0
4857,56.0
4858,56.0
4859,54.0
4860,60.0
4861,50.0
4862,32.0
4863,25.0
4864,25.0
4865,31.0
4866,30.0
4867,28.0
4868,26.0
4869,25.0
4870,26.0
4871,28.0
4872,31.0
4873,34.0
4874,35.0
4875,36.0
4876,37.0
4877,40.0
4878,42.0
4879,40.0
4880,45.0
4881,55.0
4882,52.0
4883,45.0
4884,40.0
4885,36.0
4886,17.0
4887,9.0
4888,8.0
4889,7.0
4890,4.0
4891,4.0
4892,4.0
4893,5.0
4894,5.0
4895,5.0
4896,5.0
4897,1.0
4898,14.0
4899,20.0
4900,22.0
4901,25.0
4902,25.0
4903,22.0
4904,27.0
4905,30.0
4906,26.0
4907,24.0
4908,22.0
4909,14.0
4910,16.0
4911,22.0
4912,25.0
4913,25.0
4914,31.0
4915,40.0
4916,51.0
4917,56.0
4918,45.0
4919,35.0
4920,29.0
4921,29.0
4922,24.0
4923,23.0
4924,18.0
4925,16.0
4926,10.0
4927,11.0
4928,12.0
4929,10.0
4930,18.0
4931,22.0
4932,42.0
4933,47.0
4934,52.0
4935,49.0
4936,48.0
4937,51.0
4938,52.0
4939,54.0
4940,45.0
4941,27.0
4942,23.0
4943,24.0
4944,32.0
4945,34.0
4946,32.0
4947,31.0
4948,26.0
4949,25.0
4950,25.0
4951,29.0
4952,33.0
4953,33.0
4954,33.0
4955,36.0
4956,35.0
4957,39.0
4958,36.0
4959,36.0
4960,27.0
4961,31.0
4962,30.0
4963,22.0
4964,14.0
4965,9.0
4966,10.0
4967,9.0
4968,4.0
4969,4.0
4970,6.0
4971,8.0
4972,8.0
4973,7.0
4974,5.0
4975,5.0
4976,5.0
4977,14.0
4978,19.0
4979,22.0
4980,24.0
4981,25.0
4982,26.0
4983,23.0
4984,23.0
4985,22.0
4986,18.0
4987,18.0
4988,19.0
4989,16.0
4990,22.0
4991,27.0
4992,27.0
4993,30.0
4994,33.0
4995,39.0
4996,41.0
4997,33.0
4998,32.0
4999,29.0
5000,26.0
5001,28.0
5002,24.0
5003,22.0
5004,19.0
5005,11.0
5006,13.0
5007,13.0
5008,12.0
5009,14.0
5010,18.0
5011,33.0
5012,38.0
5013,45.0
5014,48.0
5015,46.0
5016,46.0
5017,43.0
5018,44.0
5019,33.0
5020,26.0
5021,28.0
5022,26.0
5023,33.0
5024,38.0
5025,37.0
5026,33.0
5027,29.0
5028,25.0
5029,25.0
5030,29.0
5031,27.0
5032,26.0
5033,32.0
5034,33.0
5035,37.0
5036,34.0
5037,29.0
5038,23.0
5039,17.0
5040,12.0
5041,14.0
5042,11.0
5043,13.0
5044,15.0
5045,14.0
5046,10.0
5047,8.0
5048,6.0
5049,9.0
5050,8.0
5051,8.0
5052,7.0
5053,7.0
5054,5.0
5055,5.0
5056,12.0
5057,16.0
5058,19.0
5059,21.0
5060,24.0
5061,24.0
5062,22.0
5063,23.0
5064,23.0
5065,17.0
5066,17.0
5067,22.0
5068,18.0
5069,24.0
5070,26.0
5071,27.0
5072,24.0
5073,31.0
5074,35.0
5075,38.0
5076,35.0
5077,34.0
5078,30.0
5079,33.0
5080,30.0
5081,32.0
5082,25.0
5083,20.0
5084,15.0
5085,16.0
5086,15.0
5087,14.0
5088,15.0
5089,16.0
5090,21.0
5091,36.0
5092,37.0
5093,41.0
5094,38.0
5095,39.0
5096,39.0
5097,23.0
5098,23.0
5099,24.0
5100,26.0
5101,24.0
5102,33.0
5103,38.0
5104,39.0
5105,34.0
5106,32.0
5107,25.0
5108,29.0
5109,26.0
5110,27.0
5111,25.0
5112,27.0
5113,28.0
5114,32.0
5115,33.0
5116,25.0
5117,11.0
5118,8.0
5119,4.0
5120,6.0
5121,11.0
5122,14.0
5123,16.0
5124,17.0
5125,18.0
5126,14.0
5127,11.0
5128,13.0
5129,13.0
5130,9.0
5131,9.0
5132,9.0
5133,7.0
5134,5.0
5135,11.0
5136,13.0
5137,16.0
5138,21.0
5139,24.0
5140,22.0
5141,19.0
5142,20.0
5143,17.0
5144,14.0
5145,18.0
5146,22.0
5147,21.0
5148,26.0
5149,25.0
5150,25.0
5151,26.0
5152,25.0
5153,32.0
5154,34.0
5155,36.0
5156,37.0
5157,32.0
5158,33.0
5159,34.0
5160,31.0
5161,26.0
5162,20.0
5163,16.0
5164,18.0
5165,18.0
5166,15.0
5167,18.0
5168,22.0
5169,27.0
5170,25.0
5171,30.0
5172,35.0
5173,28.0
5174,25.0
5175,21.0
5176,17.0
5177,20.0
5178,22.0
5179,22.0
5180,25.0
5181,33.0
5182,37.0
5183,36.0
5184,28.0
5185,33.0
5186,25.0
5187,24.0
5188,24.0
5189,20.0
5190,23.0
5191,28.0
5192,30.0
5193,28.0
5194,26.0
5195,22.0
5196,10.0
5197,7.0
5198,6.0
5199,13.0
5200,17.0
5201,18.0
5202,21.0
5203,25.0
5204,26.0
5205,27.0
5206,22.0
5207,24.0
5208,22.0
5209,20.0
5210,17.0
5211,13.0
5212,9.0
5213,6.0
5214,11.0
5215,13.0
5216,17.0
5217,19.0
5218,25.0
5219,21.0
5220,19.0
5221,16.0
5222,17.0
5223,17.0
5224,16.0
5225,18.0
5226,21.0
5227,27.0
5228,26.0
5229,25.0
5230,27.0
5231,25.0
5232,29.0
5233,32.0
5234,37.0
5235,33.0
5236,31.0
5237,33.0
5238,33.0
5239,30.0
5240,27.0
5241,21.0
5242,16.0
5243,20.0
5244,19.0
5245,20.0
5246,28.0
5247,25.0
5248,26.0
5249,27.0
5250,28.0
5251,26.0
5252,20.0
5253,15.0
5254,15.0
5255,16.0
5256,19.0
5257,22.0
5258,20.0
5259,27.0
5260,31.0
5261,31.0
5262,29.0
5263,30.0
5264,31.0
5265,25.0
5266,28.0
5267,25.0
5268,20.0
5269,22.0
5270,23.0
5271,25.0
5272,22.0
5273,20.0
5274,19.0
5275,14.0
5276,6.0
5277,9.0
5278,16.0
5279,23.0
5280,27.0
5281,33.0
5282,36.0
5283,39.0
5284,42.0
5285,42.0
5286,45.0
5287,36.0
5288,23.0
5289,21.0
5290,20.0
5291,13.0
5292,11.0
5293,12.0
5294,14.0
5295,14.0
5296,17.0
5297,22.0
5298,19.0
5299,17.0
5300,18.0
5301,18.0
5302,15.0
5303,16.0
5304,19.0
5305,26.0
5306,25.0
5307,25.0
5308,25.0
5309,27.0
5310,29.0
5311,26.0
5312,29.0
5313,36.0
5314,32.0
5315,28.0
5316,30.0
5317,29.0
5318,27.0
5319,23.0
5320,25.0
5321,19.0
5322,21.0
5323,24.0
5324,32.0
5325,33.0
5326,35.0
5327,37.0
5328,43.0
5329,38.0
5330,37.0
5331,23.0
5332,17.0
5333,13.0
5334,11.0
5335,20.0
5336,16.0
5337,20.0
5338,25.0
5339,29.0
5340,29.0
5341,28.0
5342,32.0
5343,33.0
5344,27.0
5345,28.0
5346,25.0
5347,17.0
5348,17.0
5349,17.0
5350,16.0
5351,17.0
5352,17.0
5353,17.0
5354,15.0
5355,11.0
5356,14.0
5357,25.0
5358,27.0
5359,34.0
5360,47.0
5361,51.0
5362,63.0
5363,62.0
5364,63.0
5365,59.0
5366,54.0
5367,48.0
5368,33.0
5369,23.0
5370,15.0
5371,12.0
5372,10.0
5373,15.0
5374,15.0
5375,17.0
5376,17.0
5377,19.0
5378,17.0
5379,18.0
5380,13.0
5381,15.0
5382,17.0
5383,18.0
5384,17.0
5385,19.0
5386,24.0
5387,24.0
5388,24.0
5389,23.0
5390,24.0
5391,29.0
5392,28.0
5393,29.0
5394,26.0
5395,26.0
5396,27.0
5397,22.0
5398,22.0
5399,27.0
5400,20.0
5401,24.0
5402,34.0
5403,38.0
5404,47.0
5405,52.0
5406,51.0
5407,46.0
5408,44.0
5409,42.0
5410,38.0
5411,21.0
5412,9.0
5413,11.0
5414,16.0
5415,20.0
5416,24.0
5417,30.0
5418,26.0
5419,29.0
5420,30.0
5421,27.0
5422,32.0
5423,28.0
5424,29.0
5425,28.0
5426,27.0
5427,17.0
5428,15.0
5429,18.0
5430,18.0
5431,19.0
5432,18.0
5433,16.0
5434,14.0
5435,25.0
5436,28.0
5437,34.0
5438,51.0
5439,54.0
5440,66.0
5441,73.0
5442,80.0
5443,77.0
5444,72.0
5445,66.0
5446,79.0
5447,86.0
5448,78.0
5449,50.0
5450,19.0
5451,11.0
5452,12.0
5453,17.0
5454,16.0
5455,16.0
5456,14.0
5457,14.0
5458,13.0
5459,16.0
5460,16.0
5461,19.0
5462,21.0
5463,15.0
5464,18.0
5465,17.0
5466,27.0
5467,25.0
5468,28.0
5469,27.0
5470,29.0
5471,25.0
5472,22.0
5473,21.0
5474,19.0
5475,16.0
5476,22.0
5477,24.0
5478,26.0
5479,21.0
5480,28.0
5481,36.0
5482,53.0
5483,54.0
5484,58.0
5485,61.0
5486,51.0
5487,44.0
5488,41.0
5489,38.0
5490,27.0
5491,13.0
5492,9.0
5493,15.0
5494,19.0
5495,21.0
5496,24.0
5497,27.0
5498,26.0
5499,28.0
5500,33.0
5501,33.0
5502,32.0
5503,29.0
5504,26.0
5505,26.0
5506,25.0
5507,24.0
5508,22.0
5509,23.0
5510,23.0
5511,18.0
5512,16.0
5513,15.0
5514,26.0
5515,38.0
5516,43.0
5517,56.0
5518,61.0
5519,72.0
5520,84.0
5521,88.0
5522,90.0
5523,88.0
5524,122.0
5525,121.0
5526,121.0
5527,108.0
5528,92.0
5529,71.0
5530,9.0
5531,9.0
5532,11.0
5533,14.0
5534,16.0
5535,16.0
5536,13.0
5537,15.0
5538,17.0
5539,17.0
5540,22.0
5541,18.0
5542,19.0
5543,17.0
5544,24.0
5545,21.0
5546,23.0
5547,27.0
5548,23.0
5549,27.0
5550,24.0
5551,17.0
5552,17.0
5553,18.0
5554,13.0
5555,19.0
5556,22.0
5557,25.0
5558,25.0
5559,32.0
5560,42.0
5561,55.0
5562,60.0
5563,58.0
5564,57.0
5565,56.0
5566,48.0
5567,47.0
5568,42.0
5569,32.0
5570,17.0
5571,15.0
5572,11.0
5573,13.0
5574,17.0
5575,15.0
5576,23.0
5577,27.0
5578,32.0
5579,31.0
5580,27.0
5581,26.0
5582,26.0
5583,24.0
5584,32.0
5585,35.0
5586,30.0
5587,27.0
5588,27.0
5589,27.0
5590,28.0
5591,19.0
5592,24.0
5593,39.0
5594,50.0
5595,56.0
5596,59.0
5597,69.0
5598,95.0
5599,121.0
5600,124.0
5601,126.0
5602,140.0
5603,144.0
5604,137.0
5605,130.0
5606,119.0
5607,101.0
5608,87.0
5609,10.0
5610,10.0
5611,13.0
5612,13.0
5613,15.0
5614,14.0
5615,15.0
5616,17.0
5617,17.0
5618,14.0
5619,16.0
5620,18.0
5621,18.0
5622,20.0
5623,22.0
5624,22.0
5625,20.0
5626,22.0
5627,24.0
5628,22.0
5629,25.0
5630,26.0
5631,18.0
5632,20.0
5633,19.0
5634,18.0
5635,24.0
5636,24.0
5637,27.0
5638,35.0
5639,45.0
5640,58.0
5641,64.0
5642,63.0
5643,60.0
5644,59.0
5645,60.0
5646,49.0
5647,45.0
5648,35.0
5649,23.0
5650,19.0
5651,14.0
5652,11.0
5653,14.0
5654,14.0
5655,19.0
5656,24.0
5657,30.0
5658,26.0
5659,25.0
5660,24.0
5661,23.0
5662,24.0
5663,37.0
5664,34.0
5665,36.0
5666,31.0
5667,37.0
5668,30.0
5669,31.0
5670,33.0
5671,28.0
5672,44.0
5673,52.0
5674,60.0
5675,64.0
5676,94.0
5677,114.0
5678,130.0
5679,136.0
5680,135.0
5681,164.0
5682,163.0
5683,140.0
5684,140.0
5685,130.0
5686,116.0
5687,90.0
5688,14.0
5689,15.0
5690,18.0
5691,18.0
5692,20.0
5693,21.0
5694,23.0
5695,22.0
5696,19.0
5697,22.0
5698,24.0
5699,28.0
5700,25.0
5701,29.0
5702,16.0
5703,18.0
5704,22.0
5705,19.0
5706,19.0
5707,20.0
5708,25.0
5709,27.0
5710,21.0
5711,21.0
5712,26.0
5713,25.0
5714,28.0
5715,28.0
5716,32.0
5717,37.0
5718,44.0
5719,55.0
5720,62.0
5721,62.0
5722,58.0
5723,65.0
5724,62.0
5725,49.0
5726,44.0
5727,32.0
5728,27.0
5729,22.0
5730,14.0
5731,10.0
5732,12.0
5733,14.0
5734,14.0
5735,20.0
5736,28.0
5737,24.0
5738,22.0
5739,26.0
5740,27.0
5741,31.0
5742,34.0
5743,46.0
5744,57.0
5745,54.0
5746,61.0
5747,61.0
5748,61.0
5749,46.0
5750,35.0
5751,46.0
5752,54.0
5753,62.0
5754,86.0
5755,110.0
5756,121.0
5757,133.0
5758,139.0
5759,144.0
5760,175.0
5761,176.0
5762,166.0
5763,151.0
5764,136.0
5765,122.0
5766,106.0
5767,17.0
5768,23.0
5769,25.0
5770,24.0
5771,22.0
5772,26.0
5773,28.0
5774,27.0
5775,31.0
5776,35.0
5777,34.0
5778,35.0
5779,32.0
5780,36.0
5781,25.0
5782,20.0
5783,19.0
5784,18.0
5785,19.0
5786,19.0
5787,22.0
5788,26.0
5789,24.0
5790,27.0
5791,27.0
5792,21.0
5793,22.0
5794,27.0
5795,37.0
5796,36.0
5797,42.0
5798,52.0
5799,58.0
5800,62.0
5801,64.0
5802,64.0
5803,62.0
5804,50.0
5805,35.0
5806,32.0
5807,25.0
5808,22.0
5809,18.0
5810,12.0
5811,12.0
5812,12.0
5813,11.0
5814,18.0
5815,27.0
5816,21.0
5817,22.0
5818,27.0
5819,32.0
5820,39.0
5821,50.0
5822,56.0
5823,75.0
5824,77.0
5825,83.0
5826,77.0
5827,72.0
5828,66.0
5829,55.0
5830,68.0
5831,66.0
5832,76.0
5833,107.0
5834,110.0
5835,124.0
5836,134.0
5837,144.0
5838,154.0
5839,184.0
5840,193.0
5841,175.0
5842,150.0
5843,143.0
5844,126.0
5845,107.0
5846,22.0
5847,24.0
5848,28.0
5849,31.0
5850,26.0
5851,35.0
5852,34.0
5853,36.0
5854,55.0
5855,51.0
5856,47.0
5857,39.0
5858,38.0
5859,37.0
5860,31.0
5861,28.0
5862,18.0
5863,19.0
5864,18.0
5865,21.0
5866,21.0
5867,24.0
5868,20.0
5869,21.0
5870,23.0
5871,25.0
5872,23.0
5873,24.0
5874,37.0
5875,41.0
5876,37.0
5877,43.0
5878,57.0
5879,54.0
5880,62.0
5881,63.0
5882,58.0
5883,40.0
5884,38.0
5885,26.0
5886,19.0
5887,20.0
5888,20.0
5889,15.0
5890,15.0
5891,18.0
5892,21.0
5893,18.0
5894,23.0
5895,23.0
5896,25.0
5897,31.0
5898,36.0
5899,51.0
5900,54.0
5901,71.0
5902,77.0
5903,82.0
5904,86.0
5905,84.0
5906,79.0
5907,83.0
5908,92.0
5909,76.0
5910,81.0
5911,90.0
5912,124.0
5913,127.0
5914,125.0
5915,137.0
5916,140.0
5917,150.0
5918,193.0
5919,185.0
5920,185.0
5921,147.0
5922,136.0
5923,120.0
5924,107.0
5925,19.0
5926,23.0
5927,25.0
5928,32.0
5929,35.0
5930,31.0
5931,39.0
5932,55.0
5933,59.0
5934,53.0
5935,45.0
5936,46.0
5937,43.0
5938,37.0
5939,32.0
5940,27.0
5941,19.0
5942,18.0
5943,19.0
5944,22.0
5945,25.0
5946,23.0
5947,21.0
5948,26.0
5949,24.0
5950,26.0
5951,26.0
5952,25.0
5953,28.0
5954,39.0
5955,33.0
5956,37.0
5957,40.0
5958,47.0
5959,56.0
5960,57.0
5961,49.0
5962,42.0
5963,29.0
5964,23.0
5965,17.0
5966,17.0
5967,20.0
5968,19.0
5969,21.0
5970,24.0
5971,24.0
5972,24.0
5973,25.0
5974,23.0
5975,28.0
5976,30.0
5977,45.0
5978,53.0
5979,56.0
5980,79.0
5981,85.0
5982,83.0
5983,90.0
5984,89.0
5985,96.0
5986,95.0
5987,105.0
5988,92.0
5989,94.0
5990,93.0
5991,122.0
5992,138.0
5993,140.0
5994,125.0
5995,132.0
5996,132.0
5997,193.0
5998,196.0
5999,183.0
6000,152.0
6001,135.0
6002,117.0
6003,104.0
6004,20.0
6005,24.0
6006,26.0
6007,29.0
6008,37.0
6009,33.0
6010,42.0
6011,55.0
6012,53.0
6013,49.0
6014,44.0
6015,44.0
6016,43.0
6017,36.0
6018,33.0
6019,30.0
6020,15.0
6021,17.0
6022,19.0
6023,23.0
6024,25.0
6025,21.0
6026,25.0
6027,26.0
6028,24.0
6029,22.0
6030,26.0
6031,24.0
6032,24.0
6033,33.0
6034,28.0
6035,32.0
6036,27.0
6037,34.0
6038,45.0
6039,45.0
6040,42.0
6041,30.0
6042,21.0
6043,17.0
6044,16.0
6045,15.0
6046,18.0
6047,21.0
6048,20.0
6049,20.0
6050,22.0
6051,21.0
6052,21.0
6053,26.0
6054,24.0
6055,30.0
6056,42.0
6057,50.0
6058,56.0
6059,79.0
6060,86.0
6061,87.0
6062,87.0
6063,90.0
6064,102.0
6065,99.0
6066,101.0
6067,103.0
6068,93.0
6069,91.0
6070,118.0
6071,130.0
6072,126.0
6073,109.0
6074,121.0
6075,113.0
6076,135.0
6077,180.0
6078,172.0
6079,140.0
6080,132.0
6081,116.0
6082,103.0
6083,19.0
6084,24.0
6085,27.0
6086,30.0
6087,36.0
6088,33.0
6089,39.0
6090,56.0
6091,52.0
6092,49.0
6093,46.0
6094,42.0
6095,42.0
6096,32.0
6097,29.0
6098,32.0
6099,14.0
6100,14.0
6101,18.0
6102,24.0
6103,20.0
6104,26.0
6105,26.0
6106,24.0
6107,20.0
6108,18.0
6109,18.0
6110,23.0
6111,23.0
6112,24.0
6113,21.0
6114,21.0
6115,22.0
6116,24.0
6117,23.0
6118,23.0
6119,22.0
6120,19.0
6121,15.0
6122,13.0
6123,13.0
6124,15.0
6125,20.0
6126,19.0
6127,21.0
6128,20.0
6129,18.0
6130,16.0
6131,20.0
6132,26.0
6133,19.0
6134,31.0
6135,41.0
6136,46.0
6137,50.0
6138,77.0
6139,86.0
6140,90.0
6141,86.0
6142,96.0
6143,101.0
6144,102.0
6145,102.0
6146,100.0
6147,92.0
6148,89.0
6149,105.0
6150,125.0
6151,118.0
6152,106.0
6153,104.0
6154,108.0
6155,107.0
6156,121.0
6157,139.0
6158,133.0
6159,120.0
6160,109.0
6161,74.0
6162,15.0
6163,20.0
6164,25.0
6165,29.0
6166,33.0
6167,33.0
6168,38.0
6169,50.0
6170,49.0
6171,47.0
6172,46.0
6173,42.0
6174,40.0
6175,33.0
6176,29.0
6177,20.0
6178,8.0
6179,9.0
6180,11.0
6181,15.0
6182,16.0
6183,21.0
6184,27.0
6185,20.0
6186,19.0
6187,18.0
6188,17.0
6189,19.0
6190,17.0
6191,18.0
6192,12.0
6193,11.0
6194,13.0
6195,15.0
6196,12.0
6197,16.0
6198,16.0
6199,11.0
6200,13.0
6201,13.0
6202,10.0
6203,14.0
6204,16.0
6205,17.0
6206,18.0
6207,16.0
6208,16.0
6209,16.0
6210,16.0
6211,25.0
6212,25.0
6213,24.0
6214,34.0
6215,41.0
6216,44.0
6217,66.0
6218,80.0
6219,86.0
6220,80.0
6221,89.0
6222,95.0
6223,98.0
6224,99.0
6225,93.0
6226,82.0
6227,78.0
6228,86.0
6229,98.0
6230,110.0
6231,93.0
6232,100.0
6233,98.0
6234,88.0
6235,76.0
6236,79.0
6237,76.0
6238,66.0
6239,59.0
6240,49.0
6241,14.0
6242,17.0
6243,23.0
6244,27.0
6245,32.0
6246,33.0
6247,36.0
6248,40.0
6249,43.0
6250,42.0
6251,39.0
6252,34.0
6253,37.0
6254,31.0
6255,27.0
6256,15.0
6257,6.0
6258,8.0
6259,8.0
6260,12.0
6261,14.0
6262,16.0
6263,18.0
6264,19.0
6265,19.0
6266,17.0
6267,16.0
6268,19.0
6269,16.0
6270,13.0
6271,8.0
6272,9.0
6273,8.0
6274,9.0
6275,9.0
6276,6.0
6277,11.0
6278,10.0
6279,11.0
6280,10.0
6281,10.0
6282,7.0
6283,15.0
6284,17.0
6285,17.0
6286,16.0
6287,15.0
6288,16.0
6289,16.0
6290,20.0
6291,23.0
6292,17.0
6293,26.0
6294,36.0
6295,40.0
6296,59.0
6297,73.0
6298,79.0
6299,73.0
6300,76.0
6301,82.0
6302,84.0
6303,94.0
6304,84.0
6305,71.0
6306,70.0
6307,74.0
6308,82.0
6309,88.0
6310,74.0
6311,88.0
6312,81.0
6313,56.0
6314,53.0
6315,49.0
6316,53.0
6317,49.0
6318,45.0
6319,37.0
