Grid_Number,Connectivity
0,0.0
1,0.0
2,0.0
3,0.0
4,0.0
5,0.0
6,0.0
7,0.0
8,0.0
9,0.0
10,0.0
11,0.0
12,1.0
13,1.0
14,1.0
15,1.0
16,1.0
17,1.0
18,1.0
19,1.0
20,1.0
21,0.0
22,0.0
23,0.0
24,1.0
25,1.0
26,1.0
27,1.0
28,0.0
29,2.0
30,2.0
31,2.0
32,2.0
33,2.0
34,2.0
35,2.0
36,1.0
37,1.0
38,1.0
39,1.0
40,1.0
41,0.0
42,0.0
43,0.0
44,0.0
45,0.0
46,0.0
47,0.0
48,0.0
49,0.0
50,0.0
51,0.0
52,0.0
53,0.0
54,0.0
55,0.0
56,0.0
57,0.0
58,0.0
59,0.0
60,0.0
61,0.0
62,0.0
63,0.0
64,0.0
65,0.0
66,0.0
67,1.0
68,1.0
69,1.0
70,2.0
71,2.0
72,2.0
73,2.0
74,2.0
75,1.0
76,1.0
77,1.0
78,0.0
79,1.0
80,1.0
81,1.0
82,1.0
83,1.0
84,2.0
85,2.0
86,2.0
87,0.0
88,0.0
89,0.0
90,0.0
91,0.0
92,1.0
93,1.0
94,1.0
95,1.0
96,1.0
97,1.0
98,0.0
99,0.0
100,0.0
101,0.0
102,0.0
103,0.0
104,0.0
105,0.0
106,0.0
107,0.0
108,0.0
109,0.0
110,0.0
111,0.0
112,0.0
113,0.0
114,0.0
115,0.0
116,0.0
117,0.0
118,0.0
119,0.0
120,0.0
121,0.0
122,1.0
123,1.0
124,1.0
125,2.0
126,2.0
127,2.0
128,2.0
129,2.0
130,2.0
131,2.0
132,1.0
133,1.0
134,1.0
135,0.0
136,1.0
137,1.0
138,1.0
139,1.0
140,2.0
141,2.0
142,0.0
143,0.0
144,0.0
145,0.0
146,0.0
147,0.0
148,2.0
149,1.0
150,0.0
151,0.0
152,1.0
153,1.0
154,0.0
155,0.0
156,0.0
157,0.0
158,0.0
159,0.0
160,0.0
161,0.0
162,0.0
163,0.0
164,0.0
165,0.0
166,0.0
167,0.0
168,0.0
169,0.0
170,0.0
171,0.0
172,0.0
173,0.0
174,0.0
175,0.0
176,0.0
177,1.0
178,1.0
179,1.0
180,2.0
181,2.0
182,0.0
183,0.0
184,0.0
185,0.0
186,2.0
187,2.0
188,2.0
189,1.0
190,1.0
191,1.0
192,0.0
193,1.0
194,1.0
195,1.0
196,2.0
197,2.0
198,0.0
199,0.0
200,0.0
201,0.0
202,0.0
203,0.0
204,2.0
205,0.0
206,0.0
207,1.0
208,1.0
209,1.0
210,1.0
211,0.0
212,0.0
213,0.0
214,0.0
215,0.0
216,0.0
217,0.0
218,0.0
219,0.0
220,0.0
221,0.0
222,0.0
223,0.0
224,0.0
225,0.0
226,0.0
227,0.0
228,0.0
229,0.0
230,0.0
231,0.0
232,1.0
233,1.0
234,1.0
235,1.0
236,3.0
237,0.0
238,0.0
239,0.0
240,0.0
241,0.0
242,0.0
243,2.0
244,2.0
245,0.0
246,0.0
247,0.0
248,1.0
249,1.0
250,1.0
251,1.0
252,1.0
253,0.0
254,0.0
255,0.0
256,0.0
257,0.0
258,0.0
259,2.0
260,2.0
261,0.0
262,0.0
263,2.0
264,2.0
265,1.0
266,1.0
267,1.0
268,0.0
269,0.0
270,0.0
271,0.0
272,0.0
273,0.0
274,0.0
275,0.0
276,0.0
277,0.0
278,0.0
279,0.0
280,0.0
281,0.0
282,0.0
283,0.0
284,0.0
285,0.0
286,0.0
287,1.0
288,1.0
289,1.0
290,1.0
291,1.0
292,3.0
293,3.0
294,0.0
295,0.0
296,0.0
297,0.0
298,0.0
299,0.0
300,2.0
301,0.0
302,0.0
303,1.0
304,1.0
305,1.0
306,1.0
307,1.0
308,1.0
309,2.0
310,0.0
311,0.0
312,0.0
313,0.0
314,2.0
315,2.0
316,3.0
317,3.0
318,2.0
319,2.0
320,2.0
321,2.0
322,1.0
323,1.0
324,1.0
325,0.0
326,0.0
327,0.0
328,0.0
329,0.0
330,0.0
331,0.0
332,0.0
333,0.0
334,0.0
335,0.0
336,0.0
337,0.0
338,0.0
339,0.0
340,0.0
341,0.0
342,0.0
343,1.0
344,1.0
345,1.0
346,1.0
347,2.0
348,3.0
349,3.0
350,3.0
351,0.0
352,0.0
353,0.0
354,0.0
355,0.0
356,2.0
357,0.0
358,0.0
359,1.0
360,1.0
361,1.0
362,1.0
363,1.0
364,1.0
365,2.0
366,2.0
367,2.0
368,2.0
369,2.0
370,2.0
371,3.0
372,3.0
373,0.0
374,2.0
375,2.0
376,2.0
377,2.0
378,0.0
379,1.0
380,1.0
381,1.0
382,0.0
383,0.0
384,0.0
385,0.0
386,0.0
387,0.0
388,0.0
389,0.0
390,0.0
391,0.0
392,0.0
393,0.0
394,0.0
395,0.0
396,0.0
397,0.0
398,1.0
399,1.0
400,1.0
401,1.0
402,1.0
403,2.0
404,3.0
405,3.0
406,3.0
407,3.0
408,0.0
409,0.0
410,0.0
411,0.0
412,0.0
413,0.0
414,0.0
415,1.0
416,1.0
417,0.0
418,1.0
419,1.0
420,1.0
421,2.0
422,2.0
423,2.0
424,2.0
425,2.0
426,2.0
427,3.0
428,0.0
429,0.0
430,2.0
431,2.0
432,2.0
433,0.0
434,0.0
435,1.0
436,1.0
437,1.0
438,1.0
439,0.0
440,0.0
441,0.0
442,0.0
443,0.0
444,0.0
445,0.0
446,0.0
447,0.0
448,0.0
449,0.0
450,0.0
451,0.0
452,0.0
453,0.0
454,0.0
455,1.0
456,1.0
457,1.0
458,1.0
459,2.0
460,2.0
461,3.0
462,3.0
463,3.0
464,3.0
465,0.0
466,0.0
467,0.0
468,0.0
469,0.0
470,0.0
471,1.0
472,0.0
473,0.0
474,0.0
475,1.0
476,1.0
477,1.0
478,2.0
479,2.0
480,2.0
481,2.0
482,2.0
483,0.0
484,0.0
485,2.0
486,2.0
487,2.0
488,0.0
489,0.0
490,0.0
491,0.0
492,1.0
493,1.0
494,1.0
495,1.0
496,0.0
497,0.0
498,0.0
499,0.0
500,0.0
501,0.0
502,0.0
503,0.0
504,0.0
505,0.0
506,0.0
507,0.0
508,0.0
509,0.0
510,0.0
511,1.0
512,1.0
513,1.0
514,2.0
515,2.0
516,3.0
517,3.0
518,3.0
519,3.0
520,3.0
521,3.0
522,0.0
523,2.0
524,1.0
525,0.0
526,0.0
527,0.0
528,0.0
529,0.0
530,0.0
531,0.0
532,1.0
533,1.0
534,1.0
535,2.0
536,2.0
537,2.0
538,2.0
539,0.0
540,2.0
541,2.0
542,2.0
543,0.0
544,0.0
545,0.0
546,0.0
547,0.0
548,1.0
549,1.0
550,1.0
551,1.0
552,1.0
553,0.0
554,0.0
555,0.0
556,0.0
557,0.0
558,0.0
559,0.0
560,0.0
561,0.0
562,0.0
563,0.0
564,0.0
565,0.0
566,1.0
567,1.0
568,1.0
569,2.0
570,2.0
571,2.0
572,3.0
573,3.0
574,3.0
575,2.0
576,3.0
577,2.0
578,2.0
579,2.0
580,1.0
581,1.0
582,0.0
583,0.0
584,0.0
585,0.0
586,0.0
587,0.0
588,0.0
589,1.0
590,1.0
591,1.0
592,1.0
593,2.0
594,1.0
595,2.0
596,2.0
597,2.0
598,0.0
599,2.0
600,0.0
601,0.0
602,0.0
603,1.0
604,1.0
605,1.0
606,1.0
607,1.0
608,0.0
609,0.0
610,0.0
611,0.0
612,0.0
613,0.0
614,0.0
615,0.0
616,0.0
617,0.0
618,0.0
619,0.0
620,0.0
621,1.0
622,1.0
623,1.0
624,2.0
625,2.0
626,2.0
627,2.0
628,2.0
629,3.0
630,3.0
631,3.0
632,2.0
633,2.0
634,2.0
635,1.0
636,1.0
637,0.0
638,0.0
639,0.0
640,0.0
641,0.0
642,0.0
643,0.0
644,0.0
645,0.0
646,1.0
647,1.0
648,1.0
649,1.0
650,1.0
651,2.0
652,2.0
653,0.0
654,2.0
655,2.0
656,2.0
657,0.0
658,0.0
659,1.0
660,1.0
661,1.0
662,1.0
663,0.0
664,0.0
665,0.0
666,0.0
667,0.0
668,0.0
669,0.0
670,0.0
671,0.0
672,0.0
673,0.0
674,0.0
675,0.0
676,1.0
677,1.0
678,1.0
679,1.0
680,2.0
681,2.0
682,2.0
683,2.0
684,2.0
685,2.0
686,3.0
687,3.0
688,3.0
689,1.0
690,1.0
691,1.0
692,1.0
693,0.0
694,0.0
695,0.0
696,0.0
697,0.0
698,0.0
699,0.0
700,0.0
701,0.0
702,0.0
703,1.0
704,1.0
705,1.0
706,1.0
707,1.0
708,0.0
709,2.0
710,2.0
711,2.0
712,2.0
713,2.0
714,1.0
715,1.0
716,1.0
717,1.0
718,0.0
719,0.0
720,0.0
721,0.0
722,0.0
723,0.0
724,0.0
725,0.0
726,0.0
727,0.0
728,0.0
729,0.0
730,0.0
731,1.0
732,1.0
733,1.0
734,1.0
735,1.0
736,2.0
737,2.0
738,2.0
739,2.0
740,2.0
741,2.0
742,2.0
743,2.0
744,2.0
745,1.0
746,1.0
747,1.0
748,1.0
749,1.0
750,0.0
751,0.0
752,0.0
753,0.0
754,0.0
755,0.0
756,0.0
757,0.0
758,0.0
759,0.0
760,1.0
761,1.0
762,1.0
763,1.0
764,1.0
765,2.0
766,2.0
767,2.0
768,2.0
769,1.0
770,1.0
771,1.0
772,1.0
773,0.0
774,0.0
775,0.0
776,0.0
777,0.0
778,0.0
779,0.0
780,0.0
781,0.0
782,0.0
783,0.0
784,0.0
785,0.0
786,0.0
787,0.0
788,1.0
789,1.0
790,1.0
791,2.0
792,3.0
793,0.0
794,0.0
795,2.0
796,2.0
797,2.0
798,2.0
799,2.0
800,2.0
801,1.0
802,1.0
803,1.0
804,1.0
805,0.0
806,0.0
807,0.0
808,0.0
809,0.0
810,0.0
811,0.0
812,0.0
813,0.0
814,0.0
815,0.0
816,0.0
817,1.0
818,0.0
819,1.0
820,1.0
821,1.0
822,1.0
823,2.0
824,1.0
825,1.0
826,1.0
827,1.0
828,0.0
829,0.0
830,0.0
831,0.0
832,0.0
833,0.0
834,0.0
835,0.0
836,0.0
837,0.0
838,0.0
839,0.0
840,0.0
841,0.0
842,0.0
843,1.0
844,1.0
845,1.0
846,2.0
847,2.0
848,3.0
849,3.0
850,0.0
851,0.0
852,2.0
853,2.0
854,2.0
855,2.0
856,1.0
857,1.0
858,1.0
859,1.0
860,0.0
861,0.0
862,0.0
863,0.0
864,0.0
865,0.0
866,0.0
867,0.0
868,0.0
869,0.0
870,0.0
871,0.0
872,0.0
873,0.0
874,1.0
875,1.0
876,1.0
877,2.0
878,2.0
879,2.0
880,2.0
881,2.0
882,1.0
883,1.0
884,1.0
885,0.0
886,0.0
887,0.0
888,0.0
889,0.0
890,0.0
891,0.0
892,0.0
893,0.0
894,0.0
895,0.0
896,0.0
897,0.0
898,1.0
899,1.0
900,1.0
901,0.0
902,3.0
903,3.0
904,3.0
905,3.0
906,3.0
907,0.0
908,0.0
909,2.0
910,2.0
911,2.0
912,1.0
913,1.0
914,1.0
915,0.0
916,0.0
917,0.0
918,0.0
919,0.0
920,0.0
921,0.0
922,0.0
923,0.0
924,0.0
925,0.0
926,0.0
927,0.0
928,0.0
929,1.0
930,1.0
931,1.0
932,0.0
933,2.0
934,2.0
935,2.0
936,2.0
937,2.0
938,0.0
939,1.0
940,1.0
941,1.0
942,0.0
943,0.0
944,0.0
945,0.0
946,0.0
947,0.0
948,0.0
949,0.0
950,0.0
951,0.0
952,0.0
953,1.0
954,1.0
955,1.0
956,2.0
957,0.0
958,0.0
959,3.0
960,3.0
961,0.0
962,3.0
963,3.0
964,0.0
965,2.0
966,2.0
967,1.0
968,1.0
969,1.0
970,0.0
971,0.0
972,0.0
973,0.0
974,0.0
975,0.0
976,0.0
977,0.0
978,0.0
979,0.0
980,0.0
981,0.0
982,0.0
983,0.0
984,1.0
985,1.0
986,1.0
987,1.0
988,0.0
989,0.0
990,2.0
991,2.0
992,2.0
993,0.0
994,0.0
995,0.0
996,1.0
997,1.0
998,1.0
999,0.0
1000,0.0
1001,0.0
1002,0.0
1003,0.0
1004,0.0
1005,0.0
1006,0.0
1007,0.0
1008,1.0
1009,1.0
1010,1.0
1011,2.0
1012,2.0
1013,0.0
1014,0.0
1015,0.0
1016,3.0
1017,3.0
1018,3.0
1019,3.0
1020,3.0
1021,2.0
1022,1.0
1023,1.0
1024,1.0
1025,1.0
1026,0.0
1027,0.0
1028,0.0
1029,0.0
1030,0.0
1031,0.0
1032,0.0
1033,0.0
1034,0.0
1035,0.0
1036,0.0
1037,0.0
1038,0.0
1039,1.0
1040,0.0
1041,0.0
1042,1.0
1043,0.0
1044,0.0
1045,2.0
1046,2.0
1047,2.0
1048,2.0
1049,2.0
1050,0.0
1051,0.0
1052,1.0
1053,1.0
1054,1.0
1055,1.0
1056,0.0
1057,0.0
1058,0.0
1059,0.0
1060,0.0
1061,0.0
1062,0.0
1063,0.0
1064,1.0
1065,1.0
1066,1.0
1067,2.0
1068,2.0
1069,3.0
1070,0.0
1071,0.0
1072,0.0
1073,3.0
1074,3.0
1075,2.0
1076,2.0
1077,1.0
1078,1.0
1079,1.0
1080,1.0
1081,1.0
1082,1.0
1083,0.0
1084,0.0
1085,0.0
1086,0.0
1087,0.0
1088,0.0
1089,0.0
1090,0.0
1091,0.0
1092,0.0
1093,0.0
1094,1.0
1095,1.0
1096,1.0
1097,1.0
1098,1.0
1099,0.0
1100,2.0
1101,2.0
1102,2.0
1103,2.0
1104,2.0
1105,2.0
1106,2.0
1107,0.0
1108,1.0
1109,1.0
1110,1.0
1111,1.0
1112,1.0
1113,0.0
1114,0.0
1115,0.0
1116,0.0
1117,0.0
1118,0.0
1119,0.0
1120,1.0
1121,1.0
1122,2.0
1123,2.0
1124,2.0
1125,3.0
1126,3.0
1127,0.0
1128,0.0
1129,0.0
1130,3.0
1131,2.0
1132,2.0
1133,1.0
1134,1.0
1135,1.0
1136,1.0
1137,1.0
1138,0.0
1139,0.0
1140,0.0
1141,0.0
1142,0.0
1143,0.0
1144,0.0
1145,0.0
1146,0.0
1147,0.0
1148,0.0
1149,0.0
1150,0.0
1151,1.0
1152,1.0
1153,1.0
1154,1.0
1155,2.0
1156,2.0
1157,2.0
1158,2.0
1159,2.0
1160,2.0
1161,2.0
1162,2.0
1163,2.0
1164,1.0
1165,1.0
1166,1.0
1167,1.0
1168,0.0
1169,0.0
1170,0.0
1171,0.0
1172,0.0
1173,0.0
1174,0.0
1175,0.0
1176,1.0
1177,1.0
1178,2.0
1179,2.0
1180,2.0
1181,3.0
1182,3.0
1183,3.0
1184,0.0
1185,0.0
1186,0.0
1187,2.0
1188,2.0
1189,1.0
1190,1.0
1191,1.0
1192,1.0
1193,0.0
1194,0.0
1195,0.0
1196,0.0
1197,0.0
1198,0.0
1199,0.0
1200,0.0
1201,0.0
1202,0.0
1203,0.0
1204,0.0
1205,0.0
1206,0.0
1207,0.0
1208,1.0
1209,1.0
1210,1.0
1211,1.0
1212,2.0
1213,3.0
1214,0.0
1215,0.0
1216,0.0
1217,2.0
1218,2.0
1219,2.0
1220,1.0
1221,1.0
1222,1.0
1223,0.0
1224,0.0
1225,0.0
1226,0.0
1227,0.0
1228,0.0
1229,0.0
1230,0.0
1231,0.0
1232,1.0
1233,1.0
1234,2.0
1235,3.0
1236,3.0
1237,2.0
1238,3.0
1239,3.0
1240,3.0
1241,0.0
1242,0.0
1243,2.0
1244,1.0
1245,1.0
1246,1.0
1247,1.0
1248,0.0
1249,0.0
1250,0.0
1251,0.0
1252,0.0
1253,0.0
1254,0.0
1255,0.0
1256,0.0
1257,0.0
1258,0.0
1259,0.0
1260,0.0
1261,0.0
1262,0.0
1263,0.0
1264,0.0
1265,1.0
1266,1.0
1267,1.0
1268,3.0
1269,3.0
1270,3.0
1271,0.0
1272,0.0
1273,0.0
1274,2.0
1275,1.0
1276,1.0
1277,1.0
1278,0.0
1279,0.0
1280,0.0
1281,0.0
1282,0.0
1283,0.0
1284,0.0
1285,0.0
1286,0.0
1287,0.0
1288,2.0
1289,2.0
1290,2.0
1291,0.0
1292,3.0
1293,3.0
1294,3.0
1295,3.0
1296,3.0
1297,3.0
1298,0.0
1299,1.0
1300,1.0
1301,1.0
1302,1.0
1303,0.0
1304,0.0
1305,0.0
1306,0.0
1307,0.0
1308,0.0
1309,0.0
1310,0.0
1311,0.0
1312,0.0
1313,0.0
1314,0.0
1315,0.0
1316,0.0
1317,0.0
1318,0.0
1319,0.0
1320,1.0
1321,1.0
1322,1.0
1323,2.0
1324,2.0
1325,3.0
1326,3.0
1327,3.0
1328,0.0
1329,0.0
1330,2.0
1331,1.0
1332,1.0
1333,1.0
1334,1.0
1335,0.0
1336,0.0
1337,0.0
1338,0.0
1339,0.0
1340,0.0
1341,0.0
1342,0.0
1343,0.0
1344,2.0
1345,2.0
1346,2.0
1347,2.0
1348,0.0
1349,3.0
1350,3.0
1351,2.0
1352,2.0
1353,2.0
1354,1.0
1355,1.0
1356,1.0
1357,1.0
1358,0.0
1359,0.0
1360,0.0
1361,0.0
1362,0.0
1363,0.0
1364,0.0
1365,0.0
1366,0.0
1367,0.0
1368,0.0
1369,0.0
1370,0.0
1371,0.0
1372,0.0
1373,0.0
1374,0.0
1375,1.0
1376,1.0
1377,1.0
1378,1.0
1379,2.0
1380,2.0
1381,2.0
1382,2.0
1383,2.0
1384,2.0
1385,2.0
1386,2.0
1387,2.0
1388,1.0
1389,1.0
1390,1.0
1391,1.0
1392,0.0
1393,0.0
1394,0.0
1395,0.0
1396,0.0
1397,0.0
1398,0.0
1399,0.0
1400,0.0
1401,2.0
1402,2.0
1403,2.0
1404,2.0
1405,0.0
1406,3.0
1407,3.0
1408,2.0
1409,1.0
1410,1.0
1411,1.0
1412,1.0
1413,0.0
1414,0.0
1415,0.0
1416,0.0
1417,0.0
1418,0.0
1419,0.0
1420,0.0
1421,0.0
1422,0.0
1423,0.0
1424,0.0
1425,0.0
1426,0.0
1427,0.0
1428,0.0
1429,0.0
1430,1.0
1431,1.0
1432,1.0
1433,1.0
1434,1.0
1435,2.0
1436,2.0
1437,2.0
1438,2.0
1439,2.0
1440,2.0
1441,2.0
1442,2.0
1443,0.0
1444,1.0
1445,1.0
1446,1.0
1447,1.0
1448,1.0
1449,0.0
1450,0.0
1451,0.0
1452,0.0
1453,0.0
1454,0.0
1455,0.0
1456,0.0
1457,0.0
1458,2.0
1459,2.0
1460,2.0
1461,2.0
1462,2.0
1463,2.0
1464,1.0
1465,1.0
1466,1.0
1467,1.0
1468,1.0
1469,0.0
1470,0.0
1471,0.0
1472,0.0
1473,0.0
1474,0.0
1475,0.0
1476,0.0
1477,0.0
1478,0.0
1479,0.0
1480,0.0
1481,0.0
1482,0.0
1483,0.0
1484,0.0
1485,0.0
1486,0.0
1487,1.0
1488,1.0
1489,1.0
1490,1.0
1491,2.0
1492,0.0
1493,3.0
1494,3.0
1495,3.0
1496,1.0
1497,2.0
1498,2.0
1499,0.0
1500,1.0
1501,1.0
1502,1.0
1503,1.0
1504,0.0
1505,0.0
1506,0.0
1507,0.0
1508,0.0
1509,0.0
1510,0.0
1511,0.0
1512,0.0
1513,0.0
1514,0.0
1515,2.0
1516,2.0
1517,2.0
1518,2.0
1519,2.0
1520,1.0
1521,1.0
1522,1.0
1523,1.0
1524,0.0
1525,0.0
1526,0.0
1527,0.0
1528,0.0
1529,0.0
1530,0.0
1531,0.0
1532,0.0
1533,0.0
1534,0.0
1535,0.0
1536,0.0
1537,0.0
1538,0.0
1539,0.0
1540,0.0
1541,0.0
1542,0.0
1543,0.0
1544,1.0
1545,1.0
1546,2.0
1547,4.0
1548,3.0
1549,0.0
1550,3.0
1551,3.0
1552,3.0
1553,2.0
1554,2.0
1555,2.0
1556,1.0
1557,1.0
1558,1.0
1559,0.0
1560,0.0
1561,0.0
1562,0.0
1563,0.0
1564,0.0
1565,0.0
1566,0.0
1567,0.0
1568,0.0
1569,0.0
1570,0.0
1571,0.0
1572,2.0
1573,2.0
1574,2.0
1575,2.0
1576,1.0
1577,1.0
1578,1.0
1579,0.0
1580,0.0
1581,0.0
1582,0.0
1583,0.0
1584,0.0
1585,0.0
1586,0.0
1587,0.0
1588,0.0
1589,0.0
1590,0.0
1591,0.0
1592,0.0
1593,0.0
1594,0.0
1595,0.0
1596,0.0
1597,0.0
1598,0.0
1599,0.0
1600,1.0
1601,1.0
1602,3.0
1603,4.0
1604,4.0
1605,3.0
1606,0.0
1607,3.0
1608,0.0
1609,0.0
1610,2.0
1611,1.0
1612,1.0
1613,1.0
1614,0.0
1615,0.0
1616,0.0
1617,0.0
1618,0.0
1619,0.0
1620,0.0
1621,0.0
1622,0.0
1623,0.0
1624,0.0
1625,0.0
1626,0.0
1627,0.0
1628,0.0
1629,2.0
1630,2.0
1631,1.0
1632,1.0
1633,1.0
1634,0.0
1635,0.0
1636,0.0
1637,0.0
1638,0.0
1639,0.0
1640,0.0
1641,0.0
1642,0.0
1643,0.0
1644,0.0
1645,0.0
1646,0.0
1647,0.0
1648,0.0
1649,0.0
1650,0.0
1651,0.0
1652,0.0
1653,1.0
1654,0.0
1655,1.0
1656,1.0
1657,3.0
1658,3.0
1659,3.0
1660,4.0
1661,1.0
1662,3.0
1663,0.0
1664,0.0
1665,0.0
1666,1.0
1667,1.0
1668,1.0
1669,1.0
1670,0.0
1671,0.0
1672,0.0
1673,0.0
1674,0.0
1675,0.0
1676,0.0
1677,0.0
1678,0.0
1679,0.0
1680,0.0
1681,0.0
1682,0.0
1683,0.0
1684,0.0
1685,0.0
1686,2.0
1687,1.0
1688,1.0
1689,0.0
1690,0.0
1691,0.0
1692,0.0
1693,0.0
1694,0.0
1695,0.0
1696,0.0
1697,0.0
1698,0.0
1699,0.0
1700,0.0
1701,0.0
1702,0.0
1703,0.0
1704,0.0
1705,0.0
1706,0.0
1707,0.0
1708,1.0
1709,1.0
1710,1.0
1711,1.0
1712,2.0
1713,3.0
1714,3.0
1715,1.0
1716,1.0
1717,0.0
1718,4.0
1719,3.0
1720,0.0
1721,2.0
1722,1.0
1723,1.0
1724,1.0
1725,1.0
1726,1.0
1727,0.0
1728,0.0
1729,0.0
1730,0.0
1731,0.0
1732,0.0
1733,0.0
1734,0.0
1735,0.0
1736,1.0
1737,1.0
1738,0.0
1739,0.0
1740,0.0
1741,1.0
1742,1.0
1743,1.0
1744,0.0
1745,0.0
1746,0.0
1747,0.0
1748,0.0
1749,0.0
1750,0.0
1751,0.0
1752,0.0
1753,0.0
1754,0.0
1755,0.0
1756,0.0
1757,0.0
1758,0.0
1759,0.0
1760,1.0
1761,0.0
1762,0.0
1763,0.0
1764,0.0
1765,1.0
1766,1.0
1767,2.0
1768,2.0
1769,0.0
1770,4.0
1771,0.0
1772,1.0
1773,0.0
1774,1.0
1775,3.0
1776,2.0
1777,2.0
1778,1.0
1779,1.0
1780,1.0
1781,1.0
1782,0.0
1783,0.0
1784,0.0
1785,0.0
1786,0.0
1787,0.0
1788,0.0
1789,0.0
1790,0.0
1791,0.0
1792,1.0
1793,1.0
1794,1.0
1795,1.0
1796,1.0
1797,1.0
1798,1.0
1799,0.0
1800,0.0
1801,0.0
1802,0.0
1803,0.0
1804,0.0
1805,0.0
1806,0.0
1807,0.0
1808,0.0
1809,0.0
1810,0.0
1811,0.0
1812,0.0
1813,0.0
1814,0.0
1815,1.0
1816,1.0
1817,1.0
1818,0.0
1819,0.0
1820,0.0
1821,0.0
1822,0.0
1823,0.0
1824,2.0
1825,0.0
1826,3.0
1827,0.0
1828,0.0
1829,1.0
1830,0.0
1831,0.0
1832,3.0
1833,2.0
1834,1.0
1835,1.0
1836,1.0
1837,0.0
1838,0.0
1839,0.0
1840,0.0
1841,0.0
1842,0.0
1843,0.0
1844,0.0
1845,0.0
1846,0.0
1847,0.0
1848,0.0
1849,1.0
1850,1.0
1851,1.0
1852,1.0
1853,1.0
1854,0.0
1855,0.0
1856,0.0
1857,0.0
1858,0.0
1859,0.0
1860,0.0
1861,0.0
1862,0.0
1863,0.0
1864,0.0
1865,0.0
1866,0.0
1867,0.0
1868,0.0
1869,0.0
1870,1.0
1871,1.0
1872,1.0
1873,1.0
1874,1.0
1875,0.0
1876,1.0
1877,0.0
1878,0.0
1879,2.0
1880,0.0
1881,0.0
1882,0.0
1883,1.0
1884,3.0
1885,3.0
1886,3.0
1887,4.0
1888,3.0
1889,2.0
1890,1.0
1891,1.0
1892,0.0
1893,0.0
1894,0.0
1895,0.0
1896,0.0
1897,0.0
1898,0.0
1899,0.0
1900,0.0
1901,0.0
1902,0.0
1903,0.0
1904,0.0
1905,0.0
1906,1.0
1907,1.0
1908,1.0
1909,0.0
1910,0.0
1911,0.0
1912,0.0
1913,0.0
1914,0.0
1915,0.0
1916,0.0
1917,0.0
1918,0.0
1919,0.0
1920,0.0
1921,0.0
1922,0.0
1923,0.0
1924,0.0
1925,1.0
1926,1.0
1927,1.0
1928,1.0
1929,1.0
1930,1.0
1931,2.0
1932,2.0
1933,0.0
1934,0.0
1935,0.0
1936,0.0
1937,0.0
1938,1.0
1939,1.0
1940,4.0
1941,4.0
1942,0.0
1943,3.0
1944,3.0
1945,2.0
1946,2.0
1947,1.0
1948,0.0
1949,0.0
1950,0.0
1951,0.0
1952,0.0
1953,0.0
1954,0.0
1955,0.0
1956,0.0
1957,0.0
1958,0.0
1959,0.0
1960,0.0
1961,0.0
1962,0.0
1963,1.0
1964,0.0
1965,0.0
1966,0.0
1967,0.0
1968,0.0
1969,0.0
1970,0.0
1971,0.0
1972,0.0
1973,0.0
1974,0.0
1975,0.0
1976,0.0
1977,0.0
1978,0.0
1979,0.0
1980,1.0
1981,1.0
1982,1.0
1983,1.0
1984,1.0
1985,1.0
1986,2.0
1987,2.0
1988,2.0
1989,0.0
1990,2.0
1991,2.0
1992,0.0
1993,1.0
1994,1.0
1995,0.0
1996,6.0
1997,4.0
1998,4.0
1999,3.0
2000,2.0
2001,2.0
2002,2.0
2003,2.0
2004,1.0
2005,0.0
2006,0.0
2007,0.0
2008,0.0
2009,0.0
2010,0.0
2011,0.0
2012,0.0
2013,0.0
2014,0.0
2015,0.0
2016,0.0
2017,0.0
2018,0.0
2019,0.0
2020,0.0
2021,0.0
2022,0.0
2023,0.0
2024,0.0
2025,0.0
2026,0.0
2027,0.0
2028,0.0
2029,0.0
2030,0.0
2031,0.0
2032,0.0
2033,0.0
2034,0.0
2035,1.0
2036,1.0
2037,1.0
2038,2.0
2039,0.0
2040,0.0
2041,0.0
2042,2.0
2043,2.0
2044,2.0
2045,2.0
2046,2.0
2047,2.0
2048,0.0
2049,0.0
2050,1.0
2051,1.0
2052,6.0
2053,6.0
2054,3.0
2055,3.0
2056,2.0
2057,2.0
2058,2.0
2059,2.0
2060,1.0
2061,0.0
2062,0.0
2063,0.0
2064,0.0
2065,0.0
2066,0.0
2067,0.0
2068,0.0
2069,0.0
2070,0.0
2071,0.0
2072,0.0
2073,0.0
2074,0.0
2075,0.0
2076,0.0
2077,0.0
2078,0.0
2079,0.0
2080,0.0
2081,0.0
2082,0.0
2083,0.0
2084,0.0
2085,0.0
2086,0.0
2087,0.0
2088,0.0
2089,0.0
2090,1.0
2091,1.0
2092,1.0
2093,2.0
2094,0.0
2095,0.0
2096,0.0
2097,0.0
2098,0.0
2099,3.0
2100,2.0
2101,2.0
2102,2.0
2103,1.0
2104,5.0
2105,0.0
2106,0.0
2107,1.0
2108,6.0
2109,6.0
2110,6.0
2111,3.0
2112,3.0
2113,2.0
2114,2.0
2115,2.0
2116,1.0
2117,0.0
2118,0.0
2119,0.0
2120,0.0
2121,0.0
2122,0.0
2123,0.0
2124,0.0
2125,0.0
2126,0.0
2127,0.0
2128,0.0
2129,0.0
2130,0.0
2131,0.0
2132,0.0
2133,0.0
2134,0.0
2135,0.0
2136,0.0
2137,0.0
2138,0.0
2139,0.0
2140,0.0
2141,0.0
2142,0.0
2143,0.0
2144,0.0
2145,1.0
2146,1.0
2147,1.0
2148,1.0
2149,0.0
2150,0.0
2151,0.0
2152,0.0
2153,0.0
2154,0.0
2155,1.0
2156,4.0
2157,2.0
2158,2.0
2159,3.0
2160,6.0
2161,6.0
2162,1.0
2163,1.0
2164,4.0
2165,6.0
2166,6.0
2167,6.0
2168,3.0
2169,2.0
2170,2.0
2171,1.0
2172,1.0
2173,1.0
2174,0.0
2175,0.0
2176,0.0
2177,0.0
2178,0.0
2179,0.0
2180,0.0
2181,0.0
2182,0.0
2183,0.0
2184,0.0
2185,0.0
2186,0.0
2187,0.0
2188,0.0
2189,0.0
2190,0.0
2191,0.0
2192,0.0
2193,0.0
2194,0.0
2195,0.0
2196,0.0
2197,0.0
2198,0.0
2199,0.0
2200,1.0
2201,1.0
2202,1.0
2203,1.0
2204,2.0
2205,0.0
2206,0.0
2207,0.0
2208,0.0
2209,0.0
2210,0.0
2211,0.0
2212,1.0
2213,2.0
2214,2.0
2215,2.0
2216,6.0
2217,4.0
2218,0.0
2219,1.0
2220,0.0
2221,5.0
2222,6.0
2223,5.0
2224,3.0
2225,2.0
2226,1.0
2227,1.0
2228,1.0
2229,0.0
2230,0.0
2231,0.0
2232,0.0
2233,0.0
2234,0.0
2235,0.0
2236,0.0
2237,0.0
2238,0.0
2239,0.0
2240,0.0
2241,0.0
2242,0.0
2243,0.0
2244,0.0
2245,0.0
2246,0.0
2247,0.0
2248,0.0
2249,0.0
2250,0.0
2251,0.0
2252,0.0
2253,0.0
2254,0.0
2255,1.0
2256,1.0
2257,1.0
2258,1.0
2259,1.0
2260,0.0
2261,0.0
2262,0.0
2263,0.0
2264,0.0
2265,0.0
2266,0.0
2267,1.0
2268,1.0
2269,2.0
2270,2.0
2271,3.0
2272,5.0
2273,7.0
2274,1.0
2275,0.0
2276,0.0
2277,0.0
2278,4.0
2279,4.0
2280,2.0
2281,2.0
2282,1.0
2283,1.0
2284,0.0
2285,0.0
2286,0.0
2287,0.0
2288,0.0
2289,0.0
2290,0.0
2291,0.0
2292,0.0
2293,0.0
2294,0.0
2295,0.0
2296,0.0
2297,0.0
2298,0.0
2299,0.0
2300,0.0
2301,0.0
2302,0.0
2303,0.0
2304,0.0
2305,0.0
2306,0.0
2307,0.0
2308,0.0
2309,0.0
2310,0.0
2311,1.0
2312,1.0
2313,1.0
2314,1.0
2315,1.0
2316,0.0
2317,0.0
2318,0.0
2319,0.0
2320,0.0
2321,0.0
2322,1.0
2323,1.0
2324,4.0
2325,2.0
2326,2.0
2327,4.0
2328,0.0
2329,1.0
2330,1.0
2331,2.0
2332,1.0
2333,1.0
2334,6.0
2335,2.0
2336,2.0
2337,2.0
2338,2.0
2339,1.0
2340,1.0
2341,0.0
2342,0.0
2343,0.0
2344,0.0
2345,0.0
2346,0.0
2347,0.0
2348,1.0
2349,0.0
2350,0.0
2351,0.0
2352,0.0
2353,0.0
2354,0.0
2355,0.0
2356,0.0
2357,0.0
2358,0.0
2359,0.0
2360,0.0
2361,1.0
2362,0.0
2363,0.0
2364,0.0
2365,0.0
2366,0.0
2367,0.0
2368,1.0
2369,1.0
2370,2.0
2371,1.0
2372,1.0
2373,0.0
2374,1.0
2375,0.0
2376,1.0
2377,0.0
2378,1.0
2379,4.0
2380,4.0
2381,2.0
2382,2.0
2383,4.0
2384,0.0
2385,5.0
2386,1.0
2387,1.0
2388,1.0
2389,6.0
2390,2.0
2391,3.0
2392,2.0
2393,2.0
2394,2.0
2395,2.0
2396,0.0
2397,0.0
2398,0.0
2399,0.0
2400,0.0
2401,0.0
2402,0.0
2403,1.0
2404,1.0
2405,1.0
2406,0.0
2407,0.0
2408,0.0
2409,0.0
2410,0.0
2411,0.0
2412,1.0
2413,0.0
2414,0.0
2415,0.0
2416,1.0
2417,1.0
2418,1.0
2419,0.0
2420,0.0
2421,0.0
2422,0.0
2423,0.0
2424,0.0
2425,2.0
2426,2.0
2427,2.0
2428,1.0
2429,1.0
2430,1.0
2431,1.0
2432,1.0
2433,1.0
2434,4.0
2435,4.0
2436,3.0
2437,2.0
2438,2.0
2439,4.0
2440,3.0
2441,5.0
2442,1.0
2443,2.0
2444,5.0
2445,5.0
2446,3.0
2447,3.0
2448,2.0
2449,2.0
2450,2.0
2451,2.0
2452,2.0
2453,0.0
2454,0.0
2455,0.0
2456,0.0
2457,0.0
2458,1.0
2459,1.0
2460,1.0
2461,1.0
2462,1.0
2463,0.0
2464,0.0
2465,0.0
2466,0.0
2467,1.0
2468,1.0
2469,1.0
2470,0.0
2471,1.0
2472,1.0
2473,1.0
2474,1.0
2475,1.0
2476,0.0
2477,0.0
2478,0.0
2479,0.0
2480,1.0
2481,1.0
2482,2.0
2483,2.0
2484,2.0
2485,2.0
2486,1.0
2487,1.0
2488,1.0
2489,1.0
2490,1.0
2491,4.0
2492,2.0
2493,2.0
2494,3.0
2495,2.0
2496,3.0
2497,4.0
2498,6.0
2499,0.0
2500,6.0
2501,0.0
2502,3.0
2503,2.0
2504,2.0
2505,2.0
2506,2.0
2507,2.0
2508,0.0
2509,0.0
2510,0.0
2511,0.0
2512,0.0
2513,1.0
2514,1.0
2515,1.0
2516,1.0
2517,1.0
2518,1.0
2519,1.0
2520,0.0
2521,1.0
2522,1.0
2523,1.0
2524,1.0
2525,1.0
2526,1.0
2527,1.0
2528,1.0
2529,1.0
2530,1.0
2531,1.0
2532,1.0
2533,0.0
2534,0.0
2535,1.0
2536,1.0
2537,1.0
2538,1.0
2539,2.0
2540,2.0
2541,2.0
2542,2.0
2543,3.0
2544,1.0
2545,3.0
2546,3.0
2547,3.0
2548,4.0
2549,4.0
2550,4.0
2551,4.0
2552,5.0
2553,4.0
2554,0.0
2555,7.0
2556,5.0
2557,4.0
2558,2.0
2559,3.0
2560,2.0
2561,2.0
2562,2.0
2563,0.0
2564,0.0
2565,0.0
2566,0.0
2567,0.0
2568,1.0
2569,1.0
2570,1.0
2571,1.0
2572,1.0
2573,1.0
2574,1.0
2575,1.0
2576,1.0
2577,1.0
2578,1.0
2579,1.0
2580,1.0
2581,1.0
2582,1.0
2583,1.0
2584,1.0
2585,1.0
2586,1.0
2587,1.0
2588,1.0
2589,1.0
2590,1.0
2591,1.0
2592,1.0
2593,1.0
2594,1.0
2595,1.0
2596,2.0
2597,2.0
2598,2.0
2599,2.0
2600,3.0
2601,2.0
2602,3.0
2603,4.0
2604,4.0
2605,4.0
2606,4.0
2607,6.0
2608,6.0
2609,0.0
2610,5.0
2611,5.0
2612,4.0
2613,4.0
2614,3.0
2615,3.0
2616,2.0
2617,2.0
2618,0.0
2619,0.0
2620,0.0
2621,0.0
2622,0.0
2623,1.0
2624,1.0
2625,1.0
2626,0.0
2627,0.0
2628,0.0
2629,0.0
2630,0.0
2631,1.0
2632,1.0
2633,1.0
2634,2.0
2635,2.0
2636,2.0
2637,2.0
2638,1.0
2639,1.0
2640,2.0
2641,0.0
2642,0.0
2643,0.0
2644,1.0
2645,1.0
2646,1.0
2647,1.0
2648,1.0
2649,2.0
2650,2.0
2651,2.0
2652,2.0
2653,3.0
2654,4.0
2655,4.0
2656,4.0
2657,4.0
2658,5.0
2659,5.0
2660,3.0
2661,3.0
2662,1.0
2663,7.0
2664,0.0
2665,1.0
2666,6.0
2667,5.0
2668,5.0
2669,4.0
2670,5.0
2671,2.0
2672,2.0
2673,1.0
2674,1.0
2675,0.0
2676,0.0
2677,0.0
2678,1.0
2679,1.0
2680,1.0
2681,2.0
2682,2.0
2683,0.0
2684,0.0
2685,0.0
2686,0.0
2687,0.0
2688,1.0
2689,2.0
2690,2.0
2691,2.0
2692,2.0
2693,2.0
2694,2.0
2695,2.0
2696,2.0
2697,2.0
2698,0.0
2699,0.0
2700,2.0
2701,1.0
2702,1.0
2703,2.0
2704,2.0
2705,2.0
2706,2.0
2707,3.0
2708,3.0
2709,4.0
2710,4.0
2711,4.0
2712,4.0
2713,0.0
2714,5.0
2715,4.0
2716,3.0
2717,1.0
2718,1.0
2719,1.0
2720,1.0
2721,1.0
2722,7.0
2723,6.0
2724,6.0
2725,6.0
2726,4.0
2727,2.0
2728,1.0
2729,1.0
2730,1.0
2731,1.0
2732,0.0
2733,1.0
2734,1.0
2735,1.0
2736,2.0
2737,2.0
2738,2.0
2739,2.0
2740,0.0
2741,0.0
2742,0.0
2743,0.0
2744,2.0
2745,2.0
2746,2.0
2747,2.0
2748,2.0
2749,2.0
2750,0.0
2751,0.0
2752,2.0
2753,2.0
2754,2.0
2755,2.0
2756,2.0
2757,2.0
2758,1.0
2759,2.0
2760,2.0
2761,2.0
2762,2.0
2763,3.0
2764,3.0
2765,4.0
2766,4.0
2767,4.0
2768,5.0
2769,0.0
2770,5.0
2771,1.0
2772,2.0
2773,2.0
2774,2.0
2775,6.0
2776,1.0
2777,1.0
2778,2.0
2779,5.0
2780,5.0
2781,5.0
2782,4.0
2783,1.0
2784,1.0
2785,1.0
2786,1.0
2787,1.0
2788,1.0
2789,1.0
2790,1.0
2791,1.0
2792,2.0
2793,2.0
2794,2.0
2795,2.0
2796,2.0
2797,0.0
2798,0.0
2799,0.0
2800,0.0
2801,3.0
2802,3.0
2803,2.0
2804,2.0
2805,2.0
2806,3.0
2807,0.0
2808,2.0
2809,2.0
2810,2.0
2811,2.0
2812,2.0
2813,2.0
2814,2.0
2815,2.0
2816,2.0
2817,2.0
2818,3.0
2819,3.0
2820,4.0
2821,4.0
2822,4.0
2823,3.0
2824,4.0
2825,1.0
2826,5.0
2827,1.0
2828,1.0
2829,1.0
2830,5.0
2831,6.0
2832,0.0
2833,1.0
2834,7.0
2835,6.0
2836,5.0
2837,5.0
2838,4.0
2839,1.0
2840,1.0
2841,1.0
2842,1.0
2843,1.0
2844,1.0
2845,1.0
2846,2.0
2847,2.0
2848,0.0
2849,0.0
2850,0.0
2851,2.0
2852,2.0
2853,2.0
2854,0.0
2855,0.0
2856,3.0
2857,3.0
2858,3.0
2859,3.0
2860,2.0
2861,3.0
2862,3.0
2863,3.0
2864,0.0
2865,2.0
2866,2.0
2867,2.0
2868,2.0
2869,2.0
2870,2.0
2871,2.0
2872,2.0
2873,2.0
2874,3.0
2875,3.0
2876,0.0
2877,4.0
2878,4.0
2879,4.0
2880,3.0
2881,0.0
2882,1.0
2883,4.0
2884,4.0
2885,3.0
2886,1.0
2887,0.0
2888,7.0
2889,0.0
2890,6.0
2891,6.0
2892,6.0
2893,5.0
2894,3.0
2895,1.0
2896,1.0
2897,1.0
2898,1.0
2899,1.0
2900,1.0
2901,2.0
2902,2.0
2903,2.0
2904,3.0
2905,0.0
2906,0.0
2907,0.0
2908,2.0
2909,2.0
2910,2.0
2911,0.0
2912,0.0
2913,3.0
2914,3.0
2915,3.0
2916,3.0
2917,3.0
2918,3.0
2919,3.0
2920,3.0
2921,2.0
2922,2.0
2923,2.0
2924,2.0
2925,2.0
2926,2.0
2927,2.0
2928,2.0
2929,2.0
2930,3.0
2931,3.0
2932,0.0
2933,0.0
2934,0.0
2935,1.0
2936,4.0
2937,5.0
2938,5.0
2939,5.0
2940,4.0
2941,3.0
2942,4.0
2943,6.0
2944,7.0
2945,6.0
2946,5.0
2947,6.0
2948,5.0
2949,5.0
2950,2.0
2951,2.0
2952,2.0
2953,2.0
2954,2.0
2955,1.0
2956,1.0
2957,2.0
2958,2.0
2959,2.0
2960,3.0
2961,3.0
2962,0.0
2963,0.0
2964,0.0
2965,2.0
2966,2.0
2967,2.0
2968,0.0
2969,0.0
2970,3.0
2971,3.0
2972,3.0
2973,2.0
2974,3.0
2975,3.0
2976,2.0
2977,2.0
2978,2.0
2979,2.0
2980,2.0
2981,2.0
2982,2.0
2983,2.0
2984,2.0
2985,2.0
2986,3.0
2987,3.0
2988,3.0
2989,1.0
2990,1.0
2991,0.0
2992,1.0
2993,4.0
2994,5.0
2995,4.0
2996,5.0
2997,3.0
2998,5.0
2999,5.0
3000,5.0
3001,4.0
3002,4.0
3003,4.0
3004,4.0
3005,4.0
3006,3.0
3007,2.0
3008,2.0
3009,2.0
3010,2.0
3011,2.0
3012,2.0
3013,3.0
3014,3.0
3015,2.0
3016,3.0
3017,3.0
3018,3.0
3019,0.0
3020,0.0
3021,2.0
3022,2.0
3023,2.0
3024,0.0
3025,0.0
3026,0.0
3027,3.0
3028,3.0
3029,3.0
3030,3.0
3031,3.0
3032,2.0
3033,2.0
3034,2.0
3035,2.0
3036,2.0
3037,2.0
3038,1.0
3039,2.0
3040,2.0
3041,2.0
3042,2.0
3043,3.0
3044,4.0
3045,1.0
3046,0.0
3047,0.0
3048,4.0
3049,4.0
3050,4.0
3051,3.0
3052,3.0
3053,3.0
3054,2.0
3055,3.0
3056,3.0
3057,3.0
3058,0.0
3059,5.0
3060,4.0
3061,3.0
3062,3.0
3063,2.0
3064,2.0
3065,2.0
3066,2.0
3067,3.0
3068,3.0
3069,3.0
3070,3.0
3071,3.0
3072,3.0
3073,3.0
3074,3.0
3075,3.0
3076,0.0
3077,2.0
3078,2.0
3079,1.0
3080,2.0
3081,0.0
3082,0.0
3083,0.0
3084,3.0
3085,3.0
3086,2.0
3087,2.0
3088,2.0
3089,2.0
3090,2.0
3091,0.0
3092,0.0
3093,1.0
3094,1.0
3095,1.0
3096,0.0
3097,2.0
3098,2.0
3099,3.0
3100,4.0
3101,4.0
3102,0.0
3103,4.0
3104,1.0
3105,4.0
3106,3.0
3107,0.0
3108,0.0
3109,0.0
3110,3.0
3111,2.0
3112,5.0
3113,5.0
3114,0.0
3115,5.0
3116,5.0
3117,5.0
3118,3.0
3119,2.0
3120,2.0
3121,2.0
3122,3.0
3123,3.0
3124,4.0
3125,3.0
3126,3.0
3127,3.0
3128,3.0
3129,3.0
3130,2.0
3131,3.0
3132,3.0
3133,1.0
3134,1.0
3135,1.0
3136,2.0
3137,2.0
3138,0.0
3139,0.0
3140,0.0
3141,2.0
3142,1.0
3143,1.0
3144,2.0
3145,2.0
3146,0.0
3147,0.0
3148,1.0
3149,1.0
3150,1.0
3151,1.0
3152,1.0
3153,0.0
3154,3.0
3155,3.0
3156,2.0
3157,4.0
3158,0.0
3159,0.0
3160,3.0
3161,1.0
3162,4.0
3163,4.0
3164,0.0
3165,0.0
3166,3.0
3167,5.0
3168,4.0
3169,4.0
3170,5.0
3171,4.0
3172,5.0
3173,5.0
3174,5.0
3175,2.0
3176,2.0
3177,2.0
3178,3.0
3179,3.0
3180,3.0
3181,3.0
3182,3.0
3183,3.0
3184,3.0
3185,3.0
3186,2.0
3187,2.0
3188,2.0
3189,1.0
3190,1.0
3191,1.0
3192,2.0
3193,2.0
3194,2.0
3195,2.0
3196,2.0
3197,1.0
3198,1.0
3199,1.0
3200,1.0
3201,1.0
3202,1.0
3203,1.0
3204,1.0
3205,0.0
3206,0.0
3207,1.0
3208,1.0
3209,2.0
3210,2.0
3211,2.0
3212,3.0
3213,3.0
3214,3.0
3215,0.0
3216,0.0
3217,0.0
3218,1.0
3219,0.0
3220,0.0
3221,0.0
3222,0.0
3223,5.0
3224,7.0
3225,7.0
3226,7.0
3227,7.0
3228,7.0
3229,5.0
3230,4.0
3231,2.0
3232,2.0
3233,2.0
3234,4.0
3235,4.0
3236,3.0
3237,3.0
3238,3.0
3239,3.0
3240,3.0
3241,0.0
3242,3.0
3243,2.0
3244,2.0
3245,1.0
3246,1.0
3247,0.0
3248,0.0
3249,2.0
3250,2.0
3251,2.0
3252,1.0
3253,1.0
3254,1.0
3255,1.0
3256,1.0
3257,1.0
3258,1.0
3259,1.0
3260,0.0
3261,0.0
3262,0.0
3263,0.0
3264,2.0
3265,2.0
3266,2.0
3267,3.0
3268,3.0
3269,3.0
3270,3.0
3271,1.0
3272,1.0
3273,1.0
3274,1.0
3275,1.0
3276,0.0
3277,0.0
3278,6.0
3279,7.0
3280,8.0
3281,8.0
3282,7.0
3283,8.0
3284,9.0
3285,7.0
3286,5.0
3287,3.0
3288,3.0
3289,3.0
3290,4.0
3291,5.0
3292,4.0
3293,2.0
3294,3.0
3295,3.0
3296,3.0
3297,0.0
3298,0.0
3299,2.0
3300,1.0
3301,1.0
3302,1.0
3303,1.0
3304,0.0
3305,0.0
3306,2.0
3307,1.0
3308,1.0
3309,1.0
3310,1.0
3311,0.0
3312,1.0
3313,1.0
3314,1.0
3315,0.0
3316,0.0
3317,0.0
3318,0.0
3319,1.0
3320,1.0
3321,2.0
3322,2.0
3323,3.0
3324,2.0
3325,0.0
3326,0.0
3327,0.0
3328,0.0
3329,1.0
3330,1.0
3331,1.0
3332,4.0
3333,0.0
3334,8.0
3335,7.0
3336,7.0
3337,9.0
3338,9.0
3339,8.0
3340,8.0
3341,9.0
3342,6.0
3343,4.0
3344,4.0
3345,5.0
3346,5.0
3347,5.0
3348,4.0
3349,4.0
3350,3.0
3351,2.0
3352,3.0
3353,3.0
3354,2.0
3355,1.0
3356,1.0
3357,1.0
3358,1.0
3359,0.0
3360,1.0
3361,1.0
3362,1.0
3363,1.0
3364,1.0
3365,1.0
3366,0.0
3367,0.0
3368,0.0
3369,1.0
3370,0.0
3371,0.0
3372,0.0
3373,0.0
3374,1.0
3375,1.0
3376,1.0
3377,1.0
3378,2.0
3379,2.0
3380,2.0
3381,0.0
3382,0.0
3383,0.0
3384,0.0
3385,0.0
3386,1.0
3387,1.0
3388,4.0
3389,4.0
3390,7.0
3391,7.0
3392,8.0
3393,8.0
3394,8.0
3395,9.0
3396,8.0
3397,8.0
3398,10.0
3399,5.0
3400,4.0
3401,5.0
3402,6.0
3403,4.0
3404,4.0
3405,4.0
3406,4.0
3407,3.0
3408,2.0
3409,2.0
3410,1.0
3411,1.0
3412,1.0
3413,1.0
3414,0.0
3415,0.0
3416,1.0
3417,1.0
3418,1.0
3419,1.0
3420,1.0
3421,0.0
3422,0.0
3423,0.0
3424,0.0
3425,0.0
3426,0.0
3427,0.0
3428,0.0
3429,0.0
3430,0.0
3431,1.0
3432,1.0
3433,1.0
3434,1.0
3435,2.0
3436,2.0
3437,0.0
3438,0.0
3439,0.0
3440,0.0
3441,1.0
3442,1.0
3443,1.0
3444,4.0
3445,4.0
3446,7.0
3447,7.0
3448,8.0
3449,8.0
3450,10.0
3451,10.0
3452,10.0
3453,10.0
3454,10.0
3455,4.0
3456,4.0
3457,4.0
3458,4.0
3459,4.0
3460,4.0
3461,4.0
3462,4.0
3463,3.0
3464,2.0
3465,2.0
3466,1.0
3467,1.0
3468,1.0
3469,0.0
3470,0.0
3471,0.0
3472,1.0
3473,1.0
3474,1.0
3475,0.0
3476,0.0
3477,0.0
3478,0.0
3479,0.0
3480,0.0
3481,0.0
3482,0.0
3483,0.0
3484,0.0
3485,0.0
3486,0.0
3487,0.0
3488,1.0
3489,1.0
3490,1.0
3491,2.0
3492,2.0
3493,2.0
3494,0.0
3495,0.0
3496,0.0
3497,1.0
3498,1.0
3499,1.0
3500,4.0
3501,4.0
3502,7.0
3503,5.0
3504,8.0
3505,10.0
3506,12.0
3507,11.0
3508,11.0
3509,11.0
3510,10.0
3511,5.0
3512,4.0
3513,5.0
3514,5.0
3515,4.0
3516,5.0
3517,4.0
3518,4.0
3519,3.0
3520,2.0
3521,1.0
3522,1.0
3523,1.0
3524,1.0
3525,0.0
3526,0.0
3527,0.0
3528,0.0
3529,1.0
3530,0.0
3531,0.0
3532,0.0
3533,0.0
3534,0.0
3535,0.0
3536,0.0
3537,0.0
3538,0.0
3539,0.0
3540,0.0
3541,0.0
3542,0.0
3543,0.0
3544,0.0
3545,1.0
3546,1.0
3547,1.0
3548,2.0
3549,2.0
3550,2.0
3551,0.0
3552,0.0
3553,0.0
3554,1.0
3555,4.0
3556,4.0
3557,4.0
3558,6.0
3559,6.0
3560,8.0
3561,11.0
3562,12.0
3563,13.0
3564,13.0
3565,11.0
3566,11.0
3567,8.0
3568,6.0
3569,5.0
3570,5.0
3571,4.0
3572,4.0
3573,4.0
3574,3.0
3575,2.0
3576,2.0
3577,1.0
3578,1.0
3579,1.0
3580,1.0
3581,1.0
3582,0.0
3583,0.0
3584,0.0
3585,0.0
3586,0.0
3587,0.0
3588,0.0
3589,0.0
3590,0.0
3591,0.0
3592,0.0
3593,0.0
3594,0.0
3595,0.0
3596,0.0
3597,0.0
3598,0.0
3599,0.0
3600,0.0
3601,0.0
3602,1.0
3603,1.0
3604,1.0
3605,2.0
3606,2.0
3607,2.0
3608,0.0
3609,0.0
3610,3.0
3611,4.0
3612,4.0
3613,1.0
3614,3.0
3615,6.0
3616,8.0
3617,9.0
3618,11.0
3619,12.0
3620,12.0
3621,11.0
3622,9.0
3623,10.0
3624,9.0
3625,5.0
3626,5.0
3627,4.0
3628,4.0
3629,4.0
3630,4.0
3631,2.0
3632,2.0
3633,1.0
3634,1.0
3635,1.0
3636,1.0
3637,0.0
3638,0.0
3639,0.0
3640,0.0
3641,0.0
3642,0.0
3643,0.0
3644,0.0
3645,0.0
3646,0.0
3647,0.0
3648,0.0
3649,0.0
3650,0.0
3651,0.0
3652,0.0
3653,0.0
3654,0.0
3655,0.0
3656,0.0
3657,0.0
3658,0.0
3659,1.0
3660,1.0
3661,1.0
3662,1.0
3663,1.0
3664,1.0
3665,2.0
3666,4.0
3667,4.0
3668,2.0
3669,2.0
3670,2.0
3671,4.0
3672,9.0
3673,9.0
3674,11.0
3675,13.0
3676,13.0
3677,11.0
3678,10.0
3679,12.0
3680,10.0
3681,7.0
3682,5.0
3683,4.0
3684,4.0
3685,4.0
3686,3.0
3687,2.0
3688,1.0
3689,1.0
3690,1.0
3691,1.0
3692,0.0
3693,0.0
3694,0.0
3695,0.0
3696,0.0
3697,0.0
3698,0.0
3699,0.0
3700,0.0
3701,0.0
3702,0.0
3703,0.0
3704,0.0
3705,0.0
3706,0.0
3707,0.0
3708,0.0
3709,0.0
3710,0.0
3711,0.0
3712,0.0
3713,0.0
3714,0.0
3715,0.0
3716,1.0
3717,1.0
3718,1.0
3719,1.0
3720,1.0
3721,1.0
3722,2.0
3723,2.0
3724,2.0
3725,2.0
3726,2.0
3727,3.0
3728,6.0
3729,9.0
3730,11.0
3731,12.0
3732,13.0
3733,10.0
3734,10.0
3735,10.0
3736,10.0
3737,8.0
3738,4.0
3739,4.0
3740,4.0
3741,3.0
3742,3.0
3743,3.0
3744,1.0
3745,1.0
3746,1.0
3747,1.0
3748,1.0
3749,0.0
3750,0.0
3751,0.0
3752,0.0
3753,0.0
3754,0.0
3755,0.0
3756,0.0
3757,0.0
3758,0.0
3759,0.0
3760,0.0
3761,0.0
3762,0.0
3763,0.0
3764,0.0
3765,0.0
3766,0.0
3767,0.0
3768,0.0
3769,0.0
3770,0.0
3771,0.0
3772,0.0
3773,1.0
3774,1.0
3775,1.0
3776,1.0
3777,2.0
3778,2.0
3779,2.0
3780,2.0
3781,2.0
3782,2.0
3783,2.0
3784,5.0
3785,7.0
3786,9.0
3787,11.0
3788,11.0
3789,13.0
3790,10.0
3791,12.0
3792,10.0
3793,7.0
3794,4.0
3795,4.0
3796,3.0
3797,3.0
3798,3.0
3799,2.0
3800,1.0
3801,1.0
3802,1.0
3803,1.0
3804,0.0
3805,0.0
3806,0.0
3807,0.0
3808,0.0
3809,0.0
3810,0.0
3811,0.0
3812,0.0
3813,0.0
3814,0.0
3815,0.0
3816,0.0
3817,0.0
3818,0.0
3819,0.0
3820,0.0
3821,0.0
3822,0.0
3823,0.0
3824,0.0
3825,0.0
3826,0.0
3827,0.0
3828,0.0
3829,0.0
3830,1.0
3831,1.0
3832,2.0
3833,2.0
3834,2.0
3835,2.0
3836,2.0
3837,2.0
3838,2.0
3839,2.0
3840,3.0
3841,7.0
3842,10.0
3843,11.0
3844,11.0
3845,12.0
3846,11.0
3847,12.0
3848,9.0
3849,7.0
3850,4.0
3851,3.0
3852,3.0
3853,2.0
3854,2.0
3855,1.0
3856,1.0
3857,1.0
3858,1.0
3859,0.0
3860,0.0
3861,0.0
3862,0.0
3863,0.0
3864,0.0
3865,0.0
3866,0.0
3867,0.0
3868,0.0
3869,0.0
3870,0.0
3871,0.0
3872,0.0
3873,0.0
3874,0.0
3875,0.0
3876,0.0
3877,0.0
3878,0.0
3879,0.0
3880,0.0
3881,0.0
3882,0.0
3883,0.0
3884,0.0
3885,0.0
3886,0.0
3887,2.0
3888,1.0
3889,2.0
3890,2.0
3891,2.0
3892,2.0
3893,3.0
3894,2.0
3895,2.0
3896,2.0
3897,6.0
3898,10.0
3899,11.0
3900,12.0
3901,10.0
3902,12.0
3903,11.0
3904,10.0
3905,9.0
3906,5.0
3907,4.0
3908,3.0
3909,3.0
3910,2.0
3911,1.0
3912,1.0
3913,1.0
3914,0.0
3915,0.0
3916,0.0
3917,0.0
3918,0.0
3919,0.0
3920,0.0
3921,0.0
3922,0.0
3923,0.0
3924,0.0
3925,0.0
3926,0.0
3927,0.0
3928,0.0
3929,0.0
3930,0.0
3931,0.0
3932,0.0
3933,0.0
3934,0.0
3935,0.0
3936,0.0
3937,0.0
3938,0.0
3939,0.0
3940,0.0
3941,0.0
3942,1.0
3943,1.0
3944,2.0
3945,3.0
3946,3.0
3947,3.0
3948,3.0
3949,4.0
3950,2.0
3951,2.0
3952,4.0
3953,4.0
3954,10.0
3955,9.0
3956,10.0
3957,10.0
3958,11.0
3959,11.0
3960,10.0
3961,9.0
3962,5.0
3963,4.0
3964,4.0
3965,3.0
3966,1.0
3967,1.0
3968,1.0
3969,1.0
3970,0.0
3971,0.0
3972,0.0
3973,0.0
3974,0.0
3975,0.0
3976,0.0
3977,0.0
3978,0.0
3979,0.0
3980,0.0
3981,0.0
3982,0.0
3983,0.0
3984,0.0
3985,0.0
3986,0.0
3987,0.0
3988,0.0
3989,0.0
3990,0.0
3991,0.0
3992,0.0
3993,0.0
3994,0.0
3995,0.0
3996,0.0
3997,1.0
3998,1.0
3999,1.0
4000,2.0
4001,3.0
4002,3.0
4003,3.0
4004,3.0
4005,4.0
4006,3.0
4007,4.0
4008,4.0
4009,4.0
4010,7.0
4011,9.0
4012,10.0
4013,11.0
4014,11.0
4015,11.0
4016,9.0
4017,8.0
4018,5.0
4019,4.0
4020,4.0
4021,3.0
4022,1.0
4023,1.0
4024,1.0
4025,1.0
4026,1.0
4027,0.0
4028,0.0
4029,0.0
4030,0.0
4031,0.0
4032,0.0
4033,0.0
4034,0.0
4035,0.0
4036,0.0
4037,0.0
4038,0.0
4039,0.0
4040,0.0
4041,0.0
4042,0.0
4043,0.0
4044,0.0
4045,0.0
4046,0.0
4047,0.0
4048,0.0
4049,0.0
4050,0.0
4051,0.0
4052,1.0
4053,0.0
4054,0.0
4055,0.0
4056,2.0
4057,0.0
4058,4.0
4059,4.0
4060,4.0
4061,4.0
4062,5.0
4063,5.0
4064,4.0
4065,5.0
4066,6.0
4067,8.0
4068,9.0
4069,10.0
4070,11.0
4071,10.0
4072,10.0
4073,6.0
4074,4.0
4075,3.0
4076,3.0
4077,3.0
4078,2.0
4079,1.0
4080,1.0
4081,1.0
4082,0.0
4083,0.0
4084,0.0
4085,0.0
4086,0.0
4087,0.0
4088,0.0
4089,0.0
4090,0.0
4091,0.0
4092,0.0
4093,0.0
4094,0.0
4095,0.0
4096,0.0
4097,0.0
4098,0.0
4099,0.0
4100,0.0
4101,0.0
4102,0.0
4103,0.0
4104,0.0
4105,0.0
4106,0.0
4107,1.0
4108,1.0
4109,0.0
4110,0.0
4111,2.0
4112,3.0
4113,0.0
4114,0.0
4115,4.0
4116,4.0
4117,4.0
4118,4.0
4119,5.0
4120,4.0
4121,5.0
4122,7.0
4123,8.0
4124,9.0
4125,11.0
4126,11.0
4127,12.0
4128,8.0
4129,7.0
4130,6.0
4131,3.0
4132,3.0
4133,3.0
4134,2.0
4135,2.0
4136,1.0
4137,0.0
4138,0.0
4139,0.0
4140,0.0
4141,0.0
4142,0.0
4143,0.0
4144,0.0
4145,0.0
4146,0.0
4147,0.0
4148,0.0
4149,0.0
4150,0.0
4151,0.0
4152,0.0
4153,0.0
4154,0.0
4155,0.0
4156,0.0
4157,0.0
4158,0.0
4159,0.0
4160,0.0
4161,0.0
4162,1.0
4163,1.0
4164,1.0
4165,1.0
4166,1.0
4167,3.0
4168,3.0
4169,3.0
4170,0.0
4171,3.0
4172,4.0
4173,4.0
4174,4.0
4175,3.0
4176,5.0
4177,6.0
4178,8.0
4179,9.0
4180,10.0
4181,11.0
4182,13.0
4183,11.0
4184,10.0
4185,7.0
4186,5.0
4187,4.0
4188,3.0
4189,2.0
4190,2.0
4191,1.0
4192,0.0
4193,0.0
4194,0.0
4195,0.0
4196,0.0
4197,0.0
4198,0.0
4199,0.0
4200,0.0
4201,0.0
4202,0.0
4203,0.0
4204,0.0
4205,0.0
4206,0.0
4207,0.0
4208,0.0
4209,0.0
4210,0.0
4211,0.0
4212,0.0
4213,0.0
4214,0.0
4215,0.0
4216,0.0
4217,0.0
4218,0.0
4219,1.0
4220,1.0
4221,1.0
4222,1.0
4223,3.0
4224,3.0
4225,3.0
4226,3.0
4227,3.0
4228,3.0
4229,4.0
4230,4.0
4231,4.0
4232,3.0
4233,4.0
4234,9.0
4235,11.0
4236,12.0
4237,12.0
4238,10.0
4239,11.0
4240,10.0
4241,9.0
4242,6.0
4243,4.0
4244,4.0
4245,2.0
4246,1.0
4247,1.0
4248,0.0
4249,0.0
4250,0.0
4251,0.0
4252,0.0
4253,0.0
4254,0.0
4255,0.0
4256,0.0
4257,0.0
4258,0.0
4259,0.0
4260,0.0
4261,0.0
4262,0.0
4263,0.0
4264,0.0
4265,0.0
4266,0.0
4267,0.0
4268,0.0
4269,0.0
4270,0.0
4271,0.0
4272,0.0
4273,0.0
4274,1.0
4275,1.0
4276,1.0
4277,1.0
4278,1.0
4279,2.0
4280,3.0
4281,3.0
4282,3.0
4283,3.0
4284,3.0
4285,3.0
4286,4.0
4287,4.0
4288,5.0
4289,5.0
4290,8.0
4291,11.0
4292,14.0
4293,12.0
4294,12.0
4295,11.0
4296,11.0
4297,8.0
4298,6.0
4299,3.0
4300,3.0
4301,1.0
4302,1.0
4303,1.0
4304,1.0
4305,0.0
4306,0.0
4307,0.0
4308,0.0
4309,0.0
4310,0.0
4311,0.0
4312,0.0
4313,0.0
4314,0.0
4315,0.0
4316,0.0
4317,0.0
4318,0.0
4319,0.0
4320,0.0
4321,0.0
4322,0.0
4323,0.0
4324,0.0
4325,0.0
4326,0.0
4327,0.0
4328,0.0
4329,0.0
4330,0.0
4331,1.0
4332,1.0
4333,1.0
4334,1.0
4335,3.0
4336,4.0
4337,4.0
4338,4.0
4339,3.0
4340,3.0
4341,3.0
4342,4.0
4343,3.0
4344,5.0
4345,5.0
4346,9.0
4347,10.0
4348,11.0
4349,11.0
4350,11.0
4351,10.0
4352,10.0
4353,6.0
4354,4.0
4355,4.0
4356,3.0
4357,2.0
4358,1.0
4359,1.0
4360,1.0
4361,1.0
4362,0.0
4363,0.0
4364,0.0
4365,0.0
4366,0.0
4367,0.0
4368,0.0
4369,0.0
4370,0.0
4371,0.0
4372,0.0
4373,0.0
4374,0.0
4375,0.0
4376,0.0
4377,0.0
4378,0.0
4379,0.0
4380,0.0
4381,0.0
4382,0.0
4383,0.0
4384,0.0
4385,0.0
4386,0.0
4387,1.0
4388,1.0
4389,1.0
4390,2.0
4391,3.0
4392,3.0
4393,4.0
4394,4.0
4395,4.0
4396,3.0
4397,4.0
4398,4.0
4399,3.0
4400,4.0
4401,5.0
4402,9.0
4403,10.0
4404,12.0
4405,13.0
4406,13.0
4407,13.0
4408,11.0
4409,8.0
4410,5.0
4411,4.0
4412,4.0
4413,2.0
4414,2.0
4415,1.0
4416,1.0
4417,0.0
4418,0.0
4419,0.0
4420,0.0
4421,0.0
4422,0.0
4423,0.0
4424,0.0
4425,0.0
4426,0.0
4427,0.0
4428,0.0
4429,0.0
4430,0.0
4431,0.0
4432,0.0
4433,0.0
4434,0.0
4435,0.0
4436,0.0
4437,0.0
4438,0.0
4439,0.0
4440,0.0
4441,0.0
4442,1.0
4443,1.0
4444,1.0
4445,2.0
4446,2.0
4447,2.0
4448,3.0
4449,3.0
4450,4.0
4451,5.0
4452,6.0
4453,6.0
4454,5.0
4455,4.0
4456,5.0
4457,8.0
4458,8.0
4459,10.0
4460,13.0
4461,14.0
4462,14.0
4463,14.0
4464,11.0
4465,8.0
4466,4.0
4467,4.0
4468,3.0
4469,3.0
4470,2.0
4471,2.0
4472,0.0
4473,0.0
4474,0.0
4475,0.0
4476,0.0
4477,0.0
4478,0.0
4479,0.0
4480,0.0
4481,0.0
4482,0.0
4483,0.0
4484,0.0
4485,0.0
4486,0.0
4487,0.0
4488,0.0
4489,0.0
4490,0.0
4491,0.0
4492,0.0
4493,0.0
4494,0.0
4495,0.0
4496,0.0
4497,1.0
4498,1.0
4499,1.0
4500,1.0
4501,2.0
4502,2.0
4503,2.0
4504,5.0
4505,6.0
4506,7.0
4507,7.0
4508,7.0
4509,6.0
4510,5.0
4511,4.0
4512,5.0
4513,7.0
4514,9.0
4515,11.0
4516,13.0
4517,14.0
4518,14.0
4519,13.0
4520,9.0
4521,9.0
4522,6.0
4523,4.0
4524,3.0
4525,3.0
4526,3.0
4527,1.0
4528,1.0
4529,0.0
4530,0.0
4531,0.0
4532,0.0
4533,0.0
4534,0.0
4535,0.0
4536,0.0
4537,0.0
4538,0.0
4539,0.0
4540,0.0
4541,0.0
4542,0.0
4543,0.0
4544,0.0
4545,0.0
4546,0.0
4547,0.0
4548,0.0
4549,0.0
4550,0.0
4551,0.0
4552,1.0
4553,1.0
4554,1.0
4555,1.0
4556,1.0
4557,2.0
4558,3.0
4559,4.0
4560,5.0
4561,6.0
4562,7.0
4563,8.0
4564,8.0
4565,4.0
4566,5.0
4567,7.0
4568,6.0
4569,7.0
4570,9.0
4571,11.0
4572,14.0
4573,16.0
4574,11.0
4575,11.0
4576,14.0
4577,9.0
4578,5.0
4579,4.0
4580,2.0
4581,2.0
4582,3.0
4583,3.0
4584,1.0
4585,1.0
4586,0.0
4587,0.0
4588,0.0
4589,0.0
4590,0.0
4591,0.0
4592,0.0
4593,0.0
4594,0.0
4595,0.0
4596,0.0
4597,0.0
4598,0.0
4599,0.0
4600,0.0
4601,0.0
4602,0.0
4603,0.0
4604,0.0
4605,0.0
4606,0.0
4607,1.0
4608,1.0
4609,1.0
4610,1.0
4611,1.0
4612,1.0
4613,2.0
4614,4.0
4615,6.0
4616,6.0
4617,9.0
4618,8.0
4619,9.0
4620,9.0
4621,7.0
4622,6.0
4623,6.0
4624,6.0
4625,6.0
4626,9.0
4627,16.0
4628,16.0
4629,10.0
4630,9.0
4631,15.0
4632,15.0
4633,13.0
4634,5.0
4635,4.0
4636,2.0
4637,2.0
4638,2.0
4639,2.0
4640,3.0
4641,1.0
4642,1.0
4643,0.0
4644,0.0
4645,0.0
4646,0.0
4647,0.0
4648,0.0
4649,0.0
4650,0.0
4651,0.0
4652,0.0
4653,0.0
4654,0.0
4655,0.0
4656,0.0
4657,0.0
4658,0.0
4659,0.0
4660,0.0
4661,0.0
4662,0.0
4663,0.0
4664,1.0
4665,1.0
4666,1.0
4667,1.0
4668,1.0
4669,5.0
4670,6.0
4671,7.0
4672,9.0
4673,10.0
4674,9.0
4675,10.0
4676,8.0
4677,8.0
4678,6.0
4679,6.0
4680,6.0
4681,6.0
4682,11.0
4683,15.0
4684,8.0
4685,8.0
4686,15.0
4687,14.0
4688,15.0
4689,12.0
4690,6.0
4691,4.0
4692,2.0
4693,2.0
4694,2.0
4695,2.0
4696,1.0
4697,1.0
4698,1.0
4699,1.0
4700,0.0
4701,0.0
4702,0.0
4703,0.0
4704,0.0
4705,0.0
4706,0.0
4707,0.0
4708,0.0
4709,0.0
4710,0.0
4711,0.0
4712,0.0
4713,0.0
4714,0.0
4715,0.0
4716,0.0
4717,0.0
4718,0.0
4719,0.0
4720,1.0
4721,1.0
4722,1.0
4723,1.0
4724,2.0
4725,5.0
4726,6.0
4727,9.0
4728,10.0
4729,11.0
4730,11.0
4731,11.0
4732,8.0
4733,8.0
4734,7.0
4735,6.0
4736,5.0
4737,5.0
4738,12.0
4739,9.0
4740,10.0
4741,15.0
4742,14.0
4743,14.0
4744,14.0
4745,14.0
4746,11.0
4747,3.0
4748,2.0
4749,2.0
4750,2.0
4751,0.0
4752,0.0
4753,1.0
4754,1.0
4755,1.0
4756,1.0
4757,0.0
4758,0.0
4759,0.0
4760,0.0
4761,0.0
4762,0.0
4763,0.0
4764,0.0
4765,0.0
4766,0.0
4767,0.0
4768,0.0
4769,0.0
4770,0.0
4771,0.0
4772,0.0
4773,0.0
4774,0.0
4775,0.0
4776,1.0
4777,1.0
4778,1.0
4779,2.0
4780,3.0
4781,4.0
4782,6.0
4783,9.0
4784,10.0
4785,11.0
4786,11.0
4787,11.0
4788,9.0
4789,9.0
4790,7.0
4791,7.0
4792,5.0
4793,4.0
4794,11.0
4795,14.0
4796,15.0
4797,14.0
4798,13.0
4799,6.0
4800,7.0
4801,5.0
4802,4.0
4803,3.0
4804,2.0
4805,2.0
4806,2.0
4807,2.0
4808,0.0
4809,1.0
4810,1.0
4811,1.0
4812,1.0
4813,1.0
4814,0.0
4815,0.0
4816,0.0
4817,0.0
4818,0.0
4819,0.0
4820,0.0
4821,0.0
4822,0.0
4823,0.0
4824,0.0
4825,0.0
4826,0.0
4827,0.0
4828,0.0
4829,0.0
4830,0.0
4831,1.0
4832,1.0
4833,1.0
4834,1.0
4835,2.0
4836,3.0
4837,4.0
4838,6.0
4839,8.0
4840,9.0
4841,11.0
4842,11.0
4843,10.0
4844,10.0
4845,10.0
4846,7.0
4847,6.0
4848,5.0
4849,4.0
4850,10.0
4851,11.0
4852,13.0
4853,13.0
4854,6.0
4855,6.0
4856,5.0
4857,4.0
4858,9.0
4859,4.0
4860,2.0
4861,2.0
4862,2.0
4863,1.0
4864,1.0
4865,1.0
4866,1.0
4867,1.0
4868,1.0
4869,0.0
4870,0.0
4871,0.0
4872,0.0
4873,0.0
4874,0.0
4875,0.0
4876,0.0
4877,0.0
4878,0.0
4879,0.0
4880,0.0
4881,0.0
4882,0.0
4883,0.0
4884,0.0
4885,0.0
4886,1.0
4887,1.0
4888,1.0
4889,1.0
4890,1.0
4891,2.0
4892,3.0
4893,3.0
4894,6.0
4895,7.0
4896,7.0
4897,8.0
4898,10.0
4899,10.0
4900,9.0
4901,8.0
4902,7.0
4903,6.0
4904,4.0
4905,4.0
4906,8.0
4907,10.0
4908,10.0
4909,11.0
4910,11.0
4911,11.0
4912,10.0
4913,10.0
4914,7.0
4915,4.0
4916,3.0
4917,2.0
4918,1.0
4919,1.0
4920,1.0
4921,1.0
4922,1.0
4923,1.0
4924,0.0
4925,0.0
4926,0.0
4927,0.0
4928,0.0
4929,0.0
4930,0.0
4931,0.0
4932,0.0
4933,0.0
4934,0.0
4935,0.0
4936,0.0
4937,0.0
4938,0.0
4939,0.0
4940,0.0
4941,0.0
4942,0.0
4943,1.0
4944,1.0
4945,1.0
4946,1.0
4947,2.0
4948,3.0
4949,4.0
4950,5.0
4951,7.0
4952,7.0
4953,7.0
4954,8.0
4955,10.0
4956,9.0
4957,5.0
4958,4.0
4959,3.0
4960,3.0
4961,3.0
4962,4.0
4963,9.0
4964,10.0
4965,11.0
4966,11.0
4967,11.0
4968,10.0
4969,9.0
4970,5.0
4971,4.0
4972,3.0
4973,1.0
4974,1.0
4975,1.0
4976,2.0
4977,2.0
4978,1.0
4979,0.0
4980,0.0
4981,0.0
4982,0.0
4983,0.0
4984,0.0
4985,0.0
4986,0.0
4987,0.0
4988,0.0
4989,0.0
4990,0.0
4991,0.0
4992,0.0
4993,0.0
4994,0.0
4995,0.0
4996,0.0
4997,0.0
4998,0.0
4999,0.0
5000,1.0
5001,1.0
5002,1.0
5003,2.0
5004,2.0
5005,4.0
5006,4.0
5007,4.0
5008,6.0
5009,7.0
5010,7.0
5011,4.0
5012,4.0
5013,4.0
5014,3.0
5015,3.0
5016,3.0
5017,3.0
5018,4.0
5019,6.0
5020,10.0
5021,10.0
5022,10.0
5023,11.0
5024,10.0
5025,6.0
5026,4.0
5027,3.0
5028,2.0
5029,2.0
5030,1.0
5031,2.0
5032,2.0
5033,2.0
5034,1.0
5035,0.0
5036,0.0
5037,0.0
5038,0.0
5039,0.0
