Grid_Number,Utilities
0,1.0
1,1.0
2,1.0
3,3.0
4,3.0
5,3.0
6,3.0
7,3.0
8,0.0
9,0.0
10,1.0
11,1.0
12,1.0
13,1.0
14,1.0
15,4.0
16,4.0
17,4.0
18,4.0
19,4.0
20,4.0
21,4.0
22,0.0
23,0.0
24,3.0
25,3.0
26,3.0
27,3.0
28,0.0
29,3.0
30,3.0
31,1.0
32,1.0
33,3.0
34,6.0
35,0.0
36,0.0
37,0.0
38,0.0
39,0.0
40,0.0
41,4.0
42,3.0
43,1.0
44,1.0
45,1.0
46,1.0
47,1.0
48,0.0
49,0.0
50,0.0
51,0.0
52,0.0
53,0.0
54,0.0
55,0.0
56,1.0
57,2.0
58,0.0
59,0.0
60,0.0
61,0.0
62,3.0
63,3.0
64,3.0
65,0.0
66,1.0
67,1.0
68,1.0
69,1.0
70,1.0
71,4.0
72,4.0
73,4.0
74,4.0
75,4.0
76,4.0
77,4.0
78,0.0
79,0.0
80,3.0
81,3.0
82,3.0
83,3.0
84,3.0
85,3.0
86,3.0
87,1.0
88,1.0
89,3.0
90,6.0
91,6.0
92,0.0
93,0.0
94,0.0
95,0.0
96,0.0
97,0.0
98,3.0
99,1.0
100,1.0
101,1.0
102,1.0
103,1.0
104,0.0
105,0.0
106,0.0
107,0.0
108,0.0
109,0.0
110,0.0
111,0.0
112,2.0
113,2.0
114,0.0
115,0.0
116,0.0
117,0.0
118,0.0
119,3.0
120,3.0
121,3.0
122,3.0
123,1.0
124,1.0
125,1.0
126,1.0
127,6.0
128,6.0
129,5.0
130,5.0
131,4.0
132,4.0
133,4.0
134,0.0
135,0.0
136,3.0
137,3.0
138,3.0
139,3.0
140,3.0
141,3.0
142,3.0
143,1.0
144,1.0
145,3.0
146,6.0
147,0.0
148,0.0
149,0.0
150,1.0
151,1.0
152,0.0
153,0.0
154,1.0
155,1.0
156,1.0
157,1.0
158,1.0
159,1.0
160,0.0
161,0.0
162,0.0
163,0.0
164,0.0
165,0.0
166,0.0
167,0.0
168,2.0
169,2.0
170,0.0
171,0.0
172,0.0
173,0.0
174,0.0
175,0.0
176,3.0
177,3.0
178,3.0
179,1.0
180,1.0
181,2.0
182,3.0
183,9.0
184,9.0
185,9.0
186,8.0
187,5.0
188,4.0
189,4.0
190,4.0
191,0.0
192,3.0
193,3.0
194,3.0
195,3.0
196,0.0
197,3.0
198,3.0
199,1.0
200,1.0
201,3.0
202,5.0
203,0.0
204,0.0
205,1.0
206,1.0
207,0.0
208,0.0
209,0.0
210,1.0
211,1.0
212,1.0
213,1.0
214,1.0
215,1.0
216,0.0
217,0.0
218,0.0
219,0.0
220,0.0
221,0.0
222,0.0
223,0.0
224,2.0
225,2.0
226,0.0
227,0.0
228,0.0
229,0.0
230,0.0
231,0.0
232,3.0
233,3.0
234,3.0
235,1.0
236,2.0
237,3.0
238,8.0
239,8.0
240,11.0
241,11.0
242,11.0
243,9.0
244,5.0
245,0.0
246,0.0
247,0.0
248,3.0
249,3.0
250,3.0
251,0.0
252,0.0
253,0.0
254,1.0
255,1.0
256,1.0
257,3.0
258,3.0
259,5.0
260,0.0
261,1.0
262,0.0
263,0.0
264,0.0
265,1.0
266,1.0
267,1.0
268,1.0
269,1.0
270,1.0
271,1.0
272,0.0
273,0.0
274,0.0
275,0.0
276,0.0
277,0.0
278,2.0
279,0.0
280,2.0
281,2.0
282,0.0
283,0.0
284,0.0
285,0.0
286,0.0
287,0.0
288,3.0
289,3.0
290,3.0
291,1.0
292,2.0
293,8.0
294,8.0
295,10.0
296,12.0
297,12.0
298,12.0
299,12.0
300,7.0
301,0.0
302,0.0
303,1.0
304,2.0
305,3.0
306,0.0
307,0.0
308,0.0
309,1.0
310,1.0
311,1.0
312,1.0
313,1.0
314,3.0
315,3.0
316,3.0
317,5.0
318,5.0
319,3.0
320,3.0
321,1.0
322,1.0
323,1.0
324,0.0
325,0.0
326,1.0
327,1.0
328,1.0
329,0.0
330,0.0
331,0.0
332,0.0
333,2.0
334,2.0
335,2.0
336,2.0
337,2.0
338,2.0
339,0.0
340,0.0
341,0.0
342,0.0
343,4.0
344,3.0
345,3.0
346,1.0
347,1.0
348,6.0
349,9.0
350,10.0
351,10.0
352,10.0
353,13.0
354,0.0
355,14.0
356,10.0
357,0.0
358,0.0
359,1.0
360,1.0
361,1.0
362,1.0
363,1.0
364,1.0
365,1.0
366,1.0
367,0.0
368,1.0
369,1.0
370,1.0
371,3.0
372,3.0
373,3.0
374,3.0
375,3.0
376,1.0
377,1.0
378,1.0
379,0.0
380,0.0
381,0.0
382,0.0
383,1.0
384,1.0
385,1.0
386,0.0
387,0.0
388,2.0
389,2.0
390,2.0
391,1.0
392,0.0
393,2.0
394,2.0
395,0.0
396,0.0
397,0.0
398,0.0
399,4.0
400,3.0
401,1.0
402,1.0
403,1.0
404,9.0
405,10.0
406,10.0
407,12.0
408,12.0
409,12.0
410,1.0
411,0.0
412,0.0
413,0.0
414,0.0
415,1.0
416,1.0
417,1.0
418,1.0
419,1.0
420,1.0
421,1.0
422,0.0
423,0.0
424,0.0
425,1.0
426,1.0
427,1.0
428,1.0
429,1.0
430,1.0
431,1.0
432,1.0
433,1.0
434,0.0
435,0.0
436,0.0
437,0.0
438,0.0
439,0.0
440,1.0
441,1.0
442,1.0
443,1.0
444,1.0
445,1.0
446,1.0
447,1.0
448,0.0
449,0.0
450,2.0
451,2.0
452,2.0
453,0.0
454,0.0
455,3.0
456,1.0
457,1.0
458,1.0
459,1.0
460,8.0
461,10.0
462,11.0
463,12.0
464,12.0
465,12.0
466,12.0
467,12.0
468,0.0
469,0.0
470,0.0
471,1.0
472,1.0
473,1.0
474,1.0
475,1.0
476,1.0
477,1.0
478,0.0
479,0.0
480,1.0
481,0.0
482,1.0
483,1.0
484,1.0
485,1.0
486,1.0
487,1.0
488,1.0
489,0.0
490,0.0
491,0.0
492,0.0
493,0.0
494,0.0
495,0.0
496,0.0
497,1.0
498,1.0
499,1.0
500,1.0
501,1.0
502,1.0
503,1.0
504,1.0
505,0.0
506,0.0
507,2.0
508,2.0
509,2.0
510,1.0
511,1.0
512,1.0
513,1.0
514,1.0
515,1.0
516,6.0
517,10.0
518,12.0
519,12.0
520,12.0
521,12.0
522,12.0
523,12.0
524,11.0
525,0.0
526,0.0
527,1.0
528,1.0
529,1.0
530,1.0
531,1.0
532,1.0
533,1.0
534,1.0
535,1.0
536,1.0
537,1.0
538,0.0
539,1.0
540,1.0
541,1.0
542,1.0
543,1.0
544,0.0
545,0.0
546,0.0
547,0.0
548,0.0
549,0.0
550,0.0
551,0.0
552,0.0
553,1.0
554,1.0
555,1.0
556,1.0
557,2.0
558,2.0
559,0.0
560,1.0
561,1.0
562,1.0
563,0.0
564,1.0
565,1.0
566,1.0
567,1.0
568,1.0
569,1.0
570,2.0
571,5.0
572,8.0
573,13.0
574,15.0
575,12.0
576,12.0
577,12.0
578,12.0
579,11.0
580,9.0
581,4.0
582,0.0
583,0.0
584,1.0
585,1.0
586,2.0
587,2.0
588,0.0
589,1.0
590,1.0
591,1.0
592,1.0
593,1.0
594,1.0
595,0.0
596,1.0
597,1.0
598,1.0
599,0.0
600,0.0
601,0.0
602,0.0
603,0.0
604,0.0
605,0.0
606,0.0
607,0.0
608,1.0
609,1.0
610,1.0
611,1.0
612,2.0
613,2.0
614,2.0
615,0.0
616,1.0
617,1.0
618,1.0
619,1.0
620,1.0
621,1.0
622,1.0
623,1.0
624,1.0
625,4.0
626,5.0
627,5.0
628,6.0
629,10.0
630,15.0
631,15.0
632,12.0
633,12.0
634,10.0
635,10.0
636,5.0
637,3.0
638,0.0
639,0.0
640,1.0
641,2.0
642,2.0
643,2.0
644,0.0
645,2.0
646,2.0
647,1.0
648,1.0
649,1.0
650,1.0
651,1.0
652,0.0
653,1.0
654,0.0
655,0.0
656,0.0
657,0.0
658,0.0
659,0.0
660,0.0
661,0.0
662,0.0
663,1.0
664,1.0
665,1.0
666,1.0
667,2.0
668,2.0
669,2.0
670,2.0
671,2.0
672,0.0
673,1.0
674,1.0
675,1.0
676,1.0
677,1.0
678,1.0
679,1.0
680,1.0
681,5.0
682,5.0
683,5.0
684,6.0
685,6.0
686,12.0
687,14.0
688,13.0
689,10.0
690,10.0
691,6.0
692,5.0
693,4.0
694,3.0
695,1.0
696,2.0
697,2.0
698,2.0
699,0.0
700,2.0
701,2.0
702,2.0
703,1.0
704,1.0
705,1.0
706,1.0
707,1.0
708,1.0
709,0.0
710,0.0
711,0.0
712,0.0
713,0.0
714,0.0
715,0.0
716,0.0
717,0.0
718,1.0
719,1.0
720,1.0
721,2.0
722,2.0
723,3.0
724,3.0
725,2.0
726,2.0
727,2.0
728,0.0
729,0.0
730,1.0
731,1.0
732,1.0
733,1.0
734,1.0
735,1.0
736,4.0
737,0.0
738,5.0
739,5.0
740,5.0
741,6.0
742,7.0
743,9.0
744,11.0
745,6.0
746,6.0
747,6.0
748,4.0
749,4.0
750,2.0
751,2.0
752,2.0
753,2.0
754,0.0
755,2.0
756,2.0
757,2.0
758,3.0
759,3.0
760,2.0
761,2.0
762,2.0
763,2.0
764,1.0
765,1.0
766,0.0
767,0.0
768,0.0
769,0.0
770,0.0
771,0.0
772,0.0
773,1.0
774,1.0
775,1.0
776,2.0
777,3.0
778,4.0
779,4.0
780,4.0
781,0.0
782,2.0
783,2.0
784,0.0
785,0.0
786,0.0
787,1.0
788,1.0
789,1.0
790,1.0
791,1.0
792,0.0
793,0.0
794,0.0
795,5.0
796,5.0
797,5.0
798,6.0
799,8.0
800,9.0
801,5.0
802,4.0
803,4.0
804,4.0
805,4.0
806,2.0
807,3.0
808,2.0
809,2.0
810,2.0
811,2.0
812,2.0
813,3.0
814,3.0
815,0.0
816,3.0
817,3.0
818,3.0
819,3.0
820,2.0
821,1.0
822,1.0
823,0.0
824,0.0
825,0.0
826,0.0
827,0.0
828,1.0
829,1.0
830,1.0
831,2.0
832,3.0
833,3.0
834,4.0
835,4.0
836,4.0
837,4.0
838,0.0
839,2.0
840,0.0
841,0.0
842,0.0
843,1.0
844,1.0
845,1.0
846,1.0
847,1.0
848,4.0
849,0.0
850,0.0
851,5.0
852,5.0
853,5.0
854,5.0
855,6.0
856,7.0
857,4.0
858,4.0
859,4.0
860,2.0
861,2.0
862,2.0
863,3.0
864,2.0
865,2.0
866,2.0
867,2.0
868,2.0
869,3.0
870,0.0
871,0.0
872,3.0
873,3.0
874,3.0
875,3.0
876,3.0
877,1.0
878,1.0
879,1.0
880,0.0
881,0.0
882,0.0
883,1.0
884,1.0
885,1.0
886,1.0
887,2.0
888,3.0
889,3.0
890,3.0
891,4.0
892,4.0
893,4.0
894,4.0
895,0.0
896,0.0
897,0.0
898,1.0
899,1.0
900,1.0
901,1.0
902,1.0
903,1.0
904,3.0
905,0.0
906,5.0
907,5.0
908,5.0
909,5.0
910,6.0
911,7.0
912,6.0
913,2.0
914,2.0
915,2.0
916,2.0
917,2.0
918,2.0
919,0.0
920,2.0
921,2.0
922,2.0
923,2.0
924,2.0
925,0.0
926,0.0
927,0.0
928,3.0
929,3.0
930,3.0
931,3.0
932,3.0
933,2.0
934,1.0
935,2.0
936,1.0
937,0.0
938,1.0
939,1.0
940,1.0
941,1.0
942,1.0
943,0.0
944,4.0
945,4.0
946,4.0
947,0.0
948,0.0
949,4.0
950,4.0
951,4.0
952,0.0
953,1.0
954,1.0
955,1.0
956,2.0
957,2.0
958,2.0
959,2.0
960,1.0
961,5.0
962,5.0
963,5.0
964,6.0
965,6.0
966,6.0
967,7.0
968,5.0
969,3.0
970,2.0
971,2.0
972,2.0
973,2.0
974,2.0
975,2.0
976,2.0
977,2.0
978,2.0
979,2.0
980,3.0
981,0.0
982,0.0
983,3.0
984,3.0
985,3.0
986,3.0
987,3.0
988,3.0
989,2.0
990,2.0
991,2.0
992,2.0
993,1.0
994,1.0
995,1.0
996,1.0
997,1.0
998,2.0
999,0.0
1000,0.0
1001,4.0
1002,4.0
1003,4.0
1004,0.0
1005,0.0
1006,4.0
1007,4.0
1008,1.0
1009,1.0
1010,1.0
1011,2.0
1012,2.0
1013,2.0
1014,2.0
1015,2.0
1016,2.0
1017,2.0
1018,5.0
1019,6.0
1020,8.0
1021,8.0
1022,8.0
1023,8.0
1024,3.0
1025,3.0
1026,3.0
1027,2.0
1028,2.0
1029,2.0
1030,2.0
1031,2.0
1032,2.0
1033,2.0
1034,2.0
1035,2.0
1036,2.0
1037,0.0
1038,0.0
1039,3.0
1040,1.0
1041,2.0
1042,3.0
1043,3.0
1044,4.0
1045,4.0
1046,2.0
1047,2.0
1048,2.0
1049,2.0
1050,1.0
1051,1.0
1052,1.0
1053,1.0
1054,2.0
1055,0.0
1056,0.0
1057,0.0
1058,4.0
1059,4.0
1060,4.0
1061,0.0
1062,4.0
1063,3.0
1064,1.0
1065,1.0
1066,2.0
1067,3.0
1068,0.0
1069,0.0
1070,0.0
1071,2.0
1072,2.0
1073,2.0
1074,3.0
1075,6.0
1076,0.0
1077,8.0
1078,4.0
1079,4.0
1080,4.0
1081,3.0
1082,3.0
1083,3.0
1084,2.0
1085,2.0
1086,2.0
1087,2.0
1088,1.0
1089,2.0
1090,2.0
1091,2.0
1092,2.0
1093,0.0
1094,3.0
1095,3.0
1096,3.0
1097,3.0
1098,4.0
1099,4.0
1100,5.0
1101,4.0
1102,3.0
1103,3.0
1104,2.0
1105,2.0
1106,2.0
1107,1.0
1108,1.0
1109,1.0
1110,2.0
1111,3.0
1112,4.0
1113,0.0
1114,0.0
1115,4.0
1116,4.0
1117,4.0
1118,4.0
1119,2.0
1120,1.0
1121,1.0
1122,3.0
1123,3.0
1124,3.0
1125,0.0
1126,3.0
1127,3.0
1128,2.0
1129,4.0
1130,3.0
1131,4.0
1132,4.0
1133,4.0
1134,4.0
1135,4.0
1136,4.0
1137,3.0
1138,3.0
1139,4.0
1140,4.0
1141,4.0
1142,3.0
1143,2.0
1144,1.0
1145,1.0
1146,1.0
1147,1.0
1148,1.0
1149,3.0
1150,3.0
1151,3.0
1152,3.0
1153,5.0
1154,7.0
1155,9.0
1156,9.0
1157,7.0
1158,3.0
1159,5.0
1160,5.0
1161,2.0
1162,2.0
1163,2.0
1164,1.0
1165,1.0
1166,2.0
1167,2.0
1168,4.0
1169,4.0
1170,0.0
1171,0.0
1172,4.0
1173,4.0
1174,3.0
1175,1.0
1176,1.0
1177,3.0
1178,3.0
1179,3.0
1180,3.0
1181,3.0
1182,3.0
1183,3.0
1184,3.0
1185,4.0
1186,3.0
1187,4.0
1188,4.0
1189,4.0
1190,4.0
1191,4.0
1192,4.0
1193,5.0
1194,5.0
1195,6.0
1196,5.0
1197,3.0
1198,3.0
1199,3.0
1200,2.0
1201,1.0
1202,1.0
1203,1.0
1204,1.0
1205,1.0
1206,3.0
1207,3.0
1208,5.0
1209,8.0
1210,9.0
1211,9.0
1212,9.0
1213,14.0
1214,14.0
1215,11.0
1216,10.0
1217,8.0
1218,4.0
1219,2.0
1220,2.0
1221,1.0
1222,2.0
1223,2.0
1224,2.0
1225,3.0
1226,4.0
1227,0.0
1228,0.0
1229,3.0
1230,1.0
1231,1.0
1232,2.0
1233,0.0
1234,0.0
1235,0.0
1236,4.0
1237,3.0
1238,3.0
1239,3.0
1240,3.0
1241,5.0
1242,3.0
1243,4.0
1244,4.0
1245,4.0
1246,4.0
1247,4.0
1248,5.0
1249,6.0
1250,5.0
1251,5.0
1252,4.0
1253,4.0
1254,3.0
1255,3.0
1256,2.0
1257,2.0
1258,1.0
1259,1.0
1260,1.0
1261,1.0
1262,1.0
1263,3.0
1264,6.0
1265,8.0
1266,8.0
1267,8.0
1268,17.0
1269,17.0
1270,17.0
1271,15.0
1272,13.0
1273,9.0
1274,8.0
1275,4.0
1276,2.0
1277,2.0
1278,2.0
1279,2.0
1280,2.0
1281,2.0
1282,2.0
1283,2.0
1284,2.0
1285,2.0
1286,1.0
1287,1.0
1288,2.0
1289,3.0
1290,0.0
1291,0.0
1292,0.0
1293,4.0
1294,3.0
1295,3.0
1296,3.0
1297,5.0
1298,3.0
1299,4.0
1300,4.0
1301,4.0
1302,4.0
1303,5.0
1304,6.0
1305,6.0
1306,6.0
1307,10.0
1308,10.0
1309,8.0
1310,5.0
1311,3.0
1312,3.0
1313,2.0
1314,1.0
1315,1.0
1316,1.0
1317,1.0
1318,1.0
1319,4.0
1320,7.0
1321,7.0
1322,7.0
1323,15.0
1324,17.0
1325,17.0
1326,17.0
1327,17.0
1328,14.0
1329,12.0
1330,9.0
1331,6.0
1332,2.0
1333,2.0
1334,2.0
1335,0.0
1336,3.0
1337,3.0
1338,3.0
1339,2.0
1340,2.0
1341,2.0
1342,1.0
1343,1.0
1344,2.0
1345,3.0
1346,4.0
1347,0.0
1348,0.0
1349,0.0
1350,3.0
1351,3.0
1352,3.0
1353,5.0
1354,3.0
1355,3.0
1356,4.0
1357,4.0
1358,4.0
1359,5.0
1360,6.0
1361,11.0
1362,13.0
1363,13.0
1364,13.0
1365,13.0
1366,12.0
1367,5.0
1368,3.0
1369,2.0
1370,1.0
1371,1.0
1372,1.0
1373,1.0
1374,1.0
1375,5.0
1376,7.0
1377,7.0
1378,7.0
1379,17.0
1380,17.0
1381,15.0
1382,15.0
1383,15.0
1384,12.0
1385,10.0
1386,12.0
1387,8.0
1388,2.0
1389,2.0
1390,3.0
1391,3.0
1392,0.0
1393,3.0
1394,3.0
1395,3.0
1396,2.0
1397,1.0
1398,1.0
1399,1.0
1400,2.0
1401,3.0
1402,3.0
1403,4.0
1404,0.0
1405,0.0
1406,3.0
1407,3.0
1408,3.0
1409,2.0
1410,4.0
1411,4.0
1412,4.0
1413,4.0
1414,5.0
1415,5.0
1416,8.0
1417,13.0
1418,13.0
1419,13.0
1420,13.0
1421,13.0
1422,13.0
1423,11.0
1424,5.0
1425,2.0
1426,1.0
1427,1.0
1428,1.0
1429,1.0
1430,2.0
1431,5.0
1432,6.0
1433,7.0
1434,11.0
1435,19.0
1436,17.0
1437,17.0
1438,17.0
1439,17.0
1440,12.0
1441,10.0
1442,10.0
1443,8.0
1444,2.0
1445,3.0
1446,3.0
1447,3.0
1448,3.0
1449,2.0
1450,2.0
1451,2.0
1452,2.0
1453,1.0
1454,1.0
1455,0.0
1456,2.0
1457,3.0
1458,3.0
1459,3.0
1460,4.0
1461,0.0
1462,3.0
1463,3.0
1464,3.0
1465,2.0
1466,4.0
1467,4.0
1468,4.0
1469,4.0
1470,4.0
1471,4.0
1472,10.0
1473,12.0
1474,13.0
1475,13.0
1476,13.0
1477,13.0
1478,13.0
1479,12.0
1480,8.0
1481,2.0
1482,1.0
1483,1.0
1484,1.0
1485,2.0
1486,2.0
1487,5.0
1488,7.0
1489,9.0
1490,14.0
1491,23.0
1492,22.0
1493,23.0
1494,21.0
1495,20.0
1496,2.0
1497,10.0
1498,10.0
1499,6.0
1500,2.0
1501,3.0
1502,3.0
1503,3.0
1504,2.0
1505,2.0
1506,2.0
1507,2.0
1508,2.0
1509,1.0
1510,1.0
1511,1.0
1512,2.0
1513,2.0
1514,3.0
1515,3.0
1516,3.0
1517,3.0
1518,2.0
1519,2.0
1520,2.0
1521,2.0
1522,2.0
1523,2.0
1524,3.0
1525,3.0
1526,3.0
1527,2.0
1528,10.0
1529,13.0
1530,14.0
1531,15.0
1532,14.0
1533,13.0
1534,13.0
1535,12.0
1536,9.0
1537,2.0
1538,1.0
1539,1.0
1540,2.0
1541,2.0
1542,0.0
1543,0.0
1544,8.0
1545,11.0
1546,18.0
1547,27.0
1548,29.0
1549,29.0
1550,27.0
1551,21.0
1552,18.0
1553,10.0
1554,10.0
1555,4.0
1556,3.0
1557,3.0
1558,3.0
1559,1.0
1560,2.0
1561,2.0
1562,2.0
1563,2.0
1564,2.0
1565,1.0
1566,1.0
1567,1.0
1568,2.0
1569,3.0
1570,3.0
1571,3.0
1572,3.0
1573,3.0
1574,2.0
1575,2.0
1576,2.0
1577,2.0
1578,2.0
1579,2.0
1580,2.0
1581,2.0
1582,2.0
1583,6.0
1584,11.0
1585,14.0
1586,14.0
1587,15.0
1588,15.0
1589,14.0
1590,13.0
1591,13.0
1592,10.0
1593,2.0
1594,1.0
1595,2.0
1596,2.0
1597,2.0
1598,0.0
1599,1.0
1600,6.0
1601,14.0
1602,18.0
1603,25.0
1604,28.0
1605,28.0
1606,27.0
1607,23.0
1608,19.0
1609,18.0
1610,10.0
1611,3.0
1612,3.0
1613,3.0
1614,3.0
1615,3.0
1616,1.0
1617,2.0
1618,2.0
1619,2.0
1620,2.0
1621,1.0
1622,1.0
1623,1.0
1624,0.0
1625,0.0
1626,3.0
1627,3.0
1628,3.0
1629,2.0
1630,1.0
1631,2.0
1632,2.0
1633,2.0
1634,2.0
1635,2.0
1636,2.0
1637,2.0
1638,2.0
1639,5.0
1640,12.0
1641,14.0
1642,15.0
1643,15.0
1644,15.0
1645,16.0
1646,14.0
1647,12.0
1648,8.0
1649,3.0
1650,2.0
1651,2.0
1652,2.0
1653,2.0
1654,1.0
1655,5.0
1656,8.0
1657,13.0
1658,19.0
1659,23.0
1660,25.0
1661,3.0
1662,24.0
1663,24.0
1664,19.0
1665,19.0
1666,5.0
1667,3.0
1668,2.0
1669,3.0
1670,3.0
1671,3.0
1672,2.0
1673,2.0
1674,2.0
1675,2.0
1676,0.0
1677,2.0
1678,1.0
1679,1.0
1680,0.0
1681,0.0
1682,3.0
1683,3.0
1684,2.0
1685,2.0
1686,2.0
1687,2.0
1688,2.0
1689,3.0
1690,3.0
1691,3.0
1692,3.0
1693,2.0
1694,4.0
1695,4.0
1696,8.0
1697,14.0
1698,14.0
1699,14.0
1700,14.0
1701,13.0
1702,13.0
1703,11.0
1704,4.0
1705,2.0
1706,2.0
1707,3.0
1708,2.0
1709,2.0
1710,2.0
1711,4.0
1712,8.0
1713,13.0
1714,17.0
1715,3.0
1716,1.0
1717,3.0
1718,22.0
1719,22.0
1720,16.0
1721,12.0
1722,7.0
1723,3.0
1724,2.0
1725,4.0
1726,3.0
1727,2.0
1728,2.0
1729,2.0
1730,0.0
1731,0.0
1732,0.0
1733,2.0
1734,2.0
1735,2.0
1736,2.0
1737,2.0
1738,2.0
1739,2.0
1740,2.0
1741,2.0
1742,2.0
1743,2.0
1744,3.0
1745,3.0
1746,3.0
1747,6.0
1748,9.0
1749,10.0
1750,5.0
1751,6.0
1752,6.0
1753,13.0
1754,13.0
1755,13.0
1756,14.0
1757,14.0
1758,13.0
1759,9.0
1760,3.0
1761,2.0
1762,2.0
1763,3.0
1764,0.0
1765,2.0
1766,2.0
1767,4.0
1768,7.0
1769,0.0
1770,17.0
1771,3.0
1772,4.0
1773,4.0
1774,5.0
1775,18.0
1776,15.0
1777,10.0
1778,7.0
1779,3.0
1780,3.0
1781,3.0
1782,3.0
1783,3.0
1784,2.0
1785,3.0
1786,3.0
1787,0.0
1788,2.0
1789,2.0
1790,2.0
1791,0.0
1792,2.0
1793,2.0
1794,2.0
1795,2.0
1796,2.0
1797,2.0
1798,2.0
1799,3.0
1800,3.0
1801,4.0
1802,8.0
1803,9.0
1804,10.0
1805,11.0
1806,13.0
1807,12.0
1808,7.0
1809,7.0
1810,14.0
1811,12.0
1812,14.0
1813,14.0
1814,8.0
1815,4.0
1816,3.0
1817,2.0
1818,2.0
1819,0.0
1820,2.0
1821,0.0
1822,0.0
1823,1.0
1824,7.0
1825,0.0
1826,19.0
1827,2.0
1828,2.0
1829,1.0
1830,1.0
1831,1.0
1832,15.0
1833,11.0
1834,6.0
1835,5.0
1836,5.0
1837,3.0
1838,3.0
1839,3.0
1840,3.0
1841,3.0
1842,3.0
1843,2.0
1844,2.0
1845,2.0
1846,0.0
1847,0.0
1848,2.0
1849,2.0
1850,2.0
1851,2.0
1852,2.0
1853,2.0
1854,2.0
1855,2.0
1856,3.0
1857,8.0
1858,8.0
1859,10.0
1860,10.0
1861,12.0
1862,14.0
1863,12.0
1864,9.0
1865,7.0
1866,7.0
1867,6.0
1868,7.0
1869,6.0
1870,4.0
1871,3.0
1872,3.0
1873,3.0
1874,2.0
1875,3.0
1876,2.0
1877,0.0
1878,0.0
1879,2.0
1880,0.0
1881,0.0
1882,0.0
1883,0.0
1884,21.0
1885,21.0
1886,21.0
1887,18.0
1888,14.0
1889,10.0
1890,6.0
1891,5.0
1892,4.0
1893,4.0
1894,3.0
1895,3.0
1896,4.0
1897,3.0
1898,2.0
1899,2.0
1900,2.0
1901,0.0
1902,0.0
1903,0.0
1904,2.0
1905,2.0
1906,2.0
1907,2.0
1908,2.0
1909,2.0
1910,2.0
1911,2.0
1912,4.0
1913,8.0
1914,9.0
1915,10.0
1916,11.0
1917,12.0
1918,12.0
1919,12.0
1920,12.0
1921,7.0
1922,6.0
1923,5.0
1924,6.0
1925,5.0
1926,3.0
1927,3.0
1928,3.0
1929,3.0
1930,3.0
1931,2.0
1932,2.0
1933,0.0
1934,0.0
1935,0.0
1936,0.0
1937,0.0
1938,0.0
1939,0.0
1940,20.0
1941,20.0
1942,19.0
1943,18.0
1944,13.0
1945,12.0
1946,6.0
1947,4.0
1948,4.0
1949,4.0
1950,4.0
1951,3.0
1952,4.0
1953,3.0
1954,2.0
1955,2.0
1956,2.0
1957,2.0
1958,0.0
1959,0.0
1960,2.0
1961,2.0
1962,2.0
1963,2.0
1964,2.0
1965,2.0
1966,2.0
1967,2.0
1968,6.0
1969,7.0
1970,9.0
1971,10.0
1972,10.0
1973,12.0
1974,12.0
1975,11.0
1976,12.0
1977,8.0
1978,6.0
1979,5.0
1980,6.0
1981,4.0
1982,3.0
1983,3.0
1984,4.0
1985,4.0
1986,4.0
1987,3.0
1988,1.0
1989,0.0
1990,2.0
1991,2.0
1992,0.0
1993,0.0
1994,0.0
1995,1.0
1996,17.0
1997,17.0
1998,17.0
1999,14.0
2000,11.0
2001,10.0
2002,6.0
2003,4.0
2004,4.0
2005,4.0
2006,4.0
2007,3.0
2008,4.0
2009,4.0
2010,2.0
2011,2.0
2012,2.0
2013,2.0
2014,2.0
2015,0.0
2016,2.0
2017,2.0
2018,2.0
2019,2.0
2020,2.0
2021,2.0
2022,1.0
2023,2.0
2024,6.0
2025,7.0
2026,9.0
2027,10.0
2028,10.0
2029,11.0
2030,12.0
2031,11.0
2032,11.0
2033,8.0
2034,7.0
2035,5.0
2036,4.0
2037,4.0
2038,4.0
2039,4.0
2040,4.0
2041,4.0
2042,4.0
2043,3.0
2044,2.0
2045,1.0
2046,1.0
2047,1.0
2048,0.0
2049,0.0
2050,1.0
2051,2.0
2052,11.0
2053,10.0
2054,11.0
2055,10.0
2056,9.0
2057,8.0
2058,5.0
2059,4.0
2060,4.0
2061,4.0
2062,4.0
2063,4.0
2064,3.0
2065,4.0
2066,2.0
2067,2.0
2068,2.0
2069,2.0
2070,2.0
2071,0.0
2072,1.0
2073,2.0
2074,2.0
2075,2.0
2076,2.0
2077,1.0
2078,1.0
2079,2.0
2080,5.0
2081,7.0
2082,8.0
2083,10.0
2084,10.0
2085,11.0
2086,11.0
2087,11.0
2088,11.0
2089,7.0
2090,5.0
2091,4.0
2092,3.0
2093,3.0
2094,4.0
2095,4.0
2096,4.0
2097,4.0
2098,3.0
2099,3.0
2100,2.0
2101,1.0
2102,2.0
2103,2.0
2104,3.0
2105,0.0
2106,0.0
2107,1.0
2108,10.0
2109,9.0
2110,9.0
2111,10.0
2112,9.0
2113,8.0
2114,5.0
2115,4.0
2116,4.0
2117,4.0
2118,4.0
2119,4.0
2120,3.0
2121,3.0
2122,2.0
2123,2.0
2124,2.0
2125,2.0
2126,2.0
2127,2.0
2128,2.0
2129,2.0
2130,2.0
2131,2.0
2132,1.0
2133,1.0
2134,1.0
2135,1.0
2136,2.0
2137,7.0
2138,8.0
2139,9.0
2140,10.0
2141,11.0
2142,10.0
2143,10.0
2144,9.0
2145,5.0
2146,4.0
2147,3.0
2148,3.0
2149,4.0
2150,4.0
2151,4.0
2152,4.0
2153,4.0
2154,3.0
2155,2.0
2156,2.0
2157,3.0
2158,2.0
2159,2.0
2160,3.0
2161,10.0
2162,0.0
2163,0.0
2164,15.0
2165,12.0
2166,9.0
2167,10.0
2168,8.0
2169,6.0
2170,5.0
2171,4.0
2172,4.0
2173,4.0
2174,4.0
2175,3.0
2176,3.0
2177,2.0
2178,1.0
2179,2.0
2180,2.0
2181,2.0
2182,2.0
2183,1.0
2184,2.0
2185,2.0
2186,2.0
2187,2.0
2188,2.0
2189,1.0
2190,1.0
2191,1.0
2192,1.0
2193,5.0
2194,8.0
2195,8.0
2196,9.0
2197,10.0
2198,10.0
2199,9.0
2200,6.0
2201,6.0
2202,4.0
2203,3.0
2204,4.0
2205,4.0
2206,4.0
2207,4.0
2208,4.0
2209,5.0
2210,4.0
2211,2.0
2212,3.0
2213,3.0
2214,2.0
2215,2.0
2216,10.0
2217,13.0
2218,0.0
2219,1.0
2220,18.0
2221,17.0
2222,15.0
2223,10.0
2224,7.0
2225,5.0
2226,4.0
2227,4.0
2228,4.0
2229,4.0
2230,4.0
2231,3.0
2232,2.0
2233,1.0
2234,1.0
2235,1.0
2236,1.0
2237,1.0
2238,1.0
2239,1.0
2240,2.0
2241,2.0
2242,2.0
2243,2.0
2244,2.0
2245,1.0
2246,1.0
2247,1.0
2248,1.0
2249,1.0
2250,3.0
2251,7.0
2252,7.0
2253,7.0
2254,8.0
2255,5.0
2256,5.0
2257,4.0
2258,4.0
2259,5.0
2260,4.0
2261,4.0
2262,4.0
2263,6.0
2264,10.0
2265,10.0
2266,10.0
2267,6.0
2268,4.0
2269,3.0
2270,2.0
2271,5.0
2272,10.0
2273,13.0
2274,0.0
2275,1.0
2276,18.0
2277,2.0
2278,17.0
2279,10.0
2280,6.0
2281,5.0
2282,4.0
2283,3.0
2284,3.0
2285,3.0
2286,2.0
2287,2.0
2288,1.0
2289,1.0
2290,1.0
2291,1.0
2292,1.0
2293,1.0
2294,1.0
2295,1.0
2296,0.0
2297,2.0
2298,2.0
2299,2.0
2300,2.0
2301,2.0
2302,1.0
2303,2.0
2304,2.0
2305,2.0
2306,2.0
2307,2.0
2308,1.0
2309,1.0
2310,2.0
2311,3.0
2312,4.0
2313,4.0
2314,4.0
2315,4.0
2316,5.0
2317,6.0
2318,8.0
2319,12.0
2320,11.0
2321,10.0
2322,10.0
2323,10.0
2324,10.0
2325,4.0
2326,2.0
2327,8.0
2328,0.0
2329,1.0
2330,1.0
2331,2.0
2332,2.0
2333,2.0
2334,14.0
2335,14.0
2336,7.0
2337,4.0
2338,2.0
2339,2.0
2340,3.0
2341,2.0
2342,2.0
2343,1.0
2344,1.0
2345,1.0
2346,1.0
2347,1.0
2348,2.0
2349,2.0
2350,2.0
2351,2.0
2352,0.0
2353,0.0
2354,2.0
2355,2.0
2356,2.0
2357,2.0
2358,2.0
2359,2.0
2360,2.0
2361,2.0
2362,2.0
2363,2.0
2364,2.0
2365,1.0
2366,2.0
2367,2.0
2368,3.0
2369,3.0
2370,3.0
2371,5.0
2372,5.0
2373,7.0
2374,13.0
2375,12.0
2376,12.0
2377,12.0
2378,10.0
2379,10.0
2380,10.0
2381,7.0
2382,2.0
2383,10.0
2384,1.0
2385,15.0
2386,1.0
2387,7.0
2388,1.0
2389,14.0
2390,13.0
2391,13.0
2392,6.0
2393,2.0
2394,4.0
2395,4.0
2396,4.0
2397,1.0
2398,1.0
2399,1.0
2400,1.0
2401,4.0
2402,4.0
2403,5.0
2404,5.0
2405,4.0
2406,2.0
2407,2.0
2408,0.0
2409,0.0
2410,2.0
2411,2.0
2412,2.0
2413,2.0
2414,2.0
2415,2.0
2416,2.0
2417,2.0
2418,2.0
2419,2.0
2420,2.0
2421,2.0
2422,2.0
2423,2.0
2424,2.0
2425,3.0
2426,4.0
2427,5.0
2428,5.0
2429,11.0
2430,13.0
2431,12.0
2432,12.0
2433,13.0
2434,13.0
2435,10.0
2436,10.0
2437,10.0
2438,4.0
2439,11.0
2440,13.0
2441,14.0
2442,1.0
2443,7.0
2444,15.0
2445,14.0
2446,14.0
2447,13.0
2448,5.0
2449,6.0
2450,4.0
2451,4.0
2452,4.0
2453,4.0
2454,3.0
2455,1.0
2456,4.0
2457,4.0
2458,5.0
2459,5.0
2460,5.0
2461,0.0
2462,4.0
2463,2.0
2464,0.0
2465,2.0
2466,2.0
2467,2.0
2468,2.0
2469,0.0
2470,2.0
2471,2.0
2472,2.0
2473,2.0
2474,2.0
2475,2.0
2476,2.0
2477,2.0
2478,2.0
2479,2.0
2480,2.0
2481,2.0
2482,4.0
2483,5.0
2484,6.0
2485,11.0
2486,12.0
2487,14.0
2488,13.0
2489,15.0
2490,14.0
2491,12.0
2492,12.0
2493,11.0
2494,6.0
2495,13.0
2496,13.0
2497,16.0
2498,17.0
2499,1.0
2500,16.0
2501,0.0
2502,14.0
2503,13.0
2504,6.0
2505,6.0
2506,4.0
2507,4.0
2508,4.0
2509,4.0
2510,4.0
2511,3.0
2512,4.0
2513,4.0
2514,5.0
2515,5.0
2516,5.0
2517,0.0
2518,0.0
2519,3.0
2520,2.0
2521,2.0
2522,2.0
2523,2.0
2524,2.0
2525,2.0
2526,2.0
2527,2.0
2528,2.0
2529,2.0
2530,3.0
2531,3.0
2532,3.0
2533,3.0
2534,2.0
2535,2.0
2536,2.0
2537,2.0
2538,3.0
2539,4.0
2540,5.0
2541,11.0
2542,13.0
2543,14.0
2544,15.0
2545,15.0
2546,15.0
2547,14.0
2548,12.0
2549,13.0
2550,6.0
2551,8.0
2552,14.0
2553,16.0
2554,1.0
2555,16.0
2556,15.0
2557,15.0
2558,14.0
2559,9.0
2560,7.0
2561,6.0
2562,4.0
2563,4.0
2564,4.0
2565,4.0
2566,4.0
2567,7.0
2568,4.0
2569,4.0
2570,5.0
2571,5.0
2572,5.0
2573,5.0
2574,0.0
2575,3.0
2576,0.0
2577,2.0
2578,2.0
2579,2.0
2580,1.0
2581,2.0
2582,2.0
2583,2.0
2584,2.0
2585,0.0
2586,3.0
2587,3.0
2588,3.0
2589,4.0
2590,4.0
2591,3.0
2592,3.0
2593,3.0
2594,3.0
2595,4.0
2596,4.0
2597,11.0
2598,15.0
2599,20.0
2600,20.0
2601,20.0
2602,20.0
2603,18.0
2604,14.0
2605,13.0
2606,5.0
2607,6.0
2608,12.0
2609,1.0
2610,16.0
2611,15.0
2612,14.0
2613,13.0
2614,9.0
2615,8.0
2616,7.0
2617,5.0
2618,4.0
2619,4.0
2620,4.0
2621,4.0
2622,4.0
2623,7.0
2624,4.0
2625,4.0
2626,5.0
2627,5.0
2628,5.0
2629,5.0
2630,5.0
2631,0.0
2632,0.0
2633,0.0
2634,2.0
2635,1.0
2636,1.0
2637,2.0
2638,2.0
2639,2.0
2640,0.0
2641,3.0
2642,3.0
2643,3.0
2644,4.0
2645,4.0
2646,3.0
2647,4.0
2648,3.0
2649,3.0
2650,4.0
2651,3.0
2652,5.0
2653,6.0
2654,18.0
2655,20.0
2656,19.0
2657,19.0
2658,19.0
2659,20.0
2660,18.0
2661,11.0
2662,1.0
2663,6.0
2664,1.0
2665,1.0
2666,15.0
2667,14.0
2668,14.0
2669,8.0
2670,7.0
2671,9.0
2672,8.0
2673,6.0
2674,4.0
2675,4.0
2676,4.0
2677,4.0
2678,4.0
2679,7.0
2680,5.0
2681,5.0
2682,6.0
2683,6.0
2684,6.0
2685,5.0
2686,5.0
2687,4.0
2688,1.0
2689,1.0
2690,1.0
2691,1.0
2692,1.0
2693,1.0
2694,2.0
2695,2.0
2696,3.0
2697,3.0
2698,3.0
2699,0.0
2700,0.0
2701,3.0
2702,3.0
2703,3.0
2704,3.0
2705,4.0
2706,4.0
2707,6.0
2708,5.0
2709,13.0
2710,16.0
2711,20.0
2712,20.0
2713,2.0
2714,20.0
2715,20.0
2716,18.0
2717,1.0
2718,2.0
2719,1.0
2720,2.0
2721,1.0
2722,8.0
2723,9.0
2724,8.0
2725,7.0
2726,7.0
2727,8.0
2728,6.0
2729,6.0
2730,5.0
2731,4.0
2732,4.0
2733,4.0
2734,4.0
2735,8.0
2736,5.0
2737,5.0
2738,5.0
2739,6.0
2740,6.0
2741,6.0
2742,5.0
2743,3.0
2744,1.0
2745,1.0
2746,1.0
2747,1.0
2748,1.0
2749,1.0
2750,1.0
2751,2.0
2752,3.0
2753,3.0
2754,3.0
2755,0.0
2756,3.0
2757,3.0
2758,3.0
2759,4.0
2760,4.0
2761,3.0
2762,5.0
2763,6.0
2764,9.0
2765,18.0
2766,19.0
2767,25.0
2768,28.0
2769,2.0
2770,21.0
2771,1.0
2772,1.0
2773,1.0
2774,1.0
2775,5.0
2776,1.0
2777,1.0
2778,0.0
2779,6.0
2780,7.0
2781,7.0
2782,6.0
2783,5.0
2784,7.0
2785,7.0
2786,6.0
2787,5.0
2788,4.0
2789,4.0
2790,5.0
2791,6.0
2792,5.0
2793,5.0
2794,6.0
2795,6.0
2796,0.0
2797,0.0
2798,6.0
2799,2.0
2800,1.0
2801,1.0
2802,1.0
2803,1.0
2804,1.0
2805,1.0
2806,1.0
2807,1.0
2808,2.0
2809,3.0
2810,3.0
2811,3.0
2812,3.0
2813,3.0
2814,4.0
2815,5.0
2816,5.0
2817,6.0
2818,5.0
2819,8.0
2820,14.0
2821,21.0
2822,25.0
2823,27.0
2824,25.0
2825,5.0
2826,16.0
2827,1.0
2828,0.0
2829,0.0
2830,7.0
2831,6.0
2832,1.0
2833,0.0
2834,12.0
2835,13.0
2836,8.0
2837,7.0
2838,8.0
2839,7.0
2840,9.0
2841,7.0
2842,6.0
2843,5.0
2844,5.0
2845,4.0
2846,4.0
2847,2.0
2848,4.0
2849,6.0
2850,6.0
2851,6.0
2852,6.0
2853,6.0
2854,3.0
2855,2.0
2856,1.0
2857,2.0
2858,2.0
2859,2.0
2860,0.0
2861,2.0
2862,1.0
2863,1.0
2864,2.0
2865,2.0
2866,2.0
2867,3.0
2868,3.0
2869,4.0
2870,5.0
2871,6.0
2872,6.0
2873,7.0
2874,8.0
2875,13.0
2876,16.0
2877,25.0
2878,28.0
2879,29.0
2880,28.0
2881,4.0
2882,1.0
2883,16.0
2884,14.0
2885,12.0
2886,0.0
2887,0.0
2888,11.0
2889,0.0
2890,11.0
2891,13.0
2892,12.0
2893,9.0
2894,11.0
2895,11.0
2896,11.0
2897,10.0
2898,10.0
2899,7.0
2900,5.0
2901,4.0
2902,3.0
2903,4.0
2904,5.0
2905,6.0
2906,4.0
2907,5.0
2908,4.0
2909,3.0
2910,3.0
2911,2.0
2912,0.0
2913,0.0
2914,0.0
2915,2.0
2916,2.0
2917,0.0
2918,2.0
2919,1.0
2920,2.0
2921,2.0
2922,2.0
2923,3.0
2924,4.0
2925,4.0
2926,6.0
2927,7.0
2928,6.0
2929,7.0
2930,13.0
2931,17.0
2932,20.0
2933,28.0
2934,3.0
2935,2.0
2936,33.0
2937,33.0
2938,26.0
2939,16.0
2940,13.0
2941,7.0
2942,8.0
2943,9.0
2944,10.0
2945,10.0
2946,12.0
2947,12.0
2948,12.0
2949,17.0
2950,12.0
2951,11.0
2952,10.0
2953,9.0
2954,7.0
2955,6.0
2956,2.0
2957,4.0
2958,4.0
2959,4.0
2960,5.0
2961,5.0
2962,5.0
2963,4.0
2964,3.0
2965,3.0
2966,3.0
2967,2.0
2968,0.0
2969,0.0
2970,0.0
2971,0.0
2972,2.0
2973,2.0
2974,0.0
2975,2.0
2976,1.0
2977,2.0
2978,2.0
2979,2.0
2980,4.0
2981,5.0
2982,7.0
2983,6.0
2984,6.0
2985,7.0
2986,14.0
2987,22.0
2988,24.0
2989,30.0
2990,7.0
2991,5.0
2992,3.0
2993,45.0
2994,40.0
2995,28.0
2996,17.0
2997,11.0
2998,7.0
2999,7.0
3000,8.0
3001,10.0
3002,12.0
3003,11.0
3004,12.0
3005,16.0
3006,12.0
3007,10.0
3008,10.0
3009,10.0
3010,7.0
3011,6.0
3012,8.0
3013,4.0
3014,4.0
3015,4.0
3016,5.0
3017,5.0
3018,5.0
3019,5.0
3020,3.0
3021,3.0
3022,3.0
3023,2.0
3024,0.0
3025,0.0
3026,0.0
3027,0.0
3028,0.0
3029,2.0
3030,2.0
3031,2.0
3032,1.0
3033,1.0
3034,1.0
3035,2.0
3036,5.0
3037,5.0
3038,6.0
3039,6.0
3040,6.0
3041,7.0
3042,14.0
3043,24.0
3044,28.0
3045,29.0
3046,6.0
3047,5.0
3048,46.0
3049,49.0
3050,49.0
3051,35.0
3052,21.0
3053,15.0
3054,12.0
3055,11.0
3056,8.0
3057,10.0
3058,3.0
3059,10.0
3060,15.0
3061,15.0
3062,12.0
3063,10.0
3064,10.0
3065,10.0
3066,8.0
3067,6.0
3068,8.0
3069,4.0
3070,3.0
3071,4.0
3072,5.0
3073,5.0
3074,5.0
3075,5.0
3076,5.0
3077,3.0
3078,2.0
3079,2.0
3080,0.0
3081,0.0
3082,0.0
3083,0.0
3084,0.0
3085,2.0
3086,2.0
3087,2.0
3088,1.0
3089,1.0
3090,1.0
3091,1.0
3092,3.0
3093,3.0
3094,6.0
3095,6.0
3096,6.0
3097,6.0
3098,17.0
3099,25.0
3100,35.0
3101,44.0
3102,6.0
3103,63.0
3104,58.0
3105,49.0
3106,48.0
3107,1.0
3108,1.0
3109,0.0
3110,14.0
3111,13.0
3112,10.0
3113,10.0
3114,2.0
3115,10.0
3116,14.0
3117,16.0
3118,12.0
3119,10.0
3120,10.0
3121,10.0
3122,6.0
3123,6.0
3124,8.0
3125,4.0
3126,3.0
3127,3.0
3128,5.0
3129,5.0
3130,5.0
3131,5.0
3132,0.0
3133,2.0
3134,2.0
3135,2.0
3136,0.0
3137,0.0
3138,0.0
3139,0.0
3140,0.0
3141,2.0
3142,2.0
3143,2.0
3144,1.0
3145,1.0
3146,1.0
3147,1.0
3148,3.0
3149,3.0
3150,4.0
3151,5.0
3152,5.0
3153,6.0
3154,19.0
3155,37.0
3156,55.0
3157,72.0
3158,5.0
3159,5.0
3160,75.0
3161,69.0
3162,52.0
3163,39.0
3164,1.0
3165,1.0
3166,13.0
3167,14.0
3168,12.0
3169,10.0
3170,11.0
3171,11.0
3172,14.0
3173,14.0
3174,10.0
3175,9.0
3176,9.0
3177,9.0
3178,6.0
3179,6.0
3180,8.0
3181,3.0
3182,3.0
3183,3.0
3184,4.0
3185,4.0
3186,4.0
3187,4.0
3188,4.0
3189,2.0
3190,2.0
3191,2.0
3192,0.0
3193,0.0
3194,0.0
3195,0.0
3196,3.0
3197,2.0
3198,2.0
3199,2.0
3200,1.0
3201,1.0
3202,1.0
3203,1.0
3204,3.0
3205,4.0
3206,4.0
3207,4.0
3208,5.0
3209,8.0
3210,21.0
3211,45.0
3212,57.0
3213,73.0
3214,79.0
3215,5.0
3216,3.0
3217,13.0
3218,61.0
3219,3.0
3220,4.0
3221,2.0
3222,1.0
3223,14.0
3224,13.0
3225,9.0
3226,10.0
3227,11.0
3228,12.0
3229,14.0
3230,9.0
3231,9.0
3232,9.0
3233,7.0
3234,6.0
3235,6.0
3236,7.0
3237,3.0
3238,3.0
3239,3.0
3240,3.0
3241,4.0
3242,4.0
3243,4.0
3244,4.0
3245,2.0
3246,2.0
3247,1.0
3248,0.0
3249,0.0
3250,0.0
3251,3.0
3252,3.0
3253,2.0
3254,2.0
3255,2.0
3256,3.0
3257,4.0
3258,4.0
3259,4.0
3260,2.0
3261,3.0
3262,4.0
3263,4.0
3264,5.0
3265,9.0
3266,25.0
3267,44.0
3268,56.0
3269,73.0
3270,76.0
3271,82.0
3272,84.0
3273,77.0
3274,62.0
3275,41.0
3276,5.0
3277,3.0
3278,16.0
3279,14.0
3280,13.0
3281,10.0
3282,8.0
3283,10.0
3284,11.0
3285,16.0
3286,14.0
3287,13.0
3288,9.0
3289,8.0
3290,6.0
3291,6.0
3292,3.0
3293,4.0
3294,3.0
3295,4.0
3296,4.0
3297,4.0
3298,4.0
3299,5.0
3300,2.0
3301,2.0
3302,1.0
3303,1.0
3304,2.0
3305,0.0
3306,3.0
3307,3.0
3308,3.0
3309,2.0
3310,3.0
3311,5.0
3312,5.0
3313,0.0
3314,4.0
3315,4.0
3316,4.0
3317,9.0
3318,8.0
3319,8.0
3320,10.0
3321,16.0
3322,34.0
3323,44.0
3324,56.0
3325,5.0
3326,10.0
3327,4.0
3328,5.0
3329,78.0
3330,61.0
3331,44.0
3332,35.0
3333,1.0
3334,16.0
3335,10.0
3336,11.0
3337,11.0
3338,8.0
3339,5.0
3340,11.0
3341,13.0
3342,17.0
3343,16.0
3344,15.0
3345,10.0
3346,9.0
3347,2.0
3348,2.0
3349,4.0
3350,5.0
3351,5.0
3352,6.0
3353,4.0
3354,4.0
3355,3.0
3356,2.0
3357,1.0
3358,1.0
3359,1.0
3360,2.0
3361,2.0
3362,2.0
3363,3.0
3364,1.0
3365,2.0
3366,4.0
3367,5.0
3368,0.0
3369,5.0
3370,5.0
3371,4.0
3372,8.0
3373,9.0
3374,7.0
3375,7.0
3376,10.0
3377,15.0
3378,37.0
3379,43.0
3380,52.0
3381,6.0
3382,16.0
3383,9.0
3384,2.0
3385,75.0
3386,67.0
3387,43.0
3388,35.0
3389,21.0
3390,17.0
3391,11.0
3392,7.0
3393,6.0
3394,3.0
3395,10.0
3396,14.0
3397,14.0
3398,12.0
3399,13.0
3400,13.0
3401,11.0
3402,7.0
3403,2.0
3404,2.0
3405,5.0
3406,6.0
3407,7.0
3408,7.0
3409,6.0
3410,3.0
3411,2.0
3412,2.0
3413,2.0
3414,1.0
3415,1.0
3416,2.0
3417,2.0
3418,2.0
3419,1.0
3420,2.0
3421,2.0
3422,5.0
3423,0.0
3424,5.0
3425,5.0
3426,5.0
3427,6.0
3428,8.0
3429,9.0
3430,8.0
3431,6.0
3432,10.0
3433,15.0
3434,34.0
3435,44.0
3436,47.0
3437,3.0
3438,8.0
3439,3.0
3440,5.0
3441,70.0
3442,63.0
3443,42.0
3444,28.0
3445,18.0
3446,18.0
3447,12.0
3448,10.0
3449,9.0
3450,12.0
3451,15.0
3452,14.0
3453,13.0
3454,13.0
3455,14.0
3456,13.0
3457,13.0
3458,11.0
3459,4.0
3460,3.0
3461,5.0
3462,6.0
3463,6.0
3464,5.0
3465,5.0
3466,4.0
3467,3.0
3468,2.0
3469,2.0
3470,1.0
3471,1.0
3472,1.0
3473,1.0
3474,1.0
3475,1.0
3476,2.0
3477,2.0
3478,0.0
3479,5.0
3480,5.0
3481,5.0
3482,5.0
3483,6.0
3484,8.0
3485,8.0
3486,9.0
3487,8.0
3488,10.0
3489,14.0
3490,28.0
3491,43.0
3492,45.0
3493,48.0
3494,5.0
3495,3.0
3496,60.0
3497,57.0
3498,49.0
3499,30.0
3500,21.0
3501,17.0
3502,17.0
3503,11.0
3504,9.0
3505,8.0
3506,12.0
3507,19.0
3508,17.0
3509,13.0
3510,13.0
3511,14.0
3512,14.0
3513,13.0
3514,12.0
3515,8.0
3516,4.0
3517,6.0
3518,6.0
3519,6.0
3520,5.0
3521,5.0
3522,5.0
3523,4.0
3524,2.0
3525,2.0
3526,1.0
3527,1.0
3528,1.0
3529,1.0
3530,1.0
3531,2.0
3532,2.0
3533,2.0
3534,5.0
3535,5.0
3536,5.0
3537,5.0
3538,5.0
3539,8.0
3540,8.0
3541,8.0
3542,8.0
3543,9.0
3544,10.0
3545,11.0
3546,23.0
3547,34.0
3548,45.0
3549,44.0
3550,47.0
3551,53.0
3552,51.0
3553,43.0
3554,27.0
3555,20.0
3556,14.0
3557,13.0
3558,14.0
3559,11.0
3560,8.0
3561,7.0
3562,13.0
3563,17.0
3564,17.0
3565,15.0
3566,13.0
3567,15.0
3568,16.0
3569,15.0
3570,15.0
3571,10.0
3572,6.0
3573,8.0
3574,7.0
3575,7.0
3576,5.0
3577,5.0
3578,5.0
3579,5.0
3580,4.0
3581,2.0
3582,1.0
3583,1.0
3584,1.0
3585,1.0
3586,1.0
3587,2.0
3588,2.0
3589,2.0
3590,0.0
3591,5.0
3592,5.0
3593,5.0
3594,5.0
3595,6.0
3596,8.0
3597,8.0
3598,9.0
3599,8.0
3600,9.0
3601,11.0
3602,15.0
3603,25.0
3604,27.0
3605,38.0
3606,41.0
3607,38.0
3608,41.0
3609,26.0
3610,16.0
3611,14.0
3612,12.0
3613,14.0
3614,11.0
3615,10.0
3616,7.0
3617,7.0
3618,12.0
3619,17.0
3620,17.0
3621,17.0
3622,15.0
3623,16.0
3624,16.0
3625,17.0
3626,16.0
3627,10.0
3628,7.0
3629,7.0
3630,7.0
3631,6.0
3632,5.0
3633,4.0
3634,4.0
3635,5.0
3636,4.0
3637,3.0
3638,1.0
3639,1.0
3640,1.0
3641,1.0
3642,1.0
3643,1.0
3644,2.0
3645,2.0
3646,3.0
3647,5.0
3648,5.0
3649,5.0
3650,5.0
3651,7.0
3652,9.0
3653,10.0
3654,8.0
3655,8.0
3656,8.0
3657,9.0
3658,10.0
3659,15.0
3660,15.0
3661,20.0
3662,20.0
3663,20.0
3664,15.0
3665,12.0
3666,13.0
3667,8.0
3668,7.0
3669,10.0
3670,10.0
3671,8.0
3672,8.0
3673,7.0
3674,10.0
3675,19.0
3676,17.0
3677,19.0
3678,15.0
3679,15.0
3680,17.0
3681,17.0
3682,16.0
3683,9.0
3684,8.0
3685,6.0
3686,7.0
3687,6.0
3688,5.0
3689,5.0
3690,4.0
3691,4.0
3692,4.0
3693,3.0
3694,3.0
3695,2.0
3696,1.0
3697,1.0
3698,1.0
3699,1.0
3700,2.0
3701,2.0
3702,2.0
3703,5.0
3704,5.0
3705,5.0
3706,6.0
3707,7.0
3708,9.0
3709,9.0
3710,9.0
3711,8.0
3712,8.0
3713,8.0
3714,9.0
3715,8.0
3716,10.0
3717,13.0
3718,12.0
3719,10.0
3720,10.0
3721,7.0
3722,5.0
3723,6.0
3724,6.0
3725,10.0
3726,11.0
3727,10.0
3728,8.0
3729,7.0
3730,11.0
3731,14.0
3732,19.0
3733,19.0
3734,15.0
3735,15.0
3736,17.0
3737,17.0
3738,11.0
3739,7.0
3740,7.0
3741,8.0
3742,6.0
3743,7.0
3744,6.0
3745,6.0
3746,5.0
3747,3.0
3748,3.0
3749,3.0
3750,3.0
3751,3.0
3752,0.0
3753,0.0
3754,2.0
3755,2.0
3756,2.0
3757,2.0
3758,2.0
3759,2.0
3760,3.0
3761,7.0
3762,8.0
3763,7.0
3764,5.0
3765,7.0
3766,8.0
3767,9.0
3768,8.0
3769,9.0
3770,9.0
3771,7.0
3772,7.0
3773,7.0
3774,5.0
3775,4.0
3776,6.0
3777,8.0
3778,6.0
3779,6.0
3780,6.0
3781,13.0
3782,11.0
3783,10.0
3784,9.0
3785,10.0
3786,9.0
3787,11.0
3788,15.0
3789,17.0
3790,15.0
3791,17.0
3792,16.0
3793,11.0
3794,10.0
3795,8.0
3796,10.0
3797,7.0
3798,6.0
3799,6.0
3800,5.0
3801,5.0
3802,5.0
3803,3.0
3804,3.0
3805,3.0
3806,3.0
3807,1.0
3808,0.0
3809,0.0
3810,0.0
3811,2.0
3812,2.0
3813,2.0
3814,1.0
3815,3.0
3816,3.0
3817,4.0
3818,4.0
3819,4.0
3820,5.0
3821,6.0
3822,6.0
3823,7.0
3824,7.0
3825,4.0
3826,5.0
3827,6.0
3828,6.0
3829,6.0
3830,4.0
3831,3.0
3832,4.0
3833,5.0
3834,6.0
3835,5.0
3836,6.0
3837,6.0
3838,10.0
3839,9.0
3840,10.0
3841,10.0
3842,11.0
3843,10.0
3844,11.0
3845,10.0
3846,14.0
3847,14.0
3848,13.0
3849,9.0
3850,9.0
3851,7.0
3852,9.0
3853,9.0
3854,6.0
3855,6.0
3856,5.0
3857,5.0
3858,4.0
3859,3.0
3860,2.0
3861,3.0
3862,3.0
3863,3.0
3864,0.0
3865,0.0
3866,0.0
3867,2.0
3868,2.0
3869,2.0
3870,5.0
3871,5.0
3872,5.0
3873,4.0
3874,5.0
3875,6.0
3876,7.0
3877,7.0
3878,6.0
3879,7.0
3880,8.0
3881,6.0
3882,5.0
3883,5.0
3884,5.0
3885,5.0
3886,3.0
3887,5.0
3888,4.0
3889,5.0
3890,6.0
3891,3.0
3892,4.0
3893,5.0
3894,7.0
3895,10.0
3896,10.0
3897,11.0
3898,11.0
3899,12.0
3900,10.0
3901,11.0
3902,12.0
3903,11.0
3904,12.0
3905,11.0
3906,11.0
3907,12.0
3908,10.0
3909,8.0
3910,8.0
3911,5.0
3912,4.0
3913,3.0
3914,3.0
3915,3.0
3916,3.0
3917,3.0
3918,3.0
3919,3.0
3920,0.0
3921,0.0
3922,2.0
3923,2.0
3924,2.0
3925,5.0
3926,6.0
3927,5.0
3928,7.0
3929,8.0
3930,9.0
3931,7.0
3932,7.0
3933,7.0
3934,8.0
3935,7.0
3936,7.0
3937,7.0
3938,6.0
3939,5.0
3940,4.0
3941,3.0
3942,4.0
3943,5.0
3944,5.0
3945,5.0
3946,5.0
3947,5.0
3948,6.0
3949,6.0
3950,7.0
3951,8.0
3952,9.0
3953,11.0
3954,11.0
3955,13.0
3956,11.0
3957,10.0
3958,11.0
3959,11.0
3960,14.0
3961,14.0
3962,13.0
3963,13.0
3964,13.0
3965,9.0
3966,8.0
3967,7.0
3968,3.0
3969,3.0
3970,2.0
3971,3.0
3972,3.0
3973,3.0
3974,3.0
3975,3.0
3976,0.0
3977,2.0
3978,2.0
3979,2.0
3980,5.0
3981,5.0
3982,6.0
3983,5.0
3984,6.0
3985,8.0
3986,9.0
3987,8.0
3988,7.0
3989,7.0
3990,8.0
3991,7.0
3992,8.0
3993,7.0
3994,7.0
3995,4.0
3996,3.0
3997,4.0
3998,4.0
3999,5.0
4000,5.0
4001,5.0
4002,5.0
4003,5.0
4004,7.0
4005,7.0
4006,7.0
4007,8.0
4008,9.0
4009,9.0
4010,10.0
4011,13.0
4012,13.0
4013,11.0
4014,10.0
4015,14.0
4016,13.0
4017,14.0
4018,14.0
4019,13.0
4020,13.0
4021,10.0
4022,9.0
4023,7.0
4024,5.0
4025,3.0
4026,2.0
4027,3.0
4028,3.0
4029,3.0
4030,3.0
4031,2.0
4032,2.0
4033,2.0
4034,2.0
4035,4.0
4036,5.0
4037,5.0
4038,6.0
4039,6.0
4040,6.0
4041,8.0
4042,10.0
4043,10.0
4044,7.0
4045,7.0
4046,8.0
4047,8.0
4048,7.0
4049,5.0
4050,6.0
4051,4.0
4052,3.0
4053,0.0
4054,1.0
4055,1.0
4056,5.0
4057,5.0
4058,4.0
4059,5.0
4060,9.0
4061,8.0
4062,10.0
4063,9.0
4064,10.0
4065,10.0
4066,12.0
4067,15.0
4068,17.0
4069,12.0
4070,12.0
4071,14.0
4072,16.0
4073,14.0
4074,14.0
4075,11.0
4076,14.0
4077,12.0
4078,10.0
4079,9.0
4080,6.0
4081,4.0
4082,2.0
4083,3.0
4084,3.0
4085,3.0
4086,2.0
4087,0.0
4088,2.0
4089,2.0
4090,2.0
4091,5.0
4092,5.0
4093,5.0
4094,6.0
4095,6.0
4096,6.0
4097,7.0
4098,10.0
4099,10.0
4100,7.0
4101,7.0
4102,8.0
4103,8.0
4104,6.0
4105,5.0
4106,5.0
4107,4.0
4108,5.0
4109,0.0
4110,1.0
4111,6.0
4112,6.0
4113,5.0
4114,4.0
4115,7.0
4116,8.0
4117,8.0
4118,10.0
4119,11.0
4120,13.0
4121,13.0
4122,17.0
4123,16.0
4124,18.0
4125,16.0
4126,14.0
4127,15.0
4128,15.0
4129,15.0
4130,13.0
4131,12.0
4132,12.0
4133,9.0
4134,9.0
4135,7.0
4136,5.0
4137,5.0
4138,3.0
4139,2.0
4140,2.0
4141,2.0
4142,0.0
4143,0.0
4144,2.0
4145,2.0
4146,2.0
4147,5.0
4148,5.0
4149,5.0
4150,4.0
4151,6.0
4152,6.0
4153,6.0
4154,9.0
4155,10.0
4156,7.0
4157,8.0
4158,8.0
4159,8.0
4160,6.0
4161,6.0
4162,6.0
4163,3.0
4164,5.0
4165,6.0
4166,6.0
4167,5.0
4168,5.0
4169,5.0
4170,7.0
4171,6.0
4172,7.0
4173,8.0
4174,11.0
4175,11.0
4176,13.0
4177,15.0
4178,20.0
4179,18.0
4180,19.0
4181,18.0
4182,17.0
4183,19.0
4184,17.0
4185,15.0
4186,14.0
4187,11.0
4188,9.0
4189,9.0
4190,9.0
4191,6.0
4192,5.0
4193,5.0
4194,2.0
4195,2.0
4196,1.0
4197,1.0
4198,1.0
4199,1.0
4200,2.0
4201,2.0
4202,2.0
4203,4.0
4204,5.0
4205,4.0
4206,4.0
4207,6.0
4208,6.0
4209,6.0
4210,7.0
4211,8.0
4212,7.0
4213,7.0
4214,7.0
4215,7.0
4216,5.0
4217,5.0
4218,4.0
4219,3.0
4220,4.0
4221,5.0
4222,5.0
4223,4.0
4224,5.0
4225,6.0
4226,7.0
4227,6.0
4228,6.0
4229,9.0
4230,9.0
4231,11.0
4232,14.0
4233,15.0
4234,15.0
4235,18.0
4236,18.0
4237,18.0
4238,19.0
4239,18.0
4240,17.0
4241,16.0
4242,15.0
4243,12.0
4244,8.0
4245,8.0
4246,7.0
4247,5.0
4248,4.0
4249,4.0
4250,4.0
4251,1.0
4252,1.0
4253,1.0
4254,1.0
4255,1.0
4256,1.0
4257,1.0
4258,1.0
4259,1.0
4260,4.0
4261,4.0
4262,4.0
4263,5.0
4264,5.0
4265,5.0
4266,6.0
4267,7.0
4268,6.0
4269,6.0
4270,5.0
4271,4.0
4272,4.0
4273,4.0
4274,3.0
4275,4.0
4276,3.0
4277,4.0
4278,4.0
4279,5.0
4280,5.0
4281,5.0
4282,6.0
4283,7.0
4284,6.0
4285,6.0
4286,5.0
4287,9.0
4288,12.0
4289,15.0
4290,16.0
4291,21.0
4292,22.0
4293,21.0
4294,22.0
4295,19.0
4296,17.0
4297,15.0
4298,13.0
4299,9.0
4300,8.0
4301,7.0
4302,5.0
4303,6.0
4304,6.0
4305,6.0
4306,4.0
4307,2.0
4308,1.0
4309,1.0
4310,1.0
4311,1.0
4312,1.0
4313,1.0
4314,1.0
4315,1.0
4316,4.0
4317,4.0
4318,4.0
4319,4.0
4320,5.0
4321,5.0
4322,6.0
4323,3.0
4324,5.0
4325,5.0
4326,4.0
4327,3.0
4328,3.0
4329,2.0
4330,2.0
4331,3.0
4332,3.0
4333,2.0
4334,4.0
4335,5.0
4336,5.0
4337,5.0
4338,6.0
4339,6.0
4340,3.0
4341,6.0
4342,6.0
4343,7.0
4344,8.0
4345,15.0
4346,19.0
4347,19.0
4348,21.0
4349,22.0
4350,22.0
4351,20.0
4352,14.0
4353,11.0
4354,10.0
4355,8.0
4356,7.0
4357,6.0
4358,6.0
4359,5.0
4360,6.0
4361,5.0
4362,0.0
4363,3.0
4364,2.0
4365,1.0
4366,1.0
4367,1.0
4368,1.0
4369,1.0
4370,1.0
4371,1.0
4372,1.0
4373,2.0
4374,4.0
4375,4.0
4376,4.0
4377,6.0
4378,3.0
4379,3.0
4380,4.0
4381,3.0
4382,4.0
4383,3.0
4384,3.0
4385,2.0
4386,2.0
4387,3.0
4388,3.0
4389,2.0
4390,3.0
4391,3.0
4392,4.0
4393,6.0
4394,6.0
4395,8.0
4396,6.0
4397,8.0
4398,11.0
4399,12.0
4400,10.0
4401,15.0
4402,19.0
4403,19.0
4404,22.0
4405,21.0
4406,20.0
4407,17.0
4408,13.0
4409,9.0
4410,10.0
4411,9.0
4412,5.0
4413,5.0
4414,5.0
4415,5.0
4416,5.0
4417,0.0
4418,4.0
4419,3.0
4420,2.0
4421,2.0
4422,1.0
4423,1.0
4424,0.0
4425,1.0
4426,1.0
4427,1.0
4428,1.0
4429,1.0
4430,1.0
4431,1.0
4432,2.0
4433,2.0
4434,2.0
4435,2.0
4436,3.0
4437,3.0
4438,3.0
4439,3.0
4440,3.0
4441,3.0
4442,3.0
4443,3.0
4444,3.0
4445,2.0
4446,3.0
4447,3.0
4448,4.0
4449,4.0
4450,6.0
4451,9.0
4452,9.0
4453,12.0
4454,11.0
4455,14.0
4456,18.0
4457,18.0
4458,16.0
4459,19.0
4460,21.0
4461,21.0
4462,24.0
4463,22.0
4464,20.0
4465,11.0
4466,7.0
4467,8.0
4468,6.0
4469,5.0
4470,5.0
4471,5.0
4472,0.0
4473,0.0
4474,3.0
4475,3.0
4476,3.0
4477,2.0
4478,1.0
4479,1.0
4480,0.0
4481,0.0
4482,1.0
4483,0.0
4484,1.0
4485,1.0
4486,1.0
4487,1.0
4488,1.0
4489,2.0
4490,2.0
4491,2.0
4492,4.0
4493,3.0
4494,3.0
4495,3.0
4496,3.0
4497,3.0
4498,3.0
4499,2.0
4500,3.0
4501,2.0
4502,3.0
4503,3.0
4504,4.0
4505,6.0
4506,11.0
4507,12.0
4508,14.0
4509,15.0
4510,15.0
4511,18.0
4512,23.0
4513,19.0
4514,19.0
4515,24.0
4516,32.0
4517,36.0
4518,37.0
4519,32.0
4520,22.0
4521,13.0
4522,10.0
4523,10.0
4524,9.0
4525,8.0
4526,5.0
4527,5.0
4528,5.0
4529,4.0
4530,3.0
4531,3.0
4532,0.0
4533,2.0
4534,1.0
4535,1.0
4536,0.0
4537,0.0
4538,0.0
4539,0.0
4540,0.0
4541,1.0
4542,1.0
4543,1.0
4544,1.0
4545,1.0
4546,3.0
4547,3.0
4548,3.0
4549,3.0
4550,3.0
4551,3.0
4552,0.0
4553,0.0
4554,3.0
4555,3.0
4556,2.0
4557,2.0
4558,3.0
4559,5.0
4560,5.0
4561,9.0
4562,14.0
4563,14.0
4564,14.0
4565,15.0
4566,19.0
4567,21.0
4568,25.0
4569,23.0
4570,27.0
4571,39.0
4572,45.0
4573,44.0
4574,44.0
4575,45.0
4576,38.0
4577,22.0
4578,18.0
4579,13.0
4580,11.0
4581,10.0
4582,8.0
4583,5.0
4584,3.0
4585,3.0
4586,3.0
4587,0.0
4588,0.0
4589,2.0
4590,1.0
4591,1.0
4592,0.0
4593,0.0
4594,0.0
4595,0.0
4596,0.0
4597,1.0
4598,1.0
4599,1.0
4600,2.0
4601,2.0
4602,2.0
4603,4.0
4604,4.0
4605,4.0
4606,3.0
4607,3.0
4608,0.0
4609,0.0
4610,3.0
4611,2.0
4612,1.0
4613,1.0
4614,5.0
4615,6.0
4616,7.0
4617,12.0
4618,13.0
4619,13.0
4620,17.0
4621,20.0
4622,18.0
4623,18.0
4624,23.0
4625,27.0
4626,39.0
4627,44.0
4628,54.0
4629,53.0
4630,55.0
4631,53.0
4632,49.0
4633,41.0
4634,27.0
4635,17.0
4636,12.0
4637,11.0
4638,9.0
4639,6.0
4640,3.0
4641,3.0
4642,3.0
4643,0.0
4644,0.0
4645,2.0
4646,1.0
4647,1.0
4648,0.0
4649,0.0
4650,0.0
4651,0.0
4652,1.0
4653,1.0
4654,1.0
4655,2.0
4656,2.0
4657,2.0
4658,2.0
4659,3.0
4660,4.0
4661,4.0
4662,3.0
4663,2.0
4664,3.0
4665,2.0
4666,2.0
4667,2.0
4668,3.0
4669,4.0
4670,5.0
4671,7.0
4672,8.0
4673,14.0
4674,14.0
4675,15.0
4676,16.0
4677,20.0
4678,19.0
4679,22.0
4680,24.0
4681,40.0
4682,42.0
4683,50.0
4684,56.0
4685,60.0
4686,59.0
4687,60.0
4688,59.0
4689,53.0
4690,30.0
4691,21.0
4692,16.0
4693,12.0
4694,10.0
4695,7.0
4696,6.0
4697,3.0
4698,3.0
4699,3.0
4700,0.0
4701,1.0
4702,1.0
4703,1.0
4704,0.0
4705,0.0
4706,0.0
4707,1.0
4708,1.0
4709,1.0
4710,1.0
4711,2.0
4712,2.0
4713,2.0
4714,2.0
4715,0.0
4716,0.0
4717,4.0
4718,4.0
4719,3.0
4720,2.0
4721,2.0
4722,2.0
4723,5.0
4724,4.0
4725,5.0
4726,6.0
4727,7.0
4728,8.0
4729,13.0
4730,15.0
4731,15.0
4732,18.0
4733,23.0
4734,22.0
4735,23.0
4736,24.0
4737,41.0
4738,47.0
4739,53.0
4740,57.0
4741,63.0
4742,64.0
4743,67.0
4744,66.0
4745,64.0
4746,42.0
4747,24.0
4748,16.0
4749,13.0
4750,9.0
4751,9.0
4752,5.0
4753,3.0
4754,3.0
4755,3.0
4756,1.0
4757,1.0
4758,1.0
4759,0.0
4760,0.0
4761,0.0
4762,1.0
4763,1.0
4764,1.0
4765,1.0
4766,0.0
4767,0.0
4768,2.0
4769,2.0
4770,2.0
4771,2.0
4772,0.0
4773,0.0
4774,4.0
4775,3.0
4776,3.0
4777,3.0
4778,3.0
4779,4.0
4780,4.0
4781,4.0
4782,6.0
4783,6.0
4784,8.0
4785,12.0
4786,16.0
4787,16.0
4788,17.0
4789,24.0
4790,22.0
4791,23.0
4792,28.0
4793,37.0
4794,42.0
4795,59.0
4796,60.0
4797,67.0
4798,65.0
4799,64.0
4800,66.0
4801,61.0
4802,50.0
4803,29.0
4804,15.0
4805,11.0
4806,10.0
4807,8.0
4808,6.0
4809,2.0
4810,2.0
4811,1.0
4812,1.0
4813,1.0
4814,0.0
4815,0.0
4816,0.0
4817,1.0
4818,1.0
4819,1.0
4820,1.0
4821,1.0
4822,0.0
4823,0.0
4824,0.0
4825,2.0
4826,2.0
4827,2.0
4828,0.0
4829,0.0
4830,3.0
4831,3.0
4832,3.0
4833,3.0
4834,4.0
4835,4.0
4836,3.0
4837,4.0
4838,6.0
4839,6.0
4840,7.0
4841,10.0
4842,13.0
4843,16.0
4844,18.0
4845,22.0
4846,21.0
4847,24.0
4848,25.0
4849,27.0
4850,41.0
4851,53.0
4852,63.0
4853,63.0
4854,61.0
4855,63.0
4856,64.0
4857,57.0
4858,49.0
4859,36.0
4860,16.0
4861,12.0
4862,10.0
4863,8.0
4864,5.0
4865,2.0
4866,1.0
4867,1.0
4868,1.0
4869,0.0
4870,0.0
4871,0.0
4872,0.0
4873,0.0
4874,1.0
4875,1.0
4876,1.0
4877,1.0
4878,0.0
4879,0.0
4880,0.0
4881,0.0
4882,2.0
4883,2.0
4884,2.0
4885,2.0
4886,3.0
4887,2.0
4888,3.0
4889,3.0
4890,3.0
4891,3.0
4892,3.0
4893,4.0
4894,6.0
4895,6.0
4896,6.0
4897,8.0
4898,10.0
4899,12.0
4900,15.0
4901,16.0
4902,18.0
4903,21.0
4904,21.0
4905,21.0
4906,39.0
4907,49.0
4908,62.0
4909,58.0
4910,61.0
4911,62.0
4912,60.0
4913,55.0
4914,45.0
4915,32.0
4916,24.0
4917,12.0
4918,9.0
4919,7.0
4920,3.0
4921,1.0
4922,1.0
4923,1.0
4924,0.0
4925,0.0
4926,0.0
4927,0.0
4928,0.0
4929,0.0
4930,0.0
4931,1.0
4932,1.0
4933,1.0
4934,1.0
4935,0.0
4936,0.0
4937,0.0
4938,0.0
4939,2.0
4940,2.0
4941,2.0
4942,2.0
4943,1.0
4944,1.0
4945,2.0
4946,2.0
4947,3.0
4948,3.0
4949,4.0
4950,5.0
4951,6.0
4952,6.0
4953,6.0
4954,8.0
4955,10.0
4956,12.0
4957,11.0
4958,13.0
4959,16.0
4960,16.0
4961,17.0
4962,24.0
4963,45.0
4964,54.0
4965,59.0
4966,57.0
4967,57.0
4968,56.0
4969,45.0
4970,39.0
4971,31.0
4972,20.0
4973,11.0
4974,9.0
4975,6.0
4976,2.0
4977,2.0
4978,1.0
4979,1.0
4980,1.0
4981,0.0
4982,0.0
4983,0.0
4984,0.0
4985,0.0
4986,0.0
4987,0.0
4988,1.0
4989,1.0
4990,1.0
4991,0.0
4992,0.0
4993,0.0
4994,0.0
4995,0.0
4996,2.0
4997,2.0
4998,1.0
4999,1.0
5000,1.0
5001,1.0
5002,1.0
5003,3.0
5004,3.0
5005,4.0
5006,4.0
5007,5.0
5008,6.0
5009,6.0
5010,6.0
5011,4.0
5012,8.0
5013,7.0
5014,7.0
5015,8.0
5016,11.0
5017,14.0
5018,14.0
5019,27.0
5020,45.0
5021,53.0
5022,54.0
5023,47.0
5024,39.0
5025,38.0
5026,32.0
5027,23.0
5028,21.0
5029,13.0
5030,6.0
5031,3.0
5032,2.0
5033,2.0
5034,2.0
5035,1.0
5036,0.0
5037,0.0
5038,0.0
5039,0.0
