Grid_Number,Government_Facilities
0,1.0
1,2.0
2,2.0
3,2.0
4,1.0
5,1.0
6,1.0
7,3.0
8,4.0
9,3.0
10,4.0
11,2.0
12,2.0
13,2.0
14,3.0
15,2.0
16,2.0
17,1.0
18,3.0
19,4.0
20,5.0
21,10.0
22,10.0
23,10.0
24,10.0
25,11.0
26,3.0
27,2.0
28,7.0
29,3.0
30,3.0
31,0.0
32,0.0
33,0.0
34,1.0
35,1.0
36,1.0
37,1.0
38,1.0
39,0.0
40,1.0
41,1.0
42,1.0
43,1.0
44,2.0
45,0.0
46,1.0
47,1.0
48,1.0
49,1.0
50,2.0
51,2.0
52,4.0
53,6.0
54,2.0
55,1.0
56,3.0
57,7.0
58,7.0
59,6.0
60,6.0
61,12.0
62,11.0
63,12.0
64,14.0
65,15.0
66,12.0
67,0.0
68,0.0
69,9.0
70,4.0
71,4.0
72,4.0
73,3.0
74,1.0
75,1.0
76,0.0
77,1.0
78,0.0
79,0.0
80,1.0
81,1.0
82,1.0
83,1.0
84,1.0
85,1.0
86,1.0
87,1.0
88,1.0
89,0.0
90,0.0
91,2.0
92,2.0
93,2.0
94,1.0
95,1.0
96,1.0
97,1.0
98,2.0
99,2.0
100,3.0
101,2.0
102,2.0
103,2.0
104,1.0
105,0.0
106,2.0
107,3.0
108,4.0
109,3.0
110,5.0
111,8.0
112,12.0
113,12.0
114,12.0
115,10.0
116,11.0
117,11.0
118,3.0
119,1.0
120,3.0
121,3.0
122,3.0
123,0.0
124,2.0
125,1.0
126,1.0
127,1.0
128,1.0
129,1.0
130,2.0
131,1.0
132,1.0
133,1.0
134,1.0
135,2.0
136,4.0
137,1.0
138,1.0
139,1.0
140,1.0
141,2.0
142,3.0
143,4.0
144,6.0
145,2.0
146,3.0
147,7.0
148,8.0
149,8.0
150,7.0
151,6.0
152,12.0
153,13.0
154,12.0
155,15.0
156,15.0
157,15.0
158,12.0
159,0.0
160,9.0
161,5.0
162,4.0
163,4.0
164,3.0
165,3.0
166,1.0
167,2.0
168,1.0
169,1.0
170,1.0
171,1.0
172,1.0
173,2.0
174,2.0
175,1.0
176,2.0
177,1.0
178,2.0
179,0.0
180,0.0
181,0.0
182,2.0
183,2.0
184,1.0
185,1.0
186,1.0
187,1.0
188,8.0
189,2.0
190,6.0
191,4.0
192,2.0
193,2.0
194,1.0
195,0.0
196,3.0
197,3.0
198,4.0
199,4.0
200,3.0
201,7.0
202,13.0
203,13.0
204,17.0
205,17.0
206,17.0
207,13.0
208,11.0
209,10.0
210,2.0
211,3.0
212,3.0
213,3.0
214,3.0
215,1.0
216,1.0
217,1.0
218,1.0
219,1.0
220,2.0
221,2.0
222,2.0
223,1.0
224,1.0
225,1.0
226,2.0
227,2.0
228,4.0
229,1.0
230,1.0
231,1.0
232,3.0
233,3.0
234,4.0
235,6.0
236,2.0
237,3.0
238,4.0
239,8.0
240,8.0
241,7.0
242,8.0
243,14.0
244,14.0
245,13.0
246,5.0
247,5.0
248,15.0
249,15.0
250,12.0
251,9.0
252,5.0
253,4.0
254,4.0
255,3.0
256,2.0
257,2.0
258,2.0
259,2.0
260,1.0
261,1.0
262,1.0
263,2.0
264,2.0
265,2.0
266,3.0
267,1.0
268,2.0
269,2.0
270,2.0
271,0.0
272,0.0
273,2.0
274,4.0
275,5.0
276,1.0
277,1.0
278,8.0
279,9.0
280,9.0
281,8.0
282,5.0
283,2.0
284,2.0
285,1.0
286,3.0
287,4.0
288,4.0
289,4.0
290,4.0
291,6.0
292,8.0
293,13.0
294,17.0
295,17.0
296,17.0
297,17.0
298,17.0
299,17.0
300,10.0
301,9.0
302,4.0
303,3.0
304,3.0
305,2.0
306,1.0
307,2.0
308,2.0
309,0.0
310,1.0
311,2.0
312,2.0
313,2.0
314,2.0
315,1.0
316,1.0
317,1.0
318,2.0
319,3.0
320,4.0
321,1.0
322,1.0
323,2.0
324,3.0
325,7.0
326,6.0
327,2.0
328,4.0
329,2.0
330,4.0
331,8.0
332,7.0
333,9.0
334,15.0
335,14.0
336,13.0
337,16.0
338,5.0
339,5.0
340,12.0
341,9.0
342,9.0
343,5.0
344,4.0
345,4.0
346,2.0
347,3.0
348,3.0
349,2.0
350,1.0
351,1.0
352,1.0
353,2.0
354,2.0
355,2.0
356,3.0
357,3.0
358,2.0
359,2.0
360,2.0
361,2.0
362,2.0
363,0.0
364,2.0
365,3.0
366,3.0
367,5.0
368,8.0
369,8.0
370,9.0
371,8.0
372,5.0
373,5.0
374,2.0
375,1.0
376,1.0
377,2.0
378,5.0
379,4.0
380,4.0
381,4.0
382,6.0
383,8.0
384,16.0
385,17.0
386,17.0
387,17.0
388,17.0
389,19.0
390,20.0
391,11.0
392,9.0
393,4.0
394,4.0
395,2.0
396,1.0
397,2.0
398,3.0
399,0.0
400,1.0
401,1.0
402,1.0
403,2.0
404,2.0
405,2.0
406,2.0
407,1.0
408,1.0
409,2.0
410,2.0
411,3.0
412,4.0
413,1.0
414,4.0
415,5.0
416,6.0
417,5.0
418,2.0
419,2.0
420,2.0
421,2.0
422,7.0
423,7.0
424,7.0
425,8.0
426,14.0
427,13.0
428,15.0
429,16.0
430,2.0
431,10.0
432,9.0
433,9.0
434,5.0
435,4.0
436,1.0
437,3.0
438,3.0
439,2.0
440,2.0
441,2.0
442,1.0
443,2.0
444,2.0
445,3.0
446,2.0
447,2.0
448,3.0
449,3.0
450,3.0
451,2.0
452,2.0
453,2.0
454,2.0
455,2.0
456,3.0
457,3.0
458,4.0
459,5.0
460,5.0
461,5.0
462,5.0
463,5.0
464,5.0
465,2.0
466,2.0
467,2.0
468,5.0
469,5.0
470,4.0
471,4.0
472,4.0
473,6.0
474,9.0
475,12.0
476,17.0
477,10.0
478,18.0
479,20.0
480,20.0
481,19.0
482,12.0
483,9.0
484,4.0
485,3.0
486,3.0
487,2.0
488,3.0
489,3.0
490,4.0
491,1.0
492,1.0
493,1.0
494,1.0
495,2.0
496,3.0
497,2.0
498,2.0
499,1.0
500,1.0
501,2.0
502,2.0
503,3.0
504,4.0
505,4.0
506,3.0
507,5.0
508,6.0
509,7.0
510,4.0
511,2.0
512,5.0
513,5.0
514,8.0
515,9.0
516,10.0
517,15.0
518,16.0
519,15.0
520,13.0
521,11.0
522,10.0
523,12.0
524,5.0
525,5.0
526,2.0
527,3.0
528,3.0
529,1.0
530,2.0
531,2.0
532,2.0
533,0.0
534,0.0
535,2.0
536,3.0
537,4.0
538,2.0
539,2.0
540,3.0
541,3.0
542,3.0
543,2.0
544,2.0
545,2.0
546,2.0
547,3.0
548,4.0
549,4.0
550,4.0
551,5.0
552,5.0
553,7.0
554,6.0
555,6.0
556,5.0
557,2.0
558,2.0
559,5.0
560,6.0
561,6.0
562,6.0
563,6.0
564,8.0
565,12.0
566,15.0
567,13.0
568,19.0
569,20.0
570,20.0
571,20.0
572,19.0
573,15.0
574,6.0
575,3.0
576,3.0
577,3.0
578,3.0
579,3.0
580,4.0
581,4.0
582,4.0
583,1.0
584,0.0
585,0.0
586,2.0
587,2.0
588,3.0
589,3.0
590,3.0
591,2.0
592,2.0
593,2.0
594,1.0
595,1.0
596,3.0
597,3.0
598,3.0
599,5.0
600,6.0
601,6.0
602,7.0
603,5.0
604,7.0
605,8.0
606,10.0
607,9.0
608,8.0
609,8.0
610,16.0
611,12.0
612,10.0
613,10.0
614,5.0
615,5.0
616,2.0
617,3.0
618,3.0
619,3.0
620,2.0
621,2.0
622,2.0
623,0.0
624,0.0
625,0.0
626,0.0
627,2.0
628,3.0
629,4.0
630,2.0
631,3.0
632,2.0
633,1.0
634,1.0
635,0.0
636,2.0
637,3.0
638,5.0
639,5.0
640,5.0
641,10.0
642,16.0
643,21.0
644,14.0
645,13.0
646,6.0
647,5.0
648,5.0
649,2.0
650,3.0
651,5.0
652,6.0
653,6.0
654,5.0
655,11.0
656,15.0
657,15.0
658,15.0
659,21.0
660,23.0
661,20.0
662,20.0
663,19.0
664,12.0
665,6.0
666,6.0
667,4.0
668,2.0
669,3.0
670,4.0
671,4.0
672,4.0
673,4.0
674,3.0
675,0.0
676,3.0
677,3.0
678,2.0
679,3.0
680,5.0
681,4.0
682,4.0
683,3.0
684,3.0
685,2.0
686,2.0
687,2.0
688,3.0
689,4.0
690,4.0
691,6.0
692,6.0
693,6.0
694,8.0
695,9.0
696,1.0
697,3.0
698,8.0
699,8.0
700,7.0
701,7.0
702,5.0
703,5.0
704,5.0
705,4.0
706,3.0
707,3.0
708,3.0
709,2.0
710,2.0
711,2.0
712,2.0
713,2.0
714,0.0
715,0.0
716,0.0
717,0.0
718,3.0
719,3.0
720,3.0
721,5.0
722,3.0
723,2.0
724,2.0
725,1.0
726,1.0
727,0.0
728,5.0
729,5.0
730,7.0
731,12.0
732,21.0
733,21.0
734,21.0
735,21.0
736,7.0
737,20.0
738,9.0
739,5.0
740,5.0
741,5.0
742,5.0
743,5.0
744,5.0
745,8.0
746,11.0
747,15.0
748,16.0
749,17.0
750,18.0
751,19.0
752,16.0
753,15.0
754,14.0
755,12.0
756,7.0
757,4.0
758,6.0
759,2.0
760,4.0
761,6.0
762,1.0
763,1.0
764,0.0
765,3.0
766,3.0
767,3.0
768,3.0
769,3.0
770,6.0
771,6.0
772,5.0
773,1.0
774,4.0
775,3.0
776,5.0
777,3.0
778,3.0
779,3.0
780,6.0
781,6.0
782,6.0
783,9.0
784,7.0
785,7.0
786,9.0
787,10.0
788,4.0
789,3.0
790,7.0
791,7.0
792,7.0
793,4.0
794,4.0
795,4.0
796,2.0
797,4.0
798,4.0
799,3.0
800,2.0
801,2.0
802,2.0
803,2.0
804,2.0
805,0.0
806,0.0
807,0.0
808,1.0
809,1.0
810,3.0
811,3.0
812,4.0
813,5.0
814,2.0
815,2.0
816,2.0
817,2.0
818,2.0
819,5.0
820,5.0
821,13.0
822,18.0
823,23.0
824,15.0
825,22.0
826,22.0
827,21.0
828,21.0
829,14.0
830,4.0
831,6.0
832,5.0
833,4.0
834,4.0
835,4.0
836,8.0
837,9.0
838,14.0
839,19.0
840,17.0
841,18.0
842,18.0
843,18.0
844,17.0
845,13.0
846,13.0
847,5.0
848,6.0
849,6.0
850,0.0
851,6.0
852,6.0
853,6.0
854,1.0
855,0.0
856,5.0
857,3.0
858,3.0
859,2.0
860,6.0
861,6.0
862,6.0
863,5.0
864,5.0
865,4.0
866,6.0
867,5.0
868,3.0
869,3.0
870,8.0
871,6.0
872,6.0
873,6.0
874,7.0
875,7.0
876,11.0
877,9.0
878,9.0
879,10.0
880,1.0
881,6.0
882,8.0
883,7.0
884,6.0
885,4.0
886,2.0
887,4.0
888,4.0
889,4.0
890,2.0
891,2.0
892,3.0
893,2.0
894,2.0
895,2.0
896,0.0
897,0.0
898,1.0
899,1.0
900,1.0
901,3.0
902,2.0
903,2.0
904,4.0
905,4.0
906,2.0
907,2.0
908,2.0
909,1.0
910,5.0
911,6.0
912,13.0
913,22.0
914,23.0
915,16.0
916,15.0
917,14.0
918,21.0
919,21.0
920,13.0
921,10.0
922,6.0
923,5.0
924,5.0
925,4.0
926,7.0
927,8.0
928,9.0
929,10.0
930,17.0
931,18.0
932,19.0
933,18.0
934,18.0
935,13.0
936,13.0
937,7.0
938,7.0
939,7.0
940,0.0
941,5.0
942,6.0
943,6.0
944,6.0
945,5.0
946,5.0
947,5.0
948,3.0
949,4.0
950,5.0
951,7.0
952,7.0
953,7.0
954,5.0
955,5.0
956,6.0
957,6.0
958,6.0
959,5.0
960,8.0
961,8.0
962,6.0
963,7.0
964,6.0
965,6.0
966,7.0
967,2.0
968,9.0
969,9.0
970,8.0
971,6.0
972,8.0
973,8.0
974,8.0
975,6.0
976,5.0
977,2.0
978,2.0
979,4.0
980,3.0
981,2.0
982,2.0
983,0.0
984,2.0
985,2.0
986,2.0
987,3.0
988,1.0
989,1.0
990,1.0
991,3.0
992,3.0
993,2.0
994,2.0
995,2.0
996,3.0
997,4.0
998,4.0
999,1.0
1000,1.0
1001,6.0
1002,6.0
1003,15.0
1004,22.0
1005,24.0
1006,24.0
1007,16.0
1008,15.0
1009,14.0
1010,22.0
1011,21.0
1012,12.0
1013,7.0
1014,5.0
1015,5.0
1016,5.0
1017,8.0
1018,9.0
1019,9.0
1020,10.0
1021,11.0
1022,15.0
1023,15.0
1024,18.0
1025,17.0
1026,14.0
1027,8.0
1028,9.0
1029,8.0
1030,0.0
1031,6.0
1032,5.0
1033,5.0
1034,6.0
1035,6.0
1036,5.0
1037,5.0
1038,3.0
1039,3.0
1040,5.0
1041,5.0
1042,7.0
1043,6.0
1044,6.0
1045,8.0
1046,5.0
1047,6.0
1048,6.0
1049,5.0
1050,6.0
1051,8.0
1052,8.0
1053,9.0
1054,7.0
1055,6.0
1056,6.0
1057,7.0
1058,10.0
1059,10.0
1060,6.0
1061,5.0
1062,7.0
1063,8.0
1064,8.0
1065,8.0
1066,4.0
1067,4.0
1068,4.0
1069,2.0
1070,1.0
1071,3.0
1072,2.0
1073,2.0
1074,0.0
1075,1.0
1076,2.0
1077,2.0
1078,2.0
1079,4.0
1080,1.0
1081,1.0
1082,3.0
1083,3.0
1084,2.0
1085,2.0
1086,1.0
1087,1.0
1088,3.0
1089,3.0
1090,3.0
1091,3.0
1092,6.0
1093,6.0
1094,15.0
1095,23.0
1096,15.0
1097,24.0
1098,24.0
1099,15.0
1100,14.0
1101,14.0
1102,20.0
1103,12.0
1104,5.0
1105,5.0
1106,5.0
1107,5.0
1108,8.0
1109,9.0
1110,9.0
1111,9.0
1112,11.0
1113,10.0
1114,11.0
1115,14.0
1116,13.0
1117,8.0
1118,10.0
1119,10.0
1120,8.0
1121,7.0
1122,5.0
1123,5.0
1124,5.0
1125,5.0
1126,6.0
1127,6.0
1128,2.0
1129,3.0
1130,7.0
1131,5.0
1132,4.0
1133,10.0
1134,10.0
1135,7.0
1136,9.0
1137,9.0
1138,6.0
1139,6.0
1140,6.0
1141,5.0
1142,8.0
1143,9.0
1144,9.0
1145,7.0
1146,6.0
1147,6.0
1148,7.0
1149,8.0
1150,8.0
1151,6.0
1152,7.0
1153,7.0
1154,8.0
1155,9.0
1156,9.0
1157,8.0
1158,5.0
1159,4.0
1160,4.0
1161,2.0
1162,0.0
1163,2.0
1164,2.0
1165,3.0
1166,1.0
1167,3.0
1168,2.0
1169,3.0
1170,4.0
1171,4.0
1172,1.0
1173,3.0
1174,3.0
1175,3.0
1176,1.0
1177,1.0
1178,1.0
1179,0.0
1180,2.0
1181,3.0
1182,2.0
1183,6.0
1184,6.0
1185,14.0
1186,23.0
1187,15.0
1188,24.0
1189,24.0
1190,16.0
1191,8.0
1192,22.0
1193,18.0
1194,11.0
1195,4.0
1196,5.0
1197,5.0
1198,6.0
1199,6.0
1200,9.0
1201,9.0
1202,9.0
1203,11.0
1204,11.0
1205,11.0
1206,11.0
1207,11.0
1208,10.0
1209,10.0
1210,9.0
1211,9.0
1212,7.0
1213,5.0
1214,5.0
1215,5.0
1216,5.0
1217,5.0
1218,5.0
1219,4.0
1220,7.0
1221,7.0
1222,3.0
1223,9.0
1224,11.0
1225,11.0
1226,11.0
1227,13.0
1228,12.0
1229,8.0
1230,6.0
1231,6.0
1232,8.0
1233,6.0
1234,9.0
1235,9.0
1236,3.0
1237,6.0
1238,6.0
1239,5.0
1240,6.0
1241,8.0
1242,7.0
1243,7.0
1244,9.0
1245,9.0
1246,9.0
1247,7.0
1248,8.0
1249,6.0
1250,6.0
1251,4.0
1252,4.0
1253,1.0
1254,0.0
1255,3.0
1256,3.0
1257,1.0
1258,3.0
1259,3.0
1260,3.0
1261,3.0
1262,3.0
1263,3.0
1264,3.0
1265,3.0
1266,2.0
1267,1.0
1268,3.0
1269,2.0
1270,0.0
1271,0.0
1272,2.0
1273,2.0
1274,6.0
1275,6.0
1276,10.0
1277,23.0
1278,25.0
1279,26.0
1280,8.0
1281,16.0
1282,16.0
1283,22.0
1284,15.0
1285,9.0
1286,4.0
1287,3.0
1288,5.0
1289,6.0
1290,6.0
1291,8.0
1292,2.0
1293,9.0
1294,8.0
1295,10.0
1296,11.0
1297,12.0
1298,4.0
1299,4.0
1300,10.0
1301,9.0
1302,9.0
1303,6.0
1304,5.0
1305,5.0
1306,5.0
1307,4.0
1308,5.0
1309,5.0
1310,5.0
1311,7.0
1312,7.0
1313,9.0
1314,9.0
1315,9.0
1316,11.0
1317,10.0
1318,10.0
1319,11.0
1320,11.0
1321,6.0
1322,5.0
1323,6.0
1324,9.0
1325,7.0
1326,3.0
1327,3.0
1328,8.0
1329,8.0
1330,9.0
1331,7.0
1332,7.0
1333,7.0
1334,9.0
1335,9.0
1336,7.0
1337,7.0
1338,7.0
1339,8.0
1340,6.0
1341,6.0
1342,4.0
1343,4.0
1344,4.0
1345,1.0
1346,1.0
1347,3.0
1348,2.0
1349,2.0
1350,2.0
1351,2.0
1352,2.0
1353,2.0
1354,2.0
1355,2.0
1356,2.0
1357,2.0
1358,2.0
1359,2.0
1360,2.0
1361,2.0
1362,0.0
1363,0.0
1364,2.0
1365,1.0
1366,6.0
1367,9.0
1368,15.0
1369,24.0
1370,25.0
1371,18.0
1372,18.0
1373,22.0
1374,16.0
1375,14.0
1376,6.0
1377,6.0
1378,5.0
1379,3.0
1380,6.0
1381,7.0
1382,7.0
1383,8.0
1384,7.0
1385,7.0
1386,9.0
1387,11.0
1388,10.0
1389,7.0
1390,8.0
1391,8.0
1392,10.0
1393,5.0
1394,7.0
1395,3.0
1396,5.0
1397,5.0
1398,3.0
1399,2.0
1400,5.0
1401,5.0
1402,6.0
1403,7.0
1404,9.0
1405,9.0
1406,9.0
1407,9.0
1408,9.0
1409,8.0
1410,10.0
1411,10.0
1412,7.0
1413,4.0
1414,4.0
1415,7.0
1416,9.0
1417,0.0
1418,2.0
1419,9.0
1420,8.0
1421,8.0
1422,9.0
1423,4.0
1424,5.0
1425,7.0
1426,5.0
1427,5.0
1428,5.0
1429,8.0
1430,8.0
1431,6.0
1432,4.0
1433,5.0
1434,4.0
1435,4.0
1436,4.0
1437,1.0
1438,0.0
1439,3.0
1440,3.0
1441,3.0
1442,3.0
1443,3.0
1444,1.0
1445,2.0
1446,2.0
1447,2.0
1448,2.0
1449,1.0
1450,1.0
1451,2.0
1452,2.0
1453,2.0
1454,1.0
1455,1.0
1456,3.0
1457,8.0
1458,8.0
1459,8.0
1460,10.0
1461,23.0
1462,23.0
1463,14.0
1464,17.0
1465,12.0
1466,7.0
1467,6.0
1468,5.0
1469,6.0
1470,8.0
1471,6.0
1472,6.0
1473,6.0
1474,5.0
1475,5.0
1476,4.0
1477,7.0
1478,7.0
1479,7.0
1480,7.0
1481,7.0
1482,7.0
1483,2.0
1484,5.0
1485,4.0
1486,3.0
1487,5.0
1488,1.0
1489,1.0
1490,5.0
1491,5.0
1492,5.0
1493,6.0
1494,4.0
1495,11.0
1496,11.0
1497,11.0
1498,8.0
1499,6.0
1500,7.0
1501,9.0
1502,9.0
1503,8.0
1504,4.0
1505,4.0
1506,7.0
1507,10.0
1508,10.0
1509,5.0
1510,7.0
1511,9.0
1512,8.0
1513,3.0
1514,4.0
1515,4.0
1516,4.0
1517,4.0
1518,4.0
1519,4.0
1520,6.0
1521,8.0
1522,8.0
1523,6.0
1524,0.0
1525,6.0
1526,6.0
1527,4.0
1528,5.0
1529,3.0
1530,3.0
1531,1.0
1532,1.0
1533,1.0
1534,3.0
1535,3.0
1536,1.0
1537,2.0
1538,2.0
1539,1.0
1540,1.0
1541,1.0
1542,1.0
1543,1.0
1544,1.0
1545,1.0
1546,1.0
1547,3.0
1548,7.0
1549,8.0
1550,10.0
1551,8.0
1552,8.0
1553,8.0
1554,7.0
1555,9.0
1556,8.0
1557,8.0
1558,5.0
1559,7.0
1560,7.0
1561,8.0
1562,8.0
1563,7.0
1564,7.0
1565,6.0
1566,5.0
1567,5.0
1568,6.0
1569,7.0
1570,6.0
1571,6.0
1572,6.0
1573,2.0
1574,5.0
1575,5.0
1576,4.0
1577,4.0
1578,4.0
1579,3.0
1580,1.0
1581,5.0
1582,5.0
1583,5.0
1584,4.0
1585,4.0
1586,11.0
1587,5.0
1588,5.0
1589,9.0
1590,6.0
1591,6.0
1592,8.0
1593,8.0
1594,9.0
1595,4.0
1596,4.0
1597,5.0
1598,6.0
1599,3.0
1600,5.0
1601,5.0
1602,9.0
1603,4.0
1604,3.0
1605,3.0
1606,3.0
1607,4.0
1608,5.0
1609,7.0
1610,7.0
1611,7.0
1612,0.0
1613,8.0
1614,8.0
1615,8.0
1616,6.0
1617,6.0
1618,6.0
1619,4.0
1620,4.0
1621,4.0
1622,4.0
1623,2.0
1624,1.0
1625,1.0
1626,2.0
1627,2.0
1628,3.0
1629,1.0
1630,1.0
1631,2.0
1632,2.0
1633,2.0
1634,2.0
1635,1.0
1636,1.0
1637,1.0
1638,7.0
1639,9.0
1640,7.0
1641,8.0
1642,11.0
1643,10.0
1644,7.0
1645,7.0
1646,9.0
1647,7.0
1648,6.0
1649,7.0
1650,8.0
1651,8.0
1652,9.0
1653,9.0
1654,6.0
1655,7.0
1656,7.0
1657,6.0
1658,6.0
1659,7.0
1660,6.0
1661,6.0
1662,6.0
1663,5.0
1664,5.0
1665,5.0
1666,5.0
1667,5.0
1668,4.0
1669,4.0
1670,4.0
1671,4.0
1672,3.0
1673,3.0
1674,4.0
1675,4.0
1676,5.0
1677,2.0
1678,2.0
1679,3.0
1680,3.0
1681,9.0
1682,8.0
1683,8.0
1684,10.0
1685,4.0
1686,3.0
1687,4.0
1688,4.0
1689,2.0
1690,2.0
1691,2.0
1692,2.0
1693,2.0
1694,4.0
1695,4.0
1696,3.0
1697,3.0
1698,7.0
1699,7.0
1700,7.0
1701,7.0
1702,5.0
1703,0.0
1704,0.0
1705,8.0
1706,8.0
1707,5.0
1708,5.0
1709,6.0
1710,6.0
1711,3.0
1712,4.0
1713,5.0
1714,5.0
1715,2.0
1716,0.0
1717,2.0
1718,2.0
1719,2.0
1720,2.0
1721,2.0
1722,3.0
1723,4.0
1724,3.0
1725,3.0
1726,3.0
1727,1.0
1728,1.0
1729,4.0
1730,9.0
1731,9.0
1732,9.0
1733,10.0
1734,10.0
1735,10.0
1736,10.0
1737,9.0
1738,6.0
1739,6.0
1740,9.0
1741,9.0
1742,12.0
1743,14.0
1744,18.0
1745,14.0
1746,11.0
1747,8.0
1748,6.0
1749,5.0
1750,6.0
1751,6.0
1752,6.0
1753,6.0
1754,6.0
1755,5.0
1756,1.0
1757,5.0
1758,4.0
1759,3.0
1760,4.0
1761,4.0
1762,4.0
1763,2.0
1764,4.0
1765,4.0
1766,4.0
1767,4.0
1768,9.0
1769,0.0
1770,0.0
1771,2.0
1772,2.0
1773,8.0
1774,10.0
1775,8.0
1776,3.0
1777,3.0
1778,4.0
1779,2.0
1780,2.0
1781,2.0
1782,2.0
1783,2.0
1784,2.0
1785,2.0
1786,4.0
1787,3.0
1788,3.0
1789,6.0
1790,7.0
1791,7.0
1792,5.0
1793,0.0
1794,0.0
1795,7.0
1796,7.0
1797,5.0
1798,5.0
1799,6.0
1800,6.0
1801,5.0
1802,3.0
1803,5.0
1804,5.0
1805,5.0
1806,5.0
1807,1.0
1808,2.0
1809,2.0
1810,2.0
1811,3.0
1812,3.0
1813,4.0
1814,4.0
1815,4.0
1816,3.0
1817,0.0
1818,0.0
1819,1.0
1820,2.0
1821,4.0
1822,9.0
1823,9.0
1824,9.0
1825,9.0
1826,10.0
1827,10.0
1828,8.0
1829,6.0
1830,7.0
1831,9.0
1832,23.0
1833,32.0
1834,38.0
1835,40.0
1836,28.0
1837,23.0
1838,18.0
1839,8.0
1840,5.0
1841,6.0
1842,5.0
1843,4.0
1844,4.0
1845,6.0
1846,5.0
1847,5.0
1848,4.0
1849,3.0
1850,3.0
1851,4.0
1852,4.0
1853,2.0
1854,2.0
1855,3.0
1856,4.0
1857,2.0
1858,4.0
1859,5.0
1860,9.0
1861,3.0
1862,3.0
1863,2.0
1864,4.0
1865,10.0
1866,5.0
1867,3.0
1868,3.0
1869,2.0
1870,2.0
1871,3.0
1872,3.0
1873,3.0
1874,3.0
1875,2.0
1876,1.0
1877,1.0
1878,3.0
1879,4.0
1880,4.0
1881,7.0
1882,7.0
1883,5.0
1884,0.0
1885,7.0
1886,7.0
1887,7.0
1888,5.0
1889,5.0
1890,6.0
1891,5.0
1892,5.0
1893,4.0
1894,5.0
1895,5.0
1896,5.0
1897,5.0
1898,5.0
1899,3.0
1900,2.0
1901,3.0
1902,4.0
1903,4.0
1904,4.0
1905,4.0
1906,4.0
1907,4.0
1908,0.0
1909,0.0
1910,1.0
1911,5.0
1912,5.0
1913,9.0
1914,9.0
1915,9.0
1916,10.0
1917,10.0
1918,9.0
1919,8.0
1920,7.0
1921,8.0
1922,27.0
1923,36.0
1924,32.0
1925,48.0
1926,49.0
1927,43.0
1928,28.0
1929,28.0
1930,19.0
1931,7.0
1932,6.0
1933,5.0
1934,3.0
1935,3.0
1936,5.0
1937,4.0
1938,4.0
1939,4.0
1940,3.0
1941,4.0
1942,4.0
1943,2.0
1944,2.0
1945,3.0
1946,3.0
1947,1.0
1948,1.0
1949,2.0
1950,4.0
1951,5.0
1952,8.0
1953,9.0
1954,8.0
1955,8.0
1956,4.0
1957,3.0
1958,3.0
1959,3.0
1960,2.0
1961,2.0
1962,2.0
1963,4.0
1964,4.0
1965,4.0
1966,2.0
1967,2.0
1968,1.0
1969,2.0
1970,4.0
1971,4.0
1972,5.0
1973,4.0
1974,5.0
1975,7.0
1976,7.0
1977,6.0
1978,6.0
1979,5.0
1980,5.0
1981,5.0
1982,5.0
1983,6.0
1984,4.0
1985,8.0
1986,8.0
1987,8.0
1988,5.0
1989,5.0
1990,4.0
1991,3.0
1992,3.0
1993,5.0
1994,4.0
1995,4.0
1996,4.0
1997,4.0
1998,4.0
1999,1.0
2000,0.0
2001,2.0
2002,3.0
2003,5.0
2004,5.0
2005,7.0
2006,9.0
2007,10.0
2008,8.0
2009,10.0
2010,6.0
2011,7.0
2012,23.0
2013,32.0
2014,43.0
2015,16.0
2016,40.0
2017,39.0
2018,48.0
2019,42.0
2020,29.0
2021,23.0
2022,9.0
2023,4.0
2024,5.0
2025,5.0
2026,5.0
2027,5.0
2028,4.0
2029,5.0
2030,4.0
2031,5.0
2032,5.0
2033,3.0
2034,2.0
2035,2.0
2036,3.0
2037,0.0
2038,1.0
2039,2.0
2040,4.0
2041,4.0
2042,4.0
2043,4.0
2044,5.0
2045,4.0
2046,3.0
2047,3.0
2048,3.0
2049,4.0
2050,3.0
2051,2.0
2052,2.0
2053,0.0
2054,0.0
2055,4.0
2056,0.0
2057,3.0
2058,2.0
2059,3.0
2060,2.0
2061,3.0
2062,4.0
2063,4.0
2064,4.0
2065,5.0
2066,7.0
2067,6.0
2068,6.0
2069,6.0
2070,5.0
2071,3.0
2072,4.0
2073,6.0
2074,7.0
2075,9.0
2076,14.0
2077,11.0
2078,14.0
2079,14.0
2080,8.0
2081,5.0
2082,5.0
2083,8.0
2084,7.0
2085,6.0
2086,5.0
2087,5.0
2088,3.0
2089,4.0
2090,4.0
2091,4.0
2092,2.0
2093,3.0
2094,3.0
2095,3.0
2096,7.0
2097,9.0
2098,8.0
2099,10.0
2100,8.0
2101,4.0
2102,8.0
2103,28.0
2104,35.0
2105,50.0
2106,11.0
2107,40.0
2108,38.0
2109,48.0
2110,47.0
2111,17.0
2112,26.0
2113,16.0
2114,6.0
2115,4.0
2116,5.0
2117,5.0
2118,0.0
2119,3.0
2120,5.0
2121,5.0
2122,4.0
2123,3.0
2124,3.0
2125,1.0
2126,2.0
2127,1.0
2128,1.0
2129,2.0
2130,4.0
2131,4.0
2132,4.0
2133,3.0
2134,4.0
2135,4.0
2136,3.0
2137,3.0
2138,3.0
2139,2.0
2140,3.0
2141,3.0
2142,3.0
2143,0.0
2144,0.0
2145,0.0
2146,0.0
2147,0.0
2148,0.0
2149,2.0
2150,3.0
2151,2.0
2152,2.0
2153,2.0
2154,4.0
2155,4.0
2156,4.0
2157,4.0
2158,6.0
2159,6.0
2160,6.0
2161,3.0
2162,4.0
2163,5.0
2164,6.0
2165,11.0
2166,10.0
2167,10.0
2168,11.0
2169,11.0
2170,11.0
2171,13.0
2172,6.0
2173,7.0
2174,8.0
2175,7.0
2176,6.0
2177,5.0
2178,5.0
2179,5.0
2180,3.0
2181,3.0
2182,4.0
2183,3.0
2184,3.0
2185,3.0
2186,5.0
2187,5.0
2188,5.0
2189,7.0
2190,8.0
2191,5.0
2192,4.0
2193,15.0
2194,28.0
2195,37.0
2196,33.0
2197,11.0
2198,49.0
2199,38.0
2200,38.0
2201,47.0
2202,18.0
2203,25.0
2204,17.0
2205,6.0
2206,4.0
2207,4.0
2208,0.0
2209,0.0
2210,1.0
2211,5.0
2212,5.0
2213,3.0
2214,0.0
2215,3.0
2216,3.0
2217,1.0
2218,1.0
2219,1.0
2220,4.0
2221,4.0
2222,6.0
2223,2.0
2224,0.0
2225,6.0
2226,4.0
2227,3.0
2228,3.0
2229,2.0
2230,1.0
2231,2.0
2232,3.0
2233,3.0
2234,1.0
2235,0.0
2236,0.0
2237,0.0
2238,0.0
2239,0.0
2240,3.0
2241,3.0
2242,3.0
2243,1.0
2244,2.0
2245,2.0
2246,4.0
2247,4.0
2248,6.0
2249,8.0
2250,8.0
2251,0.0
2252,5.0
2253,5.0
2254,5.0
2255,10.0
2256,10.0
2257,10.0
2258,10.0
2259,10.0
2260,11.0
2261,11.0
2262,14.0
2263,18.0
2264,7.0
2265,6.0
2266,9.0
2267,7.0
2268,0.0
2269,5.0
2270,5.0
2271,3.0
2272,3.0
2273,4.0
2274,2.0
2275,2.0
2276,5.0
2277,5.0
2278,5.0
2279,5.0
2280,8.0
2281,8.0
2282,5.0
2283,5.0
2284,17.0
2285,25.0
2286,34.0
2287,47.0
2288,48.0
2289,48.0
2290,49.0
2291,25.0
2292,45.0
2293,32.0
2294,24.0
2295,18.0
2296,4.0
2297,4.0
2298,4.0
2299,0.0
2300,6.0
2301,4.0
2302,4.0
2303,3.0
2304,0.0
2305,0.0
2306,2.0
2307,3.0
2308,3.0
2309,2.0
2310,4.0
2311,4.0
2312,6.0
2313,0.0
2314,0.0
2315,0.0
2316,1.0
2317,7.0
2318,3.0
2319,3.0
2320,3.0
2321,1.0
2322,2.0
2323,2.0
2324,3.0
2325,4.0
2326,1.0
2327,1.0
2328,1.0
2329,1.0
2330,1.0
2331,3.0
2332,3.0
2333,2.0
2334,1.0
2335,1.0
2336,2.0
2337,3.0
2338,6.0
2339,6.0
2340,6.0
2341,4.0
2342,6.0
2343,7.0
2344,6.0
2345,3.0
2346,14.0
2347,9.0
2348,9.0
2349,10.0
2350,10.0
2351,10.0
2352,13.0
2353,21.0
2354,22.0
2355,7.0
2356,7.0
2357,9.0
2358,9.0
2359,1.0
2360,5.0
2361,5.0
2362,5.0
2363,3.0
2364,2.0
2365,2.0
2366,4.0
2367,4.0
2368,5.0
2369,8.0
2370,8.0
2371,4.0
2372,5.0
2373,5.0
2374,6.0
2375,13.0
2376,25.0
2377,32.0
2378,47.0
2379,36.0
2380,47.0
2381,47.0
2382,47.0
2383,45.0
2384,29.0
2385,24.0
2386,12.0
2387,4.0
2388,4.0
2389,5.0
2390,0.0
2391,4.0
2392,4.0
2393,4.0
2394,1.0
2395,0.0
2396,0.0
2397,0.0
2398,2.0
2399,3.0
2400,3.0
2401,3.0
2402,6.0
2403,4.0
2404,4.0
2405,0.0
2406,1.0
2407,1.0
2408,3.0
2409,7.0
2410,3.0
2411,3.0
2412,3.0
2413,2.0
2414,3.0
2415,3.0
2416,5.0
2417,4.0
2418,1.0
2419,1.0
2420,1.0
2421,4.0
2422,3.0
2423,2.0
2424,2.0
2425,1.0
2426,1.0
2427,2.0
2428,5.0
2429,5.0
2430,6.0
2431,3.0
2432,4.0
2433,5.0
2434,5.0
2435,5.0
2436,3.0
2437,17.0
2438,9.0
2439,10.0
2440,10.0
2441,0.0
2442,0.0
2443,22.0
2444,22.0
2445,22.0
2446,7.0
2447,7.0
2448,7.0
2449,9.0
2450,9.0
2451,7.0
2452,5.0
2453,6.0
2454,3.0
2455,2.0
2456,3.0
2457,3.0
2458,4.0
2459,5.0
2460,4.0
2461,6.0
2462,4.0
2463,4.0
2464,4.0
2465,6.0
2466,7.0
2467,24.0
2468,29.0
2469,38.0
2470,46.0
2471,36.0
2472,47.0
2473,46.0
2474,45.0
2475,25.0
2476,21.0
2477,4.0
2478,4.0
2479,4.0
2480,5.0
2481,2.0
2482,4.0
2483,3.0
2484,1.0
2485,4.0
2486,5.0
2487,1.0
2488,1.0
2489,3.0
2490,4.0
2491,3.0
2492,3.0
2493,6.0
2494,4.0
2495,0.0
2496,1.0
2497,3.0
2498,3.0
2499,2.0
2500,0.0
2501,2.0
2502,3.0
2503,3.0
2504,3.0
2505,3.0
2506,4.0
2507,5.0
2508,5.0
2509,4.0
2510,1.0
2511,4.0
2512,3.0
2513,2.0
2514,3.0
2515,3.0
2516,2.0
2517,3.0
2518,3.0
2519,4.0
2520,4.0
2521,4.0
2522,4.0
2523,5.0
2524,5.0
2525,5.0
2526,5.0
2527,5.0
2528,17.0
2529,10.0
2530,10.0
2531,10.0
2532,9.0
2533,21.0
2534,22.0
2535,19.0
2536,19.0
2537,7.0
2538,7.0
2539,7.0
2540,7.0
2541,7.0
2542,7.0
2543,5.0
2544,4.0
2545,2.0
2546,2.0
2547,3.0
2548,3.0
2549,3.0
2550,4.0
2551,4.0
2552,4.0
2553,4.0
2554,4.0
2555,4.0
2556,5.0
2557,7.0
2558,14.0
2559,26.0
2560,31.0
2561,40.0
2562,45.0
2563,34.0
2564,45.0
2565,30.0
2566,22.0
2567,11.0
2568,3.0
2569,3.0
2570,0.0
2571,0.0
2572,2.0
2573,2.0
2574,0.0
2575,4.0
2576,5.0
2577,5.0
2578,5.0
2579,4.0
2580,4.0
2581,4.0
2582,3.0
2583,4.0
2584,6.0
2585,2.0
2586,3.0
2587,3.0
2588,3.0
2589,2.0
2590,0.0
2591,0.0
2592,2.0
2593,2.0
2594,4.0
2595,3.0
2596,3.0
2597,4.0
2598,4.0
2599,5.0
2600,5.0
2601,4.0
2602,3.0
2603,2.0
2604,3.0
2605,3.0
2606,2.0
2607,3.0
2608,3.0
2609,3.0
2610,5.0
2611,4.0
2612,4.0
2613,4.0
2614,1.0
2615,5.0
2616,5.0
2617,5.0
2618,5.0
2619,13.0
2620,10.0
2621,18.0
2622,13.0
2623,13.0
2624,10.0
2625,19.0
2626,19.0
2627,20.0
2628,7.0
2629,8.0
2630,7.0
2631,7.0
2632,7.0
2633,4.0
2634,4.0
2635,4.0
2636,2.0
2637,2.0
2638,3.0
2639,1.0
2640,3.0
2641,4.0
2642,5.0
2643,4.0
2644,4.0
2645,4.0
2646,5.0
2647,3.0
2648,7.0
2649,7.0
2650,16.0
2651,25.0
2652,29.0
2653,36.0
2654,39.0
2655,27.0
2656,16.0
2657,12.0
2658,3.0
2659,3.0
2660,3.0
2661,0.0
2662,2.0
2663,2.0
2664,2.0
2665,4.0
2666,5.0
2667,5.0
2668,5.0
2669,5.0
2670,5.0
2671,4.0
2672,3.0
2673,2.0
2674,4.0
2675,6.0
2676,7.0
2677,3.0
2678,3.0
2679,2.0
2680,0.0
2681,0.0
2682,0.0
2683,2.0
2684,4.0
2685,4.0
2686,4.0
2687,3.0
2688,3.0
2689,4.0
2690,4.0
2691,5.0
2692,4.0
2693,3.0
2694,2.0
2695,0.0
2696,2.0
2697,3.0
2698,3.0
2699,3.0
2700,3.0
2701,5.0
2702,5.0
2703,4.0
2704,4.0
2705,4.0
2706,4.0
2707,5.0
2708,5.0
2709,5.0
2710,10.0
2711,18.0
2712,21.0
2713,21.0
2714,10.0
2715,10.0
2716,11.0
2717,19.0
2718,14.0
2719,7.0
2720,8.0
2721,8.0
2722,7.0
2723,5.0
2724,5.0
2725,4.0
2726,2.0
2727,2.0
2728,3.0
2729,3.0
2730,3.0
2731,5.0
2732,8.0
2733,8.0
2734,8.0
2735,5.0
2736,3.0
2737,5.0
2738,5.0
2739,5.0
2740,7.0
2741,7.0
2742,9.0
2743,14.0
2744,14.0
2745,11.0
2746,7.0
2747,7.0
2748,4.0
2749,3.0
2750,3.0
2751,0.0
2752,1.0
2753,1.0
2754,2.0
2755,3.0
2756,4.0
2757,5.0
2758,5.0
2759,5.0
2760,5.0
2761,5.0
2762,4.0
2763,2.0
2764,2.0
2765,2.0
2766,5.0
2767,7.0
2768,7.0
2769,3.0
2770,0.0
2771,0.0
2772,0.0
2773,0.0
2774,4.0
2775,4.0
2776,4.0
2777,5.0
2778,5.0
2779,5.0
2780,6.0
2781,2.0
2782,2.0
2783,4.0
2784,4.0
2785,3.0
2786,2.0
2787,3.0
2788,3.0
2789,3.0
2790,2.0
2791,2.0
2792,0.0
2793,4.0
2794,3.0
2795,4.0
2796,4.0
2797,4.0
2798,4.0
2799,5.0
2800,5.0
2801,6.0
2802,13.0
2803,21.0
2804,22.0
2805,19.0
2806,10.0
2807,11.0
2808,15.0
2809,6.0
2810,7.0
2811,7.0
2812,6.0
2813,5.0
2814,4.0
2815,6.0
2816,6.0
2817,3.0
2818,2.0
2819,3.0
2820,3.0
2821,5.0
2822,5.0
2823,6.0
2824,8.0
2825,7.0
2826,1.0
2827,5.0
2828,2.0
2829,5.0
2830,5.0
2831,4.0
2832,6.0
2833,8.0
2834,9.0
2835,1.0
2836,1.0
2837,6.0
2838,5.0
2839,4.0
2840,0.0
2841,1.0
2842,1.0
2843,1.0
2844,1.0
2845,3.0
2846,4.0
2847,5.0
2848,6.0
2849,7.0
2850,6.0
2851,5.0
2852,3.0
2853,3.0
2854,3.0
2855,2.0
2856,3.0
2857,5.0
2858,5.0
2859,7.0
2860,4.0
2861,0.0
2862,0.0
2863,0.0
2864,2.0
2865,4.0
2866,4.0
2867,5.0
2868,6.0
2869,4.0
2870,6.0
2871,6.0
2872,6.0
2873,2.0
2874,2.0
2875,3.0
2876,4.0
2877,4.0
2878,3.0
2879,1.0
2880,0.0
2881,2.0
2882,2.0
2883,3.0
2884,0.0
2885,3.0
2886,3.0
2887,4.0
2888,4.0
2889,5.0
2890,5.0
2891,4.0
2892,5.0
2893,7.0
2894,15.0
2895,18.0
2896,17.0
2897,17.0
2898,15.0
2899,8.0
2900,7.0
2901,5.0
2902,4.0
2903,5.0
2904,4.0
2905,6.0
2906,5.0
2907,5.0
2908,4.0
2909,4.0
2910,3.0
2911,3.0
2912,6.0
2913,6.0
2914,6.0
2915,6.0
2916,7.0
2917,1.0
2918,1.0
2919,3.0
2920,2.0
2921,5.0
2922,5.0
2923,5.0
2924,6.0
2925,6.0
2926,2.0
2927,2.0
2928,0.0
2929,0.0
2930,0.0
2931,0.0
2932,1.0
2933,1.0
2934,1.0
2935,2.0
2936,3.0
2937,6.0
2938,7.0
2939,9.0
2940,9.0
2941,9.0
2942,7.0
2943,4.0
2944,3.0
2945,4.0
2946,4.0
2947,4.0
2948,4.0
2949,6.0
2950,5.0
2951,4.0
2952,4.0
2953,0.0
2954,2.0
2955,4.0
2956,4.0
2957,4.0
2958,5.0
2959,0.0
2960,4.0
2961,4.0
2962,6.0
2963,6.0
2964,6.0
2965,2.0
2966,5.0
2967,4.0
2968,4.0
2969,4.0
2970,1.0
2971,0.0
2972,0.0
2973,2.0
2974,2.0
2975,0.0
2976,3.0
2977,3.0
2978,4.0
2979,5.0
2980,5.0
2981,3.0
2982,4.0
2983,5.0
2984,6.0
2985,8.0
2986,10.0
2987,11.0
2988,9.0
2989,7.0
2990,7.0
2991,6.0
2992,3.0
2993,2.0
2994,2.0
2995,4.0
2996,5.0
2997,6.0
2998,6.0
2999,2.0
3000,2.0
3001,6.0
3002,4.0
3003,0.0
3004,6.0
3005,6.0
3006,0.0
3007,6.0
3008,7.0
3009,7.0
3010,4.0
3011,3.0
3012,2.0
3013,5.0
3014,7.0
3015,10.0
3016,10.0
3017,10.0
3018,10.0
3019,5.0
3020,5.0
3021,4.0
3022,2.0
3023,1.0
3024,1.0
3025,2.0
3026,3.0
3027,4.0
3028,6.0
3029,8.0
3030,8.0
3031,8.0
3032,8.0
3033,8.0
3034,8.0
3035,6.0
3036,4.0
3037,4.0
3038,4.0
3039,4.0
3040,4.0
3041,6.0
3042,5.0
3043,4.0
3044,6.0
3045,4.0
3046,4.0
3047,4.0
3048,4.0
3049,4.0
3050,0.0
3051,4.0
3052,4.0
3053,6.0
3054,6.0
3055,2.0
3056,2.0
3057,7.0
3058,4.0
3059,4.0
3060,4.0
3061,5.0
3062,0.0
3063,0.0
3064,0.0
3065,2.0
3066,2.0
3067,2.0
3068,3.0
3069,3.0
3070,5.0
3071,3.0
3072,3.0
3073,3.0
3074,7.0
3075,8.0
3076,9.0
3077,9.0
3078,9.0
3079,9.0
3080,7.0
3081,7.0
3082,3.0
3083,2.0
3084,2.0
3085,4.0
3086,4.0
3087,5.0
3088,6.0
3089,2.0
3090,2.0
3091,1.0
3092,0.0
3093,5.0
3094,0.0
3095,0.0
3096,6.0
3097,6.0
3098,6.0
3099,6.0
3100,7.0
3101,7.0
3102,3.0
3103,0.0
3104,7.0
3105,11.0
3106,11.0
3107,4.0
3108,10.0
3109,9.0
3110,9.0
3111,4.0
3112,4.0
3113,3.0
3114,1.0
3115,2.0
3116,3.0
3117,3.0
3118,6.0
3119,8.0
3120,8.0
3121,8.0
3122,8.0
3123,8.0
3124,8.0
3125,9.0
3126,8.0
3127,5.0
3128,5.0
3129,4.0
3130,4.0
3131,4.0
3132,4.0
3133,4.0
3134,3.0
3135,4.0
3136,4.0
3137,4.0
3138,4.0
3139,5.0
3140,3.0
3141,0.0
3142,4.0
3143,8.0
3144,6.0
3145,2.0
3146,2.0
3147,4.0
3148,7.0
3149,5.0
3150,4.0
3151,4.0
3152,5.0
3153,5.0
3154,0.0
3155,0.0
3156,2.0
3157,1.0
3158,1.0
3159,1.0
3160,2.0
3161,3.0
3162,3.0
3163,3.0
3164,5.0
3165,6.0
3166,7.0
3167,9.0
3168,9.0
3169,9.0
3170,9.0
3171,7.0
3172,4.0
3173,3.0
3174,2.0
3175,2.0
3176,3.0
3177,5.0
3178,5.0
3179,7.0
3180,2.0
3181,1.0
3182,0.0
3183,0.0
3184,5.0
3185,0.0
3186,0.0
3187,0.0
3188,6.0
3189,6.0
3190,5.0
3191,6.0
3192,6.0
3193,3.0
3194,4.0
3195,6.0
3196,7.0
3197,11.0
3198,3.0
3199,3.0
3200,7.0
3201,6.0
3202,0.0
3203,4.0
3204,3.0
3205,2.0
3206,3.0
3207,3.0
3208,3.0
3209,6.0
3210,8.0
3211,8.0
3212,8.0
3213,8.0
3214,8.0
3215,9.0
3216,0.0
3217,10.0
3218,7.0
3219,6.0
3220,6.0
3221,6.0
3222,5.0
3223,4.0
3224,4.0
3225,4.0
3226,4.0
3227,4.0
3228,4.0
3229,4.0
3230,4.0
3231,3.0
3232,4.0
3233,8.0
3234,8.0
3235,8.0
3236,2.0
3237,3.0
3238,0.0
3239,8.0
3240,6.0
3241,3.0
3242,4.0
3243,5.0
3244,5.0
3245,3.0
3246,2.0
3247,2.0
3248,1.0
3249,1.0
3250,1.0
3251,4.0
3252,3.0
3253,3.0
3254,3.0
3255,6.0
3256,3.0
3257,3.0
3258,8.0
3259,8.0
3260,7.0
3261,8.0
3262,6.0
3263,4.0
3264,3.0
3265,3.0
3266,3.0
3267,3.0
3268,4.0
3269,5.0
3270,7.0
3271,6.0
3272,0.0
3273,0.0
3274,0.0
3275,5.0
3276,0.0
3277,0.0
3278,0.0
3279,0.0
3280,6.0
3281,6.0
3282,6.0
3283,2.0
3284,4.0
3285,6.0
3286,7.0
3287,7.0
3288,1.0
3289,10.0
3290,1.0
3291,0.0
3292,6.0
3293,6.0
3294,4.0
3295,3.0
3296,3.0
3297,3.0
3298,3.0
3299,3.0
3300,8.0
3301,8.0
3302,8.0
3303,8.0
3304,0.0
3305,9.0
3306,9.0
3307,10.0
3308,10.0
3309,9.0
3310,6.0
3311,6.0
3312,6.0
3313,5.0
3314,5.0
3315,4.0
3316,3.0
3317,4.0
3318,4.0
3319,4.0
3320,4.0
3321,4.0
3322,3.0
3323,8.0
3324,8.0
3325,8.0
3326,8.0
3327,9.0
3328,3.0
3329,5.0
3330,5.0
3331,4.0
3332,5.0
3333,5.0
3334,6.0
3335,3.0
3336,4.0
3337,3.0
3338,1.0
3339,1.0
3340,1.0
3341,3.0
3342,4.0
3343,3.0
3344,3.0
3345,5.0
3346,2.0
3347,3.0
3348,3.0
3349,4.0
3350,8.0
3351,7.0
3352,6.0
3353,3.0
3354,4.0
3355,3.0
3356,3.0
3357,4.0
3358,4.0
3359,4.0
3360,4.0
3361,6.0
3362,5.0
3363,5.0
3364,5.0
3365,5.0
3366,4.0
3367,0.0
3368,0.0
3369,0.0
3370,0.0
3371,7.0
3372,6.0
3373,6.0
3374,2.0
3375,3.0
3376,8.0
3377,6.0
3378,7.0
3379,8.0
3380,8.0
3381,7.0
3382,0.0
3383,6.0
3384,6.0
3385,3.0
3386,2.0
3387,2.0
3388,3.0
3389,3.0
3390,4.0
3391,9.0
3392,9.0
3393,9.0
3394,8.0
3395,8.0
3396,9.0
3397,9.0
3398,10.0
3399,10.0
3400,9.0
3401,6.0
3402,6.0
3403,6.0
3404,6.0
3405,5.0
3406,5.0
3407,3.0
3408,3.0
3409,2.0
3410,3.0
3411,3.0
3412,3.0
3413,4.0
3414,8.0
3415,8.0
3416,9.0
3417,10.0
3418,9.0
3419,9.0
3420,5.0
3421,7.0
3422,5.0
3423,5.0
3424,5.0
3425,4.0
3426,1.0
3427,1.0
3428,3.0
3429,3.0
3430,1.0
3431,3.0
3432,3.0
3433,2.0
3434,3.0
3435,3.0
3436,2.0
3437,2.0
3438,3.0
3439,3.0
3440,4.0
3441,4.0
3442,4.0
3443,4.0
3444,4.0
3445,5.0
3446,4.0
3447,4.0
3448,5.0
3449,5.0
3450,4.0
3451,3.0
3452,0.0
3453,5.0
3454,5.0
3455,5.0
3456,5.0
3457,3.0
3458,0.0
3459,0.0
3460,0.0
3461,6.0
3462,7.0
3463,6.0
3464,2.0
3465,2.0
3466,3.0
3467,7.0
3468,8.0
3469,6.0
3470,7.0
3471,7.0
3472,7.0
3473,7.0
3474,6.0
3475,5.0
3476,2.0
3477,2.0
3478,2.0
3479,3.0
3480,4.0
3481,4.0
3482,8.0
3483,9.0
3484,9.0
3485,9.0
3486,8.0
3487,9.0
3488,9.0
3489,10.0
3490,12.0
3491,6.0
3492,6.0
3493,6.0
3494,6.0
3495,6.0
3496,5.0
3497,4.0
3498,6.0
3499,5.0
3500,4.0
3501,4.0
3502,3.0
3503,3.0
3504,3.0
3505,6.0
3506,10.0
3507,10.0
3508,11.0
3509,11.0
3510,11.0
3511,8.0
3512,6.0
3513,5.0
3514,3.0
3515,5.0
3516,4.0
3517,1.0
3518,1.0
3519,1.0
3520,3.0
3521,2.0
3522,1.0
3523,3.0
3524,2.0
3525,1.0
3526,3.0
3527,2.0
3528,2.0
3529,3.0
3530,3.0
3531,3.0
3532,4.0
3533,3.0
3534,4.0
3535,4.0
3536,5.0
3537,4.0
3538,4.0
3539,3.0
3540,3.0
3541,3.0
3542,3.0
3543,0.0
3544,0.0
3545,5.0
3546,5.0
3547,5.0
3548,3.0
3549,2.0
3550,4.0
3551,6.0
3552,7.0
3553,4.0
3554,2.0
3555,2.0
3556,2.0
3557,3.0
3558,3.0
3559,7.0
3560,8.0
3561,5.0
3562,5.0
3563,8.0
3564,5.0
3565,4.0
3566,4.0
3567,2.0
3568,2.0
3569,3.0
3570,4.0
3571,4.0
3572,4.0
3573,4.0
3574,12.0
3575,9.0
3576,9.0
3577,9.0
3578,9.0
3579,9.0
3580,8.0
3581,11.0
3582,6.0
3583,6.0
3584,6.0
3585,6.0
3586,6.0
3587,4.0
3588,4.0
3589,4.0
3590,5.0
3591,5.0
3592,4.0
3593,5.0
3594,3.0
3595,4.0
3596,6.0
3597,6.0
3598,11.0
3599,13.0
3600,11.0
3601,9.0
3602,7.0
3603,5.0
3604,5.0
3605,5.0
3606,2.0
3607,4.0
3608,3.0
3609,3.0
3610,1.0
3611,3.0
3612,3.0
3613,2.0
3614,2.0
3615,2.0
3616,2.0
3617,1.0
3618,3.0
3619,2.0
3620,2.0
3621,3.0
3622,3.0
3623,2.0
3624,3.0
3625,3.0
3626,4.0
3627,4.0
3628,4.0
3629,3.0
3630,2.0
3631,2.0
3632,2.0
3633,3.0
3634,3.0
3635,0.0
3636,0.0
3637,5.0
3638,3.0
3639,3.0
3640,2.0
3641,2.0
3642,3.0
3643,3.0
3644,2.0
3645,2.0
3646,3.0
3647,2.0
3648,3.0
3649,3.0
3650,7.0
3651,7.0
3652,7.0
3653,8.0
3654,8.0
3655,8.0
3656,4.0
3657,6.0
3658,2.0
3659,3.0
3660,4.0
3661,4.0
3662,3.0
3663,4.0
3664,4.0
3665,5.0
3666,12.0
3667,9.0
3668,9.0
3669,9.0
3670,8.0
3671,9.0
3672,5.0
3673,6.0
3674,6.0
3675,6.0
3676,6.0
3677,4.0
3678,5.0
3679,4.0
3680,4.0
3681,3.0
3682,5.0
3683,5.0
3684,5.0
3685,4.0
3686,7.0
3687,8.0
3688,17.0
3689,26.0
3690,30.0
3691,21.0
3692,14.0
3693,7.0
3694,5.0
3695,5.0
3696,4.0
3697,4.0
3698,2.0
3699,3.0
3700,3.0
3701,3.0
3702,2.0
3703,1.0
3704,1.0
3705,1.0
3706,1.0
3707,2.0
3708,2.0
3709,2.0
3710,2.0
3711,2.0
3712,1.0
3713,1.0
3714,2.0
3715,2.0
3716,2.0
3717,3.0
3718,3.0
3719,3.0
3720,2.0
3721,1.0
3722,1.0
3723,2.0
3724,2.0
3725,2.0
3726,4.0
3727,4.0
3728,3.0
3729,3.0
3730,3.0
3731,2.0
3732,3.0
3733,3.0
3734,2.0
3735,2.0
3736,3.0
3737,3.0
3738,3.0
3739,4.0
3740,4.0
3741,3.0
3742,2.0
3743,9.0
3744,9.0
3745,9.0
3746,9.0
3747,7.0
3748,2.0
3749,3.0
3750,3.0
3751,5.0
3752,3.0
3753,3.0
3754,3.0
3755,5.0
3756,4.0
3757,5.0
3758,8.0
3759,10.0
3760,9.0
3761,9.0
3762,4.0
3763,5.0
3764,5.0
3765,6.0
3766,6.0
3767,6.0
3768,4.0
3769,4.0
3770,4.0
3771,0.0
3772,3.0
3773,5.0
3774,5.0
3775,5.0
3776,7.0
3777,12.0
3778,21.0
3779,45.0
3780,60.0
3781,65.0
3782,58.0
3783,44.0
3784,24.0
3785,9.0
3786,5.0
3787,5.0
3788,4.0
3789,3.0
3790,3.0
3791,3.0
3792,3.0
3793,1.0
3794,1.0
3795,1.0
3796,1.0
3797,1.0
3798,1.0
3799,2.0
3800,2.0
3801,2.0
3802,1.0
3803,1.0
3804,1.0
3805,1.0
3806,1.0
3807,3.0
3808,3.0
3809,3.0
3810,3.0
3811,2.0
3812,1.0
3813,1.0
3814,1.0
3815,1.0
3816,1.0
3817,1.0
3818,1.0
3819,4.0
3820,3.0
3821,0.0
3822,2.0
3823,2.0
3824,2.0
3825,2.0
3826,3.0
3827,3.0
3828,2.0
3829,2.0
3830,2.0
3831,4.0
3832,5.0
3833,6.0
3834,9.0
3835,9.0
3836,9.0
3837,7.0
3838,4.0
3839,3.0
3840,3.0
3841,4.0
3842,8.0
3843,10.0
3844,8.0
3845,8.0
3846,3.0
3847,5.0
3848,4.0
3849,4.0
3850,4.0
3851,3.0
3852,4.0
3853,5.0
3854,6.0
3855,6.0
3856,6.0
3857,5.0
3858,5.0
3859,3.0
3860,4.0
3861,0.0
3862,3.0
3863,7.0
3864,7.0
3865,5.0
3866,6.0
3867,10.0
3868,19.0
3869,50.0
3870,71.0
3871,79.0
3872,85.0
3873,83.0
3874,72.0
3875,53.0
3876,17.0
3877,5.0
3878,5.0
3879,5.0
3880,3.0
3881,3.0
3882,3.0
3883,2.0
3884,2.0
3885,1.0
3886,1.0
3887,1.0
3888,1.0
3889,0.0
3890,1.0
3891,2.0
3892,2.0
3893,2.0
3894,2.0
3895,2.0
3896,2.0
3897,3.0
3898,3.0
3899,3.0
3900,2.0
3901,2.0
3902,2.0
3903,2.0
3904,1.0
3905,1.0
3906,1.0
3907,1.0
3908,1.0
3909,2.0
3910,2.0
3911,2.0
3912,1.0
3913,2.0
3914,2.0
3915,1.0
3916,2.0
3917,2.0
3918,3.0
3919,3.0
3920,2.0
3921,2.0
3922,3.0
3923,6.0
3924,6.0
3925,6.0
3926,8.0
3927,9.0
3928,9.0
3929,5.0
3930,5.0
3931,5.0
3932,9.0
3933,10.0
3934,2.0
3935,11.0
3936,9.0
3937,8.0
3938,8.0
3939,4.0
3940,4.0
3941,4.0
3942,3.0
3943,4.0
3944,5.0
3945,4.0
3946,6.0
3947,6.0
3948,5.0
3949,4.0
3950,3.0
3951,0.0
3952,0.0
3953,7.0
3954,7.0
3955,7.0
3956,8.0
3957,7.0
3958,12.0
3959,36.0
3960,73.0
3961,86.0
3962,87.0
3963,88.0
3964,88.0
3965,58.0
3966,72.0
3967,40.0
3968,10.0
3969,6.0
3970,5.0
3971,5.0
3972,4.0
3973,3.0
3974,4.0
3975,2.0
3976,2.0
3977,1.0
3978,1.0
3979,1.0
3980,1.0
3981,0.0
3982,1.0
3983,2.0
3984,2.0
3985,2.0
3986,2.0
3987,2.0
3988,3.0
3989,3.0
3990,2.0
3991,2.0
3992,2.0
3993,3.0
3994,3.0
3995,3.0
3996,2.0
3997,1.0
3998,1.0
3999,2.0
4000,2.0
4001,2.0
4002,2.0
4003,2.0
4004,2.0
4005,1.0
4006,2.0
4007,2.0
4008,4.0
4009,3.0
4010,3.0
4011,3.0
4012,2.0
4013,5.0
4014,5.0
4015,6.0
4016,11.0
4017,10.0
4018,10.0
4019,11.0
4020,11.0
4021,10.0
4022,11.0
4023,14.0
4024,8.0
4025,11.0
4026,11.0
4027,11.0
4028,9.0
4029,9.0
4030,3.0
4031,4.0
4032,4.0
4033,4.0
4034,4.0
4035,3.0
4036,3.0
4037,3.0
4038,5.0
4039,6.0
4040,5.0
4041,3.0
4042,3.0
4043,5.0
4044,5.0
4045,7.0
4046,7.0
4047,8.0
4048,7.0
4049,15.0
4050,52.0
4051,85.0
4052,88.0
4053,45.0
4054,55.0
4055,89.0
4056,88.0
4057,86.0
4058,67.0
4059,14.0
4060,5.0
4061,5.0
4062,6.0
4063,6.0
4064,5.0
4065,3.0
4066,4.0
4067,4.0
4068,3.0
4069,2.0
4070,1.0
4071,1.0
4072,1.0
4073,0.0
4074,1.0
4075,2.0
4076,3.0
4077,2.0
4078,3.0
4079,3.0
4080,2.0
4081,2.0
4082,2.0
4083,3.0
4084,3.0
4085,3.0
4086,3.0
4087,2.0
4088,2.0
4089,2.0
4090,2.0
4091,2.0
4092,2.0
4093,2.0
4094,2.0
4095,2.0
4096,2.0
4097,1.0
4098,4.0
4099,4.0
4100,3.0
4101,3.0
4102,3.0
4103,5.0
4104,5.0
4105,5.0
4106,8.0
4107,11.0
4108,7.0
4109,11.0
4110,12.0
4111,12.0
4112,12.0
4113,16.0
4114,14.0
4115,14.0
4116,9.0
4117,11.0
4118,2.0
4119,2.0
4120,10.0
4121,9.0
4122,4.0
4123,4.0
4124,5.0
4125,5.0
4126,5.0
4127,4.0
4128,3.0
4129,3.0
4130,4.0
4131,4.0
4132,2.0
4133,5.0
4134,5.0
4135,7.0
4136,7.0
4137,7.0
4138,8.0
4139,8.0
4140,17.0
4141,64.0
4142,87.0
4143,88.0
4144,66.0
4145,78.0
4146,63.0
4147,88.0
4148,86.0
4149,73.0
4150,16.0
4151,6.0
4152,7.0
4153,6.0
4154,6.0
4155,5.0
4156,4.0
4157,4.0
4158,4.0
4159,3.0
4160,3.0
4161,2.0
4162,1.0
4163,1.0
4164,2.0
4165,1.0
4166,3.0
4167,3.0
4168,3.0
4169,3.0
4170,3.0
4171,2.0
4172,2.0
4173,3.0
4174,3.0
4175,3.0
4176,3.0
4177,3.0
4178,2.0
4179,3.0
4180,3.0
4181,2.0
4182,2.0
4183,2.0
4184,2.0
4185,2.0
4186,2.0
4187,2.0
4188,4.0
4189,4.0
4190,4.0
4191,3.0
4192,3.0
4193,5.0
4194,5.0
4195,5.0
4196,6.0
4197,11.0
4198,12.0
4199,12.0
4200,12.0
4201,12.0
4202,12.0
4203,9.0
4204,15.0
4205,14.0
4206,14.0
4207,14.0
4208,11.0
4209,2.0
4210,12.0
4211,12.0
4212,10.0
4213,4.0
4214,5.0
4215,5.0
4216,4.0
4217,4.0
4218,4.0
4219,4.0
4220,3.0
4221,3.0
4222,4.0
4223,3.0
4224,2.0
4225,7.0
4226,7.0
4227,7.0
4228,7.0
4229,8.0
4230,7.0
4231,17.0
4232,69.0
4233,87.0
4234,68.0
4235,72.0
4236,37.0
4237,71.0
4238,90.0
4239,86.0
4240,74.0
4241,19.0
4242,5.0
4243,6.0
4244,6.0
4245,5.0
4246,5.0
4247,5.0
4248,3.0
4249,4.0
4250,4.0
4251,3.0
4252,3.0
4253,2.0
4254,1.0
4255,1.0
4256,3.0
4257,3.0
4258,3.0
4259,3.0
4260,4.0
4261,3.0
4262,3.0
4263,3.0
4264,4.0
4265,4.0
4266,4.0
4267,4.0
4268,4.0
4269,5.0
4270,4.0
4271,5.0
4272,5.0
4273,4.0
4274,4.0
4275,3.0
4276,2.0
4277,1.0
4278,4.0
4279,4.0
4280,4.0
4281,4.0
4282,3.0
4283,8.0
4284,9.0
4285,9.0
4286,6.0
4287,9.0
4288,13.0
4289,12.0
4290,11.0
4291,12.0
4292,12.0
4293,12.0
4294,9.0
4295,11.0
4296,15.0
4297,14.0
4298,15.0
4299,15.0
4300,11.0
4301,11.0
4302,11.0
4303,10.0
4304,5.0
4305,6.0
4306,5.0
4307,4.0
4308,3.0
4309,4.0
4310,4.0
4311,4.0
4312,4.0
4313,3.0
4314,3.0
4315,5.0
4316,5.0
4317,7.0
4318,8.0
4319,8.0
4320,7.0
4321,8.0
4322,16.0
4323,60.0
4324,84.0
4325,11.0
4326,43.0
4327,56.0
4328,50.0
4329,87.0
4330,82.0
4331,65.0
4332,16.0
4333,6.0
4334,6.0
4335,6.0
4336,6.0
4337,7.0
4338,2.0
4339,3.0
4340,3.0
4341,3.0
4342,3.0
4343,3.0
4344,3.0
4345,1.0
4346,3.0
4347,3.0
4348,3.0
4349,4.0
4350,4.0
4351,3.0
4352,4.0
4353,4.0
4354,5.0
4355,4.0
4356,4.0
4357,5.0
4358,6.0
4359,7.0
4360,5.0
4361,6.0
4362,9.0
4363,5.0
4364,6.0
4365,4.0
4366,4.0
4367,3.0
4368,3.0
4369,4.0
4370,4.0
4371,4.0
4372,4.0
4373,8.0
4374,9.0
4375,9.0
4376,9.0
4377,8.0
4378,10.0
4379,13.0
4380,13.0
4381,11.0
4382,0.0
4383,12.0
4384,12.0
4385,12.0
4386,14.0
4387,16.0
4388,14.0
4389,15.0
4390,15.0
4391,14.0
4392,11.0
4393,11.0
4394,8.0
4395,5.0
4396,6.0
4397,4.0
4398,3.0
4399,3.0
4400,3.0
4401,4.0
4402,4.0
4403,3.0
4404,3.0
4405,4.0
4406,5.0
4407,5.0
4408,3.0
4409,3.0
4410,6.0
4411,5.0
4412,7.0
4413,11.0
4414,33.0
4415,79.0
4416,49.0
4417,47.0
4418,27.0
4419,24.0
4420,86.0
4421,77.0
4422,48.0
4423,11.0
4424,6.0
4425,6.0
4426,6.0
4427,7.0
4428,3.0
4429,2.0
4430,5.0
4431,3.0
4432,3.0
4433,2.0
4434,3.0
4435,3.0
4436,3.0
4437,3.0
4438,4.0
4439,8.0
4440,8.0
4441,5.0
4442,5.0
4443,6.0
4444,5.0
4445,5.0
4446,5.0
4447,4.0
4448,6.0
4449,7.0
4450,7.0
4451,6.0
4452,9.0
4453,10.0
4454,10.0
4455,7.0
4456,6.0
4457,6.0
4458,5.0
4459,6.0
4460,5.0
4461,4.0
4462,4.0
4463,4.0
4464,3.0
4465,9.0
4466,9.0
4467,9.0
4468,8.0
4469,12.0
4470,13.0
4471,13.0
4472,12.0
4473,12.0
4474,13.0
4475,9.0
4476,12.0
4477,13.0
4478,15.0
4479,14.0
4480,15.0
4481,15.0
4482,14.0
4483,14.0
4484,10.0
4485,7.0
4486,5.0
4487,4.0
4488,3.0
4489,3.0
4490,3.0
4491,3.0
4492,3.0
4493,4.0
4494,3.0
4495,3.0
4496,4.0
4497,4.0
4498,3.0
4499,3.0
4500,3.0
4501,6.0
4502,6.0
4503,7.0
4504,7.0
4505,17.0
4506,58.0
4507,80.0
4508,47.0
4509,86.0
4510,86.0
4511,78.0
4512,59.0
4513,27.0
4514,9.0
4515,6.0
4516,6.0
4517,6.0
4518,4.0
4519,6.0
4520,2.0
4521,5.0
4522,5.0
4523,3.0
4524,2.0
4525,2.0
4526,4.0
4527,3.0
4528,4.0
4529,7.0
4530,8.0
4531,8.0
4532,8.0
4533,5.0
4534,6.0
4535,6.0
4536,5.0
4537,5.0
4538,6.0
4539,7.0
4540,7.0
4541,6.0
4542,7.0
4543,10.0
4544,11.0
4545,10.0
4546,10.0
4547,6.0
4548,6.0
4549,6.0
4550,5.0
4551,6.0
4552,6.0
4553,4.0
4554,4.0
4555,5.0
4556,0.0
4557,9.0
4558,8.0
4559,8.0
4560,8.0
4561,12.0
4562,12.0
4563,12.0
4564,13.0
4565,9.0
4566,9.0
4567,9.0
4568,12.0
4569,15.0
4570,14.0
4571,14.0
4572,14.0
4573,13.0
4574,10.0
4575,8.0
4576,5.0
4577,4.0
4578,3.0
4579,3.0
4580,3.0
4581,4.0
4582,3.0
4583,3.0
4584,3.0
4585,3.0
4586,2.0
4587,2.0
4588,4.0
4589,2.0
4590,3.0
4591,2.0
4592,4.0
4593,6.0
4594,6.0
4595,7.0
4596,7.0
4597,26.0
4598,47.0
4599,61.0
4600,67.0
4601,63.0
4602,49.0
4603,29.0
4604,14.0
4605,9.0
4606,5.0
4607,6.0
4608,4.0
4609,4.0
4610,3.0
4611,5.0
4612,5.0
4613,5.0
4614,2.0
4615,2.0
4616,5.0
4617,4.0
4618,3.0
4619,6.0
4620,8.0
4621,8.0
4622,8.0
4623,5.0
4624,5.0
4625,6.0
4626,6.0
4627,6.0
4628,6.0
4629,7.0
4630,6.0
4631,6.0
4632,7.0
4633,8.0
4634,10.0
4635,11.0
4636,10.0
4637,10.0
4638,9.0
4639,7.0
4640,7.0
4641,5.0
4642,4.0
4643,5.0
4644,6.0
4645,4.0
4646,5.0
4647,5.0
4648,1.0
4649,7.0
4650,7.0
4651,7.0
4652,9.0
4653,11.0
4654,12.0
4655,11.0
4656,9.0
4657,9.0
4658,9.0
4659,5.0
4660,7.0
4661,14.0
4662,14.0
4663,14.0
4664,11.0
4665,8.0
4666,6.0
4667,5.0
4668,3.0
4669,3.0
4670,2.0
4671,4.0
4672,4.0
4673,4.0
4674,3.0
4675,4.0
4676,2.0
4677,2.0
4678,3.0
4679,2.0
4680,3.0
4681,3.0
4682,4.0
4683,5.0
4684,4.0
4685,6.0
4686,7.0
4687,8.0
4688,9.0
4689,21.0
4690,34.0
4691,34.0
4692,30.0
4693,24.0
4694,14.0
4695,11.0
4696,9.0
4697,6.0
4698,6.0
4699,7.0
4700,4.0
4701,2.0
4702,5.0
4703,5.0
4704,2.0
4705,2.0
4706,5.0
4707,5.0
4708,4.0
4709,3.0
4710,8.0
4711,9.0
4712,9.0
4713,5.0
4714,5.0
4715,5.0
4716,6.0
4717,6.0
4718,6.0
4719,4.0
4720,6.0
4721,6.0
4722,6.0
4723,7.0
4724,8.0
4725,11.0
4726,10.0
4727,10.0
4728,11.0
4729,9.0
4730,9.0
4731,7.0
4732,4.0
4733,4.0
4734,7.0
4735,5.0
4736,3.0
4737,5.0
4738,7.0
4739,7.0
4740,3.0
4741,7.0
4742,7.0
4743,4.0
4744,9.0
4745,12.0
4746,11.0
4747,7.0
4748,5.0
4749,5.0
4750,6.0
4751,5.0
4752,6.0
4753,6.0
4754,6.0
4755,6.0
4756,6.0
4757,4.0
4758,3.0
4759,4.0
4760,3.0
4761,3.0
4762,3.0
4763,3.0
4764,3.0
4765,3.0
4766,2.0
4767,3.0
4768,3.0
4769,3.0
4770,3.0
4771,4.0
4772,3.0
4773,3.0
4774,3.0
4775,3.0
4776,1.0
4777,7.0
4778,7.0
4779,8.0
4780,10.0
4781,10.0
4782,15.0
4783,12.0
4784,10.0
4785,11.0
4786,10.0
4787,10.0
4788,9.0
4789,5.0
4790,7.0
4791,7.0
4792,4.0
4793,5.0
4794,2.0
4795,4.0
4796,5.0
4797,5.0
4798,5.0
4799,3.0
4800,4.0
4801,9.0
4802,9.0
4803,6.0
4804,8.0
4805,0.0
4806,6.0
4807,8.0
4808,8.0
4809,8.0
4810,6.0
4811,5.0
4812,7.0
4813,6.0
4814,7.0
4815,10.0
4816,10.0
4817,10.0
4818,11.0
4819,10.0
4820,9.0
4821,9.0
4822,9.0
4823,4.0
4824,4.0
4825,5.0
4826,7.0
4827,7.0
4828,6.0
4829,7.0
4830,7.0
4831,5.0
4832,5.0
4833,8.0
4834,5.0
4835,6.0
4836,5.0
4837,6.0
4838,6.0
4839,5.0
4840,5.0
4841,4.0
4842,4.0
4843,5.0
4844,8.0
4845,8.0
4846,8.0
4847,8.0
4848,7.0
4849,3.0
4850,4.0
4851,3.0
4852,3.0
4853,3.0
4854,3.0
4855,3.0
4856,3.0
4857,4.0
4858,2.0
4859,3.0
4860,1.0
4861,3.0
4862,4.0
4863,4.0
4864,1.0
4865,3.0
4866,4.0
4867,4.0
4868,5.0
4869,7.0
4870,7.0
4871,8.0
4872,11.0
4873,11.0
4874,9.0
4875,10.0
4876,11.0
4877,10.0
4878,9.0
4879,9.0
4880,6.0
4881,4.0
4882,4.0
4883,4.0
4884,3.0
4885,4.0
4886,5.0
4887,5.0
4888,5.0
4889,5.0
4890,5.0
4891,3.0
4892,9.0
4893,6.0
4894,8.0
4895,8.0
4896,0.0
4897,8.0
4898,8.0
4899,8.0
4900,7.0
4901,6.0
4902,7.0
4903,6.0
4904,6.0
4905,7.0
4906,9.0
4907,11.0
4908,10.0
4909,11.0
4910,0.0
4911,8.0
4912,9.0
4913,9.0
4914,4.0
4915,4.0
4916,4.0
4917,7.0
4918,7.0
4919,7.0
4920,7.0
4921,5.0
4922,6.0
4923,6.0
4924,4.0
4925,5.0
4926,5.0
4927,5.0
4928,6.0
4929,5.0
4930,5.0
4931,4.0
4932,4.0
4933,4.0
4934,8.0
4935,7.0
4936,7.0
4937,8.0
4938,7.0
4939,7.0
4940,7.0
4941,3.0
4942,3.0
4943,3.0
4944,3.0
4945,3.0
4946,3.0
4947,4.0
4948,4.0
4949,4.0
4950,0.0
4951,1.0
4952,1.0
4953,4.0
4954,2.0
4955,2.0
4956,1.0
4957,4.0
4958,4.0
4959,7.0
4960,7.0
4961,7.0
4962,8.0
4963,10.0
4964,10.0
4965,10.0
4966,10.0
4967,10.0
4968,9.0
4969,9.0
4970,9.0
4971,5.0
4972,5.0
4973,4.0
4974,4.0
4975,4.0
4976,4.0
4977,4.0
4978,5.0
4979,5.0
4980,4.0
4981,5.0
4982,5.0
4983,6.0
4984,8.0
4985,8.0
4986,8.0
4987,10.0
4988,10.0
4989,7.0
4990,8.0
4991,9.0
4992,7.0
4993,7.0
4994,8.0
4995,6.0
4996,6.0
4997,9.0
4998,9.0
4999,11.0
5000,0.0
5001,9.0
5002,9.0
5003,7.0
5004,8.0
5005,0.0
5006,4.0
5007,4.0
5008,4.0
5009,9.0
5010,7.0
5011,6.0
5012,5.0
5013,6.0
5014,6.0
5015,5.0
5016,3.0
5017,5.0
5018,5.0
5019,5.0
5020,5.0
5021,4.0
5022,4.0
5023,4.0
5024,4.0
5025,8.0
5026,7.0
5027,7.0
5028,6.0
5029,6.0
5030,6.0
5031,7.0
5032,7.0
5033,3.0
5034,2.0
5035,3.0
5036,3.0
5037,4.0
5038,5.0
5039,4.0
5040,4.0
5041,2.0
5042,0.0
5043,3.0
5044,3.0
5045,2.0
5046,2.0
5047,1.0
5048,4.0
5049,7.0
5050,7.0
5051,6.0
5052,7.0
5053,8.0
5054,9.0
5055,9.0
5056,11.0
5057,10.0
5058,9.0
5059,8.0
5060,8.0
5061,5.0
5062,4.0
5063,6.0
5064,3.0
5065,4.0
5066,4.0
5067,4.0
5068,5.0
5069,5.0
5070,4.0
5071,5.0
5072,5.0
5073,5.0
5074,8.0
5075,9.0
5076,8.0
5077,8.0
5078,10.0
5079,10.0
5080,9.0
5081,8.0
5082,8.0
5083,7.0
5084,7.0
5085,6.0
5086,6.0
5087,5.0
5088,5.0
5089,8.0
5090,10.0
5091,10.0
5092,10.0
5093,10.0
5094,9.0
5095,5.0
5096,0.0
5097,3.0
5098,4.0
5099,6.0
5100,4.0
5101,5.0
5102,5.0
5103,4.0
5104,5.0
5105,5.0
5106,7.0
5107,5.0
5108,3.0
5109,5.0
5110,5.0
5111,5.0
5112,4.0
5113,4.0
5114,4.0
5115,7.0
5116,8.0
5117,7.0
5118,7.0
5119,6.0
5120,6.0
5121,7.0
5122,7.0
5123,7.0
5124,4.0
5125,3.0
5126,3.0
5127,4.0
5128,4.0
5129,5.0
5130,5.0
5131,4.0
5132,4.0
5133,2.0
5134,0.0
5135,3.0
5136,3.0
5137,2.0
5138,1.0
5139,5.0
5140,7.0
5141,7.0
5142,8.0
5143,7.0
5144,5.0
5145,9.0
5146,9.0
5147,10.0
5148,9.0
5149,9.0
5150,7.0
5151,8.0
5152,5.0
5153,4.0
5154,5.0
5155,3.0
5156,3.0
5157,3.0
5158,4.0
5159,5.0
5160,4.0
5161,3.0
5162,5.0
5163,5.0
5164,5.0
5165,7.0
5166,8.0
5167,8.0
5168,10.0
5169,10.0
5170,10.0
5171,9.0
5172,9.0
5173,6.0
5174,6.0
5175,5.0
5176,5.0
5177,4.0
5178,4.0
5179,5.0
5180,3.0
5181,7.0
5182,8.0
5183,8.0
5184,8.0
5185,8.0
5186,4.0
5187,3.0
5188,5.0
5189,5.0
5190,6.0
5191,4.0
5192,4.0
5193,5.0
5194,5.0
5195,7.0
5196,7.0
5197,5.0
5198,3.0
5199,3.0
5200,4.0
5201,5.0
5202,3.0
5203,5.0
5204,5.0
5205,5.0
5206,8.0
5207,8.0
5208,7.0
5209,7.0
5210,7.0
5211,7.0
5212,7.0
5213,7.0
5214,7.0
5215,4.0
5216,4.0
5217,4.0
5218,2.0
5219,2.0
5220,3.0
5221,3.0
5222,3.0
5223,4.0
5224,4.0
5225,2.0
5226,0.0
5227,3.0
5228,3.0
5229,3.0
5230,4.0
5231,4.0
5232,7.0
5233,8.0
5234,6.0
5235,5.0
5236,5.0
5237,10.0
5238,6.0
5239,10.0
5240,8.0
5241,7.0
5242,8.0
5243,7.0
5244,4.0
5245,6.0
5246,4.0
5247,3.0
5248,5.0
5249,4.0
5250,9.0
5251,7.0
5252,7.0
5253,5.0
5254,6.0
5255,5.0
5256,5.0
5257,5.0
5258,6.0
5259,7.0
5260,9.0
5261,8.0
5262,7.0
5263,6.0
5264,6.0
5265,5.0
5266,5.0
5267,5.0
5268,4.0
5269,4.0
5270,7.0
5271,3.0
5272,3.0
5273,7.0
5274,8.0
5275,8.0
5276,7.0
5277,4.0
5278,5.0
5279,5.0
5280,5.0
5281,3.0
5282,4.0
5283,5.0
5284,4.0
5285,7.0
5286,7.0
5287,6.0
5288,4.0
5289,3.0
5290,4.0
5291,4.0
5292,4.0
5293,3.0
5294,5.0
5295,5.0
5296,4.0
5297,7.0
5298,8.0
5299,8.0
5300,8.0
5301,7.0
5302,7.0
5303,7.0
5304,7.0
5305,9.0
5306,4.0
5307,4.0
5308,2.0
5309,3.0
5310,2.0
5311,0.0
5312,0.0
5313,0.0
5314,2.0
5315,4.0
5316,4.0
5317,4.0
5318,2.0
5319,4.0
5320,3.0
5321,3.0
5322,4.0
5323,4.0
5324,4.0
5325,4.0
5326,4.0
5327,4.0
5328,6.0
5329,10.0
5330,8.0
5331,4.0
5332,4.0
5333,4.0
5334,7.0
5335,6.0
5336,6.0
5337,3.0
5338,4.0
5339,6.0
5340,6.0
5341,5.0
5342,7.0
5343,5.0
5344,7.0
5345,7.0
5346,5.0
5347,6.0
5348,6.0
5349,7.0
5350,5.0
5351,7.0
5352,8.0
5353,8.0
5354,7.0
5355,5.0
5356,6.0
5357,5.0
5358,5.0
5359,4.0
5360,7.0
5361,7.0
5362,6.0
5363,3.0
5364,4.0
5365,6.0
5366,6.0
5367,6.0
5368,3.0
5369,3.0
5370,3.0
5371,3.0
5372,3.0
5373,4.0
5374,5.0
5375,4.0
5376,6.0
5377,6.0
5378,4.0
5379,4.0
5380,1.0
5381,4.0
5382,4.0
5383,4.0
5384,3.0
5385,4.0
5386,4.0
5387,4.0
5388,5.0
5389,7.0
5390,0.0
5391,2.0
5392,7.0
5393,9.0
5394,7.0
5395,9.0
5396,8.0
5397,6.0
5398,5.0
5399,3.0
5400,4.0
5401,2.0
5402,2.0
5403,0.0
5404,0.0
5405,2.0
5406,2.0
5407,4.0
5408,4.0
5409,4.0
5410,2.0
5411,3.0
5412,3.0
5413,3.0
5414,4.0
5415,4.0
5416,4.0
5417,5.0
5418,5.0
5419,4.0
5420,7.0
5421,3.0
5422,3.0
5423,3.0
5424,4.0
5425,7.0
5426,6.0
5427,6.0
5428,3.0
5429,6.0
5430,6.0
5431,4.0
5432,5.0
5433,5.0
5434,7.0
5435,7.0
5436,8.0
5437,6.0
5438,6.0
5439,7.0
5440,7.0
5441,6.0
5442,8.0
5443,7.0
5444,8.0
5445,5.0
5446,1.0
5447,5.0
5448,6.0
5449,5.0
5450,5.0
5451,7.0
5452,7.0
5453,6.0
5454,6.0
5455,4.0
5456,6.0
5457,6.0
5458,3.0
5459,3.0
5460,3.0
5461,3.0
5462,3.0
5463,3.0
5464,4.0
5465,3.0
5466,4.0
5467,1.0
5468,0.0
5469,4.0
5470,1.0
5471,5.0
5472,4.0
5473,4.0
5474,4.0
5475,5.0
5476,4.0
5477,4.0
5478,4.0
5479,4.0
5480,7.0
5481,7.0
5482,7.0
5483,10.0
5484,9.0
5485,8.0
5486,8.0
5487,5.0
5488,6.0
5489,5.0
5490,7.0
5491,4.0
5492,4.0
5493,2.0
5494,2.0
5495,0.0
5496,2.0
5497,5.0
5498,4.0
5499,4.0
5500,3.0
5501,4.0
5502,2.0
5503,3.0
5504,3.0
5505,4.0
5506,4.0
5507,4.0
5508,5.0
5509,4.0
5510,3.0
5511,5.0
5512,3.0
5513,3.0
5514,3.0
5515,7.0
5516,7.0
5517,6.0
5518,4.0
5519,3.0
5520,6.0
5521,4.0
5522,4.0
5523,0.0
5524,2.0
5525,7.0
5526,7.0
5527,7.0
5528,4.0
5529,6.0
5530,7.0
5531,6.0
5532,6.0
5533,5.0
5534,7.0
5535,4.0
5536,0.0
5537,1.0
5538,5.0
5539,5.0
5540,4.0
5541,4.0
5542,7.0
5543,7.0
5544,6.0
5545,6.0
5546,6.0
5547,6.0
5548,5.0
5549,2.0
5550,2.0
5551,3.0
5552,3.0
5553,3.0
5554,3.0
5555,3.0
5556,3.0
5557,3.0
5558,1.0
5559,1.0
5560,1.0
5561,5.0
5562,5.0
5563,5.0
5564,4.0
5565,3.0
5566,6.0
5567,4.0
5568,4.0
5569,4.0
5570,4.0
5571,6.0
5572,9.0
5573,9.0
5574,10.0
5575,8.0
5576,8.0
5577,9.0
5578,6.0
5579,6.0
5580,5.0
5581,7.0
5582,7.0
5583,4.0
5584,4.0
5585,2.0
5586,2.0
5587,4.0
5588,5.0
5589,3.0
5590,3.0
5591,3.0
5592,4.0
5593,2.0
5594,0.0
5595,4.0
5596,4.0
5597,4.0
5598,3.0
5599,4.0
5600,4.0
5601,3.0
5602,3.0
5603,4.0
5604,6.0
5605,7.0
5606,7.0
5607,7.0
5608,4.0
5609,3.0
5610,3.0
5611,6.0
5612,4.0
5613,4.0
5614,6.0
5615,2.0
5616,7.0
5617,7.0
5618,7.0
5619,4.0
5620,6.0
5621,6.0
5622,5.0
5623,5.0
5624,5.0
5625,2.0
5626,4.0
5627,0.0
5628,1.0
5629,5.0
5630,4.0
5631,4.0
5632,5.0
5633,5.0
5634,7.0
5635,4.0
5636,6.0
5637,6.0
5638,6.0
5639,3.0
5640,2.0
5641,1.0
5642,4.0
5643,4.0
5644,4.0
5645,4.0
5646,4.0
5647,3.0
5648,3.0
5649,5.0
5650,1.0
5651,1.0
5652,1.0
5653,5.0
5654,5.0
5655,5.0
5656,4.0
5657,5.0
5658,4.0
5659,5.0
5660,5.0
5661,5.0
5662,6.0
5663,6.0
5664,9.0
5665,10.0
5666,8.0
5667,8.0
5668,9.0
5669,9.0
5670,9.0
5671,3.0
5672,7.0
5673,7.0
5674,7.0
5675,0.0
5676,2.0
5677,2.0
5678,4.0
5679,4.0
5680,2.0
5681,3.0
5682,3.0
5683,4.0
5684,3.0
5685,1.0
5686,1.0
5687,4.0
5688,4.0
5689,4.0
5690,4.0
5691,4.0
5692,3.0
5693,3.0
5694,3.0
5695,5.0
5696,6.0
5697,6.0
5698,6.0
5699,4.0
5700,3.0
5701,3.0
5702,2.0
5703,2.0
5704,4.0
5705,4.0
5706,7.0
5707,7.0
5708,7.0
5709,7.0
5710,5.0
5711,6.0
5712,5.0
5713,5.0
5714,5.0
5715,2.0
5716,2.0
5717,2.0
5718,2.0
5719,4.0
5720,4.0
5721,4.0
5722,4.0
5723,7.0
5724,12.0
5725,10.0
5726,6.0
5727,5.0
5728,3.0
5729,3.0
5730,3.0
5731,3.0
5732,2.0
5733,4.0
5734,4.0
5735,4.0
5736,4.0
5737,5.0
5738,4.0
5739,3.0
5740,5.0
5741,5.0
5742,1.0
5743,1.0
5744,2.0
5745,6.0
5746,5.0
5747,5.0
5748,3.0
5749,3.0
5750,5.0
5751,5.0
5752,5.0
5753,5.0
5754,8.0
5755,8.0
5756,5.0
5757,8.0
5758,12.0
5759,12.0
5760,12.0
5761,12.0
5762,6.0
5763,4.0
5764,7.0
5765,7.0
5766,3.0
5767,0.0
5768,4.0
5769,4.0
5770,2.0
5771,2.0
5772,3.0
5773,3.0
5774,3.0
5775,1.0
5776,0.0
5777,1.0
5778,1.0
5779,4.0
5780,4.0
5781,5.0
5782,4.0
5783,4.0
5784,4.0
5785,4.0
5786,5.0
5787,5.0
5788,4.0
5789,4.0
5790,4.0
5791,4.0
5792,3.0
5793,5.0
5794,0.0
5795,0.0
5796,4.0
5797,4.0
5798,6.0
5799,6.0
5800,6.0
5801,4.0
5802,4.0
5803,5.0
5804,5.0
5805,2.0
5806,0.0
5807,2.0
5808,2.0
5809,2.0
5810,4.0
5811,4.0
5812,4.0
5813,10.0
5814,10.0
5815,9.0
5816,11.0
5817,11.0
5818,8.0
5819,4.0
5820,8.0
5821,7.0
5822,7.0
5823,6.0
5824,0.0
5825,4.0
5826,4.0
5827,4.0
5828,0.0
5829,4.0
5830,3.0
5831,3.0
5832,5.0
5833,5.0
5834,1.0
5835,1.0
5836,5.0
5837,5.0
5838,5.0
5839,3.0
5840,3.0
5841,3.0
5842,5.0
5843,5.0
5844,7.0
5845,9.0
5846,9.0
5847,9.0
5848,13.0
5849,11.0
5850,10.0
5851,12.0
5852,12.0
5853,10.0
5854,8.0
5855,4.0
5856,7.0
5857,7.0
5858,2.0
5859,2.0
5860,2.0
5861,3.0
5862,3.0
5863,3.0
5864,2.0
5865,2.0
5866,0.0
5867,1.0
5868,1.0
5869,1.0
5870,2.0
5871,5.0
5872,1.0
5873,4.0
5874,4.0
5875,4.0
5876,5.0
5877,5.0
5878,4.0
5879,4.0
5880,3.0
5881,3.0
5882,4.0
5883,4.0
5884,5.0
5885,4.0
5886,0.0
5887,0.0
5888,4.0
5889,6.0
5890,6.0
5891,6.0
5892,3.0
5893,4.0
5894,5.0
5895,2.0
5896,0.0
5897,0.0
5898,0.0
5899,2.0
5900,4.0
5901,4.0
5902,3.0
5903,9.0
5904,9.0
5905,9.0
5906,11.0
5907,12.0
5908,12.0
5909,11.0
5910,9.0
5911,8.0
5912,8.0
5913,7.0
5914,3.0
5915,0.0
5916,0.0
5917,4.0
5918,2.0
5919,2.0
5920,1.0
5921,3.0
5922,3.0
5923,3.0
5924,5.0
5925,5.0
5926,6.0
5927,5.0
5928,5.0
5929,2.0
5930,3.0
5931,4.0
5932,4.0
5933,5.0
5934,7.0
5935,7.0
5936,8.0
5937,7.0
5938,13.0
5939,11.0
5940,5.0
5941,5.0
5942,11.0
5943,10.0
5944,10.0
5945,7.0
5946,9.0
5947,6.0
5948,6.0
5949,6.0
5950,2.0
5951,1.0
5952,3.0
5953,3.0
5954,2.0
5955,2.0
5956,1.0
5957,2.0
5958,1.0
5959,1.0
5960,0.0
5961,2.0
5962,3.0
5963,4.0
5964,2.0
5965,2.0
5966,3.0
5967,3.0
5968,4.0
5969,4.0
5970,4.0
5971,3.0
5972,3.0
5973,3.0
5974,4.0
5975,3.0
5976,5.0
5977,4.0
5978,0.0
5979,2.0
5980,6.0
5981,6.0
5982,5.0
5983,3.0
5984,3.0
5985,3.0
5986,1.0
5987,0.0
5988,0.0
5989,2.0
5990,5.0
5991,4.0
5992,3.0
5993,7.0
5994,9.0
5995,9.0
5996,11.0
5997,11.0
5998,12.0
5999,10.0
6000,16.0
6001,10.0
6002,6.0
6003,8.0
6004,8.0
6005,7.0
6006,0.0
6007,0.0
6008,0.0
6009,2.0
6010,2.0
6011,2.0
6012,3.0
6013,3.0
6014,3.0
6015,3.0
6016,3.0
6017,3.0
6018,3.0
6019,4.0
6020,6.0
6021,4.0
6022,4.0
6023,2.0
6024,8.0
6025,8.0
6026,7.0
6027,5.0
6028,7.0
6029,11.0
6030,11.0
6031,6.0
6032,10.0
6033,10.0
6034,8.0
6035,10.0
6036,10.0
6037,8.0
6038,6.0
6039,6.0
6040,6.0
6041,5.0
6042,1.0
6043,3.0
6044,2.0
6045,1.0
6046,0.0
6047,2.0
6048,2.0
6049,2.0
6050,1.0
6051,1.0
6052,1.0
6053,3.0
6054,3.0
6055,4.0
6056,2.0
6057,3.0
6058,2.0
6059,2.0
6060,4.0
6061,3.0
6062,3.0
6063,3.0
6064,2.0
6065,2.0
6066,3.0
6067,3.0
6068,4.0
6069,4.0
6070,4.0
6071,4.0
6072,5.0
6073,3.0
6074,3.0
6075,3.0
6076,3.0
6077,3.0
6078,1.0
6079,2.0
6080,4.0
6081,4.0
6082,4.0
6083,3.0
6084,9.0
6085,10.0
6086,12.0
6087,12.0
6088,9.0
6089,9.0
6090,3.0
6091,13.0
6092,3.0
6093,4.0
6094,8.0
6095,8.0
6096,8.0
6097,0.0
6098,0.0
6099,0.0
6100,0.0
6101,2.0
6102,2.0
6103,2.0
6104,2.0
6105,2.0
6106,3.0
6107,3.0
6108,3.0
6109,3.0
6110,5.0
6111,6.0
6112,6.0
6113,6.0
6114,6.0
6115,6.0
6116,5.0
6117,5.0
6118,5.0
6119,7.0
6120,10.0
6121,10.0
6122,10.0
6123,10.0
6124,10.0
6125,0.0
6126,9.0
6127,10.0
6128,8.0
6129,3.0
6130,5.0
6131,5.0
6132,4.0
6133,3.0
6134,2.0
6135,1.0
6136,0.0
6137,1.0
6138,1.0
6139,2.0
6140,1.0
6141,1.0
6142,1.0
6143,1.0
6144,1.0
6145,3.0
6146,3.0
6147,4.0
6148,2.0
6149,1.0
6150,1.0
6151,1.0
6152,3.0
6153,3.0
6154,2.0
6155,2.0
6156,2.0
6157,1.0
6158,3.0
6159,3.0
6160,3.0
6161,3.0
6162,3.0
6163,3.0
6164,3.0
6165,3.0
6166,3.0
6167,3.0
6168,3.0
6169,3.0
6170,3.0
6171,2.0
6172,3.0
6173,3.0
6174,3.0
6175,3.0
6176,12.0
6177,12.0
6178,12.0
6179,9.0
6180,7.0
6181,0.0
6182,3.0
6183,3.0
6184,9.0
6185,8.0
6186,8.0
6187,8.0
6188,0.0
6189,0.0
6190,0.0
6191,4.0
6192,0.0
6193,2.0
6194,2.0
6195,2.0
6196,3.0
6197,3.0
6198,3.0
6199,3.0
6200,5.0
6201,5.0
6202,6.0
6203,6.0
6204,6.0
6205,6.0
6206,6.0
6207,7.0
6208,7.0
6209,6.0
6210,6.0
6211,10.0
6212,10.0
6213,10.0
6214,10.0
6215,0.0
6216,0.0
6217,4.0
6218,8.0
6219,7.0
6220,3.0
6221,3.0
6222,3.0
6223,3.0
6224,2.0
6225,1.0
6226,0.0
6227,1.0
6228,3.0
6229,2.0
6230,2.0
6231,1.0
6232,1.0
6233,1.0
6234,1.0
6235,1.0
6236,1.0
6237,3.0
6238,3.0
6239,2.0
6240,1.0
6241,1.0
6242,3.0
6243,3.0
6244,2.0
6245,2.0
6246,2.0
6247,2.0
6248,2.0
6249,2.0
6250,3.0
6251,3.0
6252,3.0
6253,3.0
6254,3.0
6255,3.0
6256,1.0
6257,1.0
6258,3.0
6259,2.0
6260,3.0
6261,3.0
6262,3.0
6263,2.0
6264,3.0
6265,4.0
6266,9.0
6267,12.0
6268,12.0
6269,12.0
6270,9.0
6271,7.0
6272,0.0
6273,3.0
6274,3.0
6275,8.0
6276,8.0
6277,8.0
6278,8.0
6279,0.0
6280,0.0
6281,4.0
6282,4.0
6283,4.0
6284,2.0
6285,2.0
6286,3.0
6287,3.0
6288,3.0
6289,3.0
6290,6.0
6291,8.0
6292,4.0
6293,2.0
6294,6.0
6295,6.0
6296,6.0
6297,7.0
6298,7.0
6299,7.0
6300,6.0
6301,6.0
6302,12.0
6303,10.0
6304,10.0
6305,5.0
6306,5.0
6307,0.0
6308,4.0
6309,4.0
6310,5.0
6311,3.0
6312,3.0
6313,3.0
6314,2.0
6315,1.0
6316,1.0
6317,1.0
6318,3.0
6319,3.0
6320,3.0
6321,2.0
6322,1.0
6323,1.0
6324,1.0
6325,1.0
6326,0.0
6327,1.0
6328,1.0
6329,3.0
6330,3.0
6331,1.0
6332,3.0
6333,3.0
6334,3.0
6335,4.0
6336,0.0
6337,3.0
6338,4.0
6339,4.0
6340,3.0
6341,2.0
6342,3.0
6343,4.0
6344,4.0
6345,1.0
6346,0.0
6347,1.0
6348,1.0
6349,1.0
6350,3.0
6351,3.0
6352,3.0
6353,3.0
6354,3.0
6355,2.0
6356,4.0
6357,5.0
6358,4.0
6359,12.0
6360,12.0
6361,9.0
6362,9.0
6363,9.0
6364,0.0
6365,3.0
6366,8.0
6367,8.0
6368,8.0
6369,0.0
6370,0.0
6371,4.0
6372,4.0
6373,3.0
6374,2.0
6375,2.0
6376,3.0
6377,3.0
6378,3.0
6379,3.0
6380,4.0
6381,4.0
6382,4.0
6383,4.0
6384,8.0
6385,6.0
6386,6.0
6387,7.0
6388,7.0
6389,6.0
6390,7.0
6391,6.0
6392,7.0
6393,10.0
6394,13.0
6395,5.0
6396,5.0
6397,5.0
6398,5.0
6399,4.0
6400,8.0
6401,3.0
6402,3.0
6403,3.0
6404,2.0
6405,1.0
6406,1.0
6407,1.0
6408,3.0
6409,3.0
6410,3.0
6411,3.0
6412,4.0
6413,0.0
6414,0.0
6415,1.0
6416,1.0
6417,1.0
6418,0.0
6419,1.0
6420,1.0
6421,3.0
6422,3.0
6423,3.0
6424,4.0
6425,4.0
6426,0.0
6427,0.0
6428,5.0
6429,5.0
6430,4.0
6431,4.0
6432,3.0
6433,2.0
6434,4.0
6435,2.0
6436,0.0
6437,0.0
6438,0.0
6439,1.0
6440,1.0
6441,1.0
6442,3.0
6443,3.0
6444,3.0
6445,3.0
6446,3.0
6447,1.0
6448,4.0
6449,9.0
6450,4.0
6451,12.0
6452,9.0
6453,9.0
6454,7.0
6455,2.0
6456,8.0
6457,8.0
6458,8.0
6459,2.0
6460,1.0
6461,3.0
6462,4.0
6463,2.0
6464,2.0
6465,2.0
6466,3.0
6467,3.0
6468,3.0
6469,3.0
6470,4.0
6471,4.0
6472,4.0
6473,0.0
6474,6.0
6475,6.0
6476,8.0
6477,6.0
6478,7.0
6479,7.0
6480,7.0
6481,3.0
6482,5.0
6483,6.0
6484,7.0
6485,9.0
6486,7.0
6487,6.0
6488,6.0
6489,10.0
6490,8.0
6491,4.0
6492,3.0
6493,2.0
6494,2.0
6495,2.0
6496,1.0
6497,1.0
6498,3.0
6499,3.0
6500,3.0
6501,4.0
6502,4.0
6503,4.0
6504,4.0
6505,0.0
6506,0.0
6507,1.0
6508,1.0
6509,1.0
6510,0.0
6511,1.0
6512,1.0
6513,2.0
6514,4.0
6515,4.0
6516,4.0
6517,0.0
6518,5.0
6519,5.0
6520,5.0
6521,5.0
6522,5.0
6523,3.0
6524,2.0
6525,2.0
6526,1.0
6527,0.0
6528,0.0
6529,0.0
6530,0.0
6531,1.0
6532,1.0
6533,1.0
6534,3.0
6535,3.0
6536,3.0
6537,3.0
6538,2.0
6539,1.0
6540,4.0
6541,9.0
6542,4.0
6543,11.0
6544,8.0
6545,7.0
6546,8.0
6547,8.0
6548,8.0
6549,2.0
6550,2.0
6551,1.0
6552,3.0
6553,3.0
6554,3.0
6555,4.0
6556,5.0
6557,3.0
6558,3.0
6559,3.0
6560,3.0
6561,4.0
6562,4.0
6563,2.0
6564,4.0
6565,4.0
6566,6.0
6567,6.0
6568,6.0
6569,6.0
6570,6.0
6571,7.0
6572,6.0
6573,5.0
6574,6.0
6575,6.0
6576,7.0
6577,9.0
6578,9.0
6579,8.0
6580,7.0
6581,4.0
6582,4.0
6583,2.0
6584,2.0
6585,2.0
6586,2.0
6587,1.0
6588,2.0
6589,3.0
6590,3.0
6591,2.0
6592,4.0
6593,4.0
6594,4.0
6595,4.0
6596,3.0
6597,0.0
6598,3.0
6599,1.0
6600,1.0
6601,1.0
6602,1.0
6603,2.0
6604,2.0
6605,3.0
6606,2.0
6607,3.0
6608,4.0
6609,5.0
6610,5.0
6611,5.0
6612,3.0
6613,6.0
6614,4.0
6615,3.0
6616,2.0
6617,2.0
6618,2.0
6619,2.0
6620,0.0
6621,0.0
6622,1.0
6623,1.0
6624,1.0
6625,1.0
6626,3.0
6627,3.0
6628,3.0
6629,2.0
6630,2.0
6631,3.0
6632,4.0
6633,4.0
6634,6.0
6635,5.0
6636,5.0
6637,4.0
6638,6.0
6639,2.0
6640,2.0
6641,1.0
6642,2.0
6643,3.0
6644,5.0
6645,5.0
6646,5.0
6647,5.0
6648,5.0
6649,5.0
6650,3.0
6651,6.0
6652,4.0
6653,2.0
6654,2.0
6655,3.0
6656,4.0
6657,4.0
6658,6.0
6659,6.0
6660,7.0
6661,6.0
6662,7.0
6663,5.0
6664,5.0
6665,5.0
6666,6.0
6667,6.0
6668,6.0
6669,5.0
6670,4.0
6671,4.0
6672,4.0
6673,2.0
6674,2.0
6675,2.0
6676,2.0
6677,1.0
6678,2.0
6679,2.0
6680,1.0
6681,3.0
6682,1.0
6683,1.0
6684,1.0
6685,1.0
6686,4.0
6687,4.0
6688,3.0
6689,3.0
6690,3.0
6691,1.0
6692,1.0
6693,2.0
6694,2.0
6695,2.0
6696,2.0
6697,3.0
6698,4.0
6699,5.0
6700,5.0
6701,5.0
6702,1.0
6703,7.0
6704,5.0
6705,5.0
6706,3.0
6707,3.0
6708,4.0
6709,2.0
6710,2.0
6711,2.0
6712,0.0
6713,1.0
6714,1.0
6715,1.0
6716,5.0
6717,3.0
6718,3.0
6719,3.0
6720,2.0
6721,4.0
6722,4.0
6723,3.0
6724,4.0
6725,4.0
6726,4.0
6727,4.0
6728,3.0
6729,3.0
6730,3.0
6731,3.0
6732,3.0
6733,3.0
6734,5.0
6735,5.0
6736,5.0
6737,1.0
6738,5.0
6739,5.0
6740,5.0
6741,3.0
6742,6.0
6743,6.0
6744,2.0
6745,2.0
6746,2.0
6747,3.0
6748,6.0
6749,6.0
6750,6.0
6751,9.0
6752,9.0
6753,8.0
6754,6.0
6755,5.0
6756,4.0
6757,2.0
6758,5.0
6759,4.0
6760,5.0
6761,4.0
6762,4.0
6763,3.0
6764,2.0
6765,2.0
6766,2.0
6767,1.0
6768,2.0
6769,2.0
6770,2.0
6771,5.0
6772,3.0
6773,0.0
6774,1.0
6775,1.0
6776,1.0
6777,1.0
6778,4.0
6779,4.0
6780,4.0
6781,4.0
6782,3.0
6783,2.0
6784,2.0
6785,2.0
6786,1.0
6787,2.0
6788,4.0
6789,4.0
6790,4.0
6791,5.0
6792,5.0
6793,3.0
6794,3.0
6795,6.0
6796,5.0
6797,4.0
6798,3.0
6799,5.0
6800,4.0
6801,2.0
6802,2.0
6803,2.0
6804,1.0
6805,1.0
6806,5.0
6807,5.0
6808,3.0
6809,3.0
6810,3.0
6811,3.0
6812,4.0
6813,4.0
6814,4.0
6815,3.0
6816,4.0
6817,4.0
6818,3.0
6819,3.0
6820,3.0
6821,3.0
6822,3.0
6823,3.0
6824,2.0
6825,5.0
6826,5.0
6827,5.0
6828,5.0
6829,1.0
6830,5.0
6831,5.0
6832,5.0
6833,3.0
6834,4.0
6835,4.0
6836,2.0
6837,2.0
6838,4.0
6839,5.0
6840,5.0
6841,7.0
6842,8.0
6843,7.0
6844,7.0
6845,5.0
6846,7.0
6847,5.0
6848,4.0
6849,2.0
6850,4.0
6851,4.0
6852,4.0
6853,3.0
6854,2.0
6855,3.0
6856,3.0
6857,1.0
6858,3.0
6859,3.0
6860,2.0
6861,5.0
6862,5.0
6863,5.0
6864,0.0
6865,0.0
6866,1.0
6867,1.0
6868,7.0
6869,5.0
6870,4.0
6871,4.0
6872,4.0
6873,3.0
6874,3.0
6875,2.0
6876,1.0
6877,1.0
6878,3.0
6879,4.0
6880,5.0
6881,4.0
6882,4.0
6883,7.0
6884,7.0
6885,7.0
6886,6.0
6887,5.0
6888,4.0
6889,4.0
6890,3.0
6891,4.0
6892,4.0
6893,2.0
6894,2.0
6895,3.0
6896,5.0
6897,5.0
6898,5.0
6899,4.0
6900,5.0
6901,2.0
6902,2.0
6903,4.0
6904,3.0
6905,4.0
6906,4.0
6907,3.0
6908,3.0
6909,3.0
6910,3.0
6911,3.0
6912,3.0
6913,3.0
6914,2.0
6915,1.0
6916,6.0
6917,6.0
6918,6.0
6919,6.0
6920,5.0
6921,1.0
6922,5.0
6923,5.0
6924,3.0
6925,4.0
6926,4.0
6927,4.0
6928,4.0
6929,4.0
6930,4.0
6931,6.0
6932,9.0
6933,6.0
6934,6.0
6935,7.0
6936,5.0
6937,1.0
6938,3.0
6939,4.0
6940,3.0
6941,3.0
6942,3.0
6943,2.0
6944,2.0
6945,3.0
6946,3.0
6947,1.0
6948,3.0
6949,3.0
6950,3.0
6951,3.0
6952,3.0
6953,5.0
6954,5.0
6955,2.0
6956,0.0
6957,1.0
6958,7.0
6959,7.0
6960,9.0
6961,7.0
6962,8.0
6963,8.0
6964,3.0
6965,3.0
6966,2.0
6967,2.0
6968,4.0
6969,5.0
6970,4.0
6971,5.0
6972,4.0
6973,7.0
6974,6.0
6975,5.0
6976,5.0
6977,4.0
6978,4.0
6979,5.0
6980,5.0
6981,4.0
6982,4.0
6983,4.0
6984,4.0
6985,2.0
6986,5.0
6987,5.0
6988,5.0
6989,4.0
6990,6.0
6991,4.0
6992,4.0
6993,4.0
6994,3.0
6995,3.0
6996,4.0
6997,4.0
6998,4.0
6999,4.0
7000,4.0
7001,4.0
7002,4.0
7003,3.0
7004,2.0
7005,1.0
7006,0.0
7007,7.0
7008,7.0
7009,6.0
7010,6.0
7011,6.0
7012,5.0
7013,1.0
7014,5.0
7015,3.0
7016,3.0
7017,4.0
7018,4.0
7019,4.0
7020,4.0
7021,4.0
7022,9.0
7023,6.0
7024,6.0
7025,5.0
7026,7.0
7027,0.0
7028,1.0
7029,0.0
7030,4.0
7031,3.0
7032,3.0
7033,1.0
7034,2.0
7035,3.0
7036,3.0
7037,1.0
7038,4.0
7039,3.0
7040,3.0
7041,3.0
7042,3.0
7043,3.0
7044,3.0
7045,5.0
7046,2.0
7047,2.0
7048,7.0
7049,7.0
7050,5.0
7051,1.0
7052,9.0
7053,9.0
7054,8.0
7055,7.0
7056,4.0
7057,3.0
7058,4.0
7059,4.0
7060,4.0
7061,5.0
7062,5.0
7063,6.0
7064,7.0
7065,5.0
7066,4.0
7067,5.0
7068,5.0
7069,4.0
7070,3.0
7071,3.0
7072,5.0
7073,4.0
7074,5.0
7075,5.0
7076,5.0
7077,5.0
7078,5.0
7079,3.0
7080,9.0
7081,7.0
7082,5.0
7083,5.0
7084,3.0
7085,5.0
7086,3.0
7087,3.0
7088,5.0
7089,6.0
7090,5.0
7091,5.0
7092,5.0
7093,5.0
7094,3.0
7095,2.0
7096,1.0
7097,1.0
7098,5.0
7099,3.0
7100,3.0
7101,6.0
7102,6.0
7103,6.0
7104,5.0
7105,1.0
7106,3.0
7107,3.0
7108,4.0
7109,4.0
7110,4.0
7111,4.0
7112,7.0
7113,6.0
7114,6.0
7115,6.0
7116,5.0
7117,0.0
7118,6.0
7119,5.0
7120,3.0
7121,2.0
7122,3.0
7123,3.0
7124,2.0
7125,3.0
7126,3.0
7127,2.0
7128,2.0
7129,2.0
7130,3.0
7131,3.0
7132,3.0
7133,3.0
7134,0.0
7135,3.0
7136,5.0
7137,5.0
7138,6.0
7139,7.0
7140,5.0
7141,1.0
7142,1.0
7143,9.0
7144,8.0
7145,8.0
7146,7.0
7147,3.0
7148,3.0
7149,4.0
7150,4.0
7151,4.0
7152,5.0
7153,5.0
7154,5.0
7155,7.0
7156,6.0
7157,4.0
7158,4.0
7159,4.0
7160,4.0
7161,4.0
7162,0.0
7163,5.0
7164,4.0
7165,4.0
7166,4.0
7167,4.0
7168,3.0
7169,5.0
7170,8.0
7171,10.0
7172,7.0
7173,7.0
7174,5.0
7175,5.0
7176,5.0
7177,7.0
7178,5.0
7179,6.0
7180,6.0
7181,4.0
7182,6.0
7183,4.0
7184,4.0
7185,4.0
7186,3.0
7187,2.0
7188,1.0
7189,0.0
7190,0.0
7191,0.0
7192,0.0
7193,0.0
7194,7.0
7195,5.0
7196,5.0
7197,3.0
7198,3.0
7199,4.0
7200,4.0
7201,4.0
7202,4.0
7203,5.0
7204,8.0
7205,11.0
7206,8.0
7207,9.0
7208,6.0
7209,5.0
7210,6.0
7211,5.0
7212,2.0
7213,3.0
7214,2.0
7215,3.0
7216,3.0
7217,1.0
7218,3.0
7219,2.0
7220,2.0
7221,1.0
7222,3.0
7223,3.0
7224,3.0
7225,0.0
7226,0.0
7227,3.0
7228,5.0
7229,5.0
7230,7.0
7231,11.0
7232,1.0
7233,10.0
7234,9.0
7235,8.0
7236,7.0
7237,4.0
7238,4.0
7239,4.0
7240,4.0
7241,4.0
7242,4.0
7243,4.0
7244,4.0
7245,6.0
7246,7.0
7247,5.0
7248,5.0
7249,4.0
7250,3.0
7251,4.0
7252,5.0
7253,1.0
7254,6.0
7255,5.0
7256,5.0
7257,5.0
7258,4.0
7259,6.0
7260,5.0
7261,10.0
7262,10.0
7263,11.0
7264,8.0
7265,7.0
7266,5.0
7267,5.0
7268,5.0
7269,9.0
7270,8.0
7271,4.0
7272,5.0
7273,7.0
7274,7.0
7275,5.0
7276,4.0
7277,4.0
7278,2.0
7279,2.0
7280,0.0
7281,0.0
7282,0.0
7283,0.0
7284,0.0
7285,4.0
7286,5.0
7287,3.0
7288,3.0
7289,3.0
7290,3.0
7291,4.0
7292,4.0
7293,4.0
7294,9.0
7295,11.0
7296,15.0
7297,7.0
7298,10.0
7299,7.0
7300,9.0
7301,5.0
7302,5.0
7303,3.0
7304,2.0
7305,3.0
7306,3.0
7307,1.0
7308,2.0
7309,2.0
7310,2.0
7311,2.0
7312,2.0
7313,1.0
7314,3.0
7315,3.0
7316,3.0
7317,0.0
7318,6.0
7319,5.0
7320,6.0
7321,6.0
7322,11.0
7323,11.0
7324,8.0
7325,8.0
7326,8.0
7327,4.0
7328,4.0
7329,4.0
7330,3.0
7331,4.0
7332,5.0
7333,6.0
7334,6.0
7335,6.0
7336,6.0
7337,7.0
7338,7.0
7339,5.0
7340,5.0
7341,4.0
7342,3.0
7343,5.0
7344,6.0
7345,6.0
7346,5.0
7347,5.0
7348,5.0
7349,4.0
7350,6.0
7351,6.0
7352,11.0
7353,11.0
7354,11.0
7355,13.0
7356,8.0
7357,8.0
7358,5.0
7359,8.0
7360,12.0
7361,8.0
7362,10.0
7363,7.0
7364,7.0
7365,8.0
7366,6.0
7367,1.0
7368,5.0
7369,2.0
7370,2.0
7371,7.0
7372,0.0
7373,0.0
7374,0.0
7375,0.0
7376,4.0
7377,6.0
7378,3.0
7379,3.0
7380,3.0
7381,2.0
7382,3.0
7383,3.0
7384,6.0
7385,12.0
7386,6.0
7387,15.0
7388,7.0
7389,4.0
7390,8.0
7391,7.0
7392,8.0
7393,5.0
7394,3.0
7395,2.0
7396,2.0
7397,1.0
7398,2.0
7399,2.0
7400,2.0
7401,1.0
7402,2.0
7403,2.0
7404,2.0
7405,1.0
7406,3.0
7407,3.0
7408,4.0
7409,5.0
7410,6.0
7411,6.0
7412,6.0
7413,11.0
7414,8.0
7415,8.0
7416,8.0
7417,4.0
7418,4.0
7419,5.0
7420,4.0
7421,8.0
7422,6.0
7423,10.0
7424,11.0
7425,12.0
7426,14.0
7427,10.0
7428,6.0
7429,7.0
7430,7.0
7431,4.0
7432,5.0
7433,3.0
7434,5.0
7435,6.0
7436,6.0
7437,5.0
7438,5.0
7439,5.0
7440,6.0
7441,6.0
7442,8.0
7443,11.0
7444,12.0
7445,12.0
7446,14.0
7447,11.0
7448,8.0
7449,9.0
7450,8.0
7451,12.0
7452,8.0
7453,11.0
7454,10.0
7455,7.0
7456,6.0
7457,6.0
7458,6.0
7459,1.0
7460,1.0
7461,2.0
7462,7.0
7463,7.0
7464,7.0
7465,4.0
7466,7.0
7467,7.0
7468,5.0
7469,3.0
7470,3.0
7471,3.0
7472,3.0
7473,3.0
7474,3.0
7475,9.0
7476,13.0
7477,13.0
7478,14.0
7479,12.0
7480,4.0
7481,4.0
7482,7.0
7483,10.0
7484,3.0
7485,3.0
7486,3.0
7487,2.0
7488,1.0
7489,2.0
7490,2.0
7491,1.0
7492,0.0
7493,0.0
7494,1.0
7495,1.0
7496,2.0
7497,2.0
7498,3.0
7499,4.0
7500,3.0
7501,4.0
7502,5.0
7503,4.0
7504,8.0
7505,8.0
7506,8.0
7507,4.0
7508,4.0
7509,4.0
7510,5.0
7511,9.0
7512,8.0
7513,10.0
7514,12.0
7515,12.0
7516,13.0
7517,3.0
7518,14.0
7519,10.0
7520,5.0
7521,4.0
7522,5.0
7523,6.0
7524,6.0
7525,5.0
7526,5.0
7527,4.0
7528,5.0
7529,5.0
7530,5.0
7531,6.0
7532,6.0
7533,6.0
7534,8.0
7535,13.0
7536,12.0
7537,14.0
7538,15.0
7539,11.0
7540,9.0
7541,8.0
7542,11.0
7543,11.0
7544,12.0
7545,12.0
7546,7.0
7547,7.0
7548,6.0
7549,6.0
7550,6.0
7551,2.0
7552,2.0
7553,7.0
7554,7.0
7555,7.0
7556,7.0
7557,7.0
7558,8.0
7559,6.0
7560,3.0
7561,3.0
7562,3.0
7563,3.0
7564,3.0
7565,5.0
7566,12.0
7567,13.0
7568,13.0
7569,10.0
7570,0.0
7571,12.0
7572,4.0
7573,4.0
7574,8.0
7575,4.0
7576,3.0
7577,3.0
7578,3.0
7579,2.0
7580,1.0
7581,1.0
7582,1.0
7583,3.0
7584,0.0
7585,0.0
7586,1.0
7587,1.0
7588,2.0
7589,2.0
7590,4.0
7591,3.0
7592,3.0
7593,3.0
7594,3.0
7595,7.0
7596,7.0
7597,3.0
7598,3.0
7599,3.0
7600,3.0
7601,8.0
7602,9.0
7603,11.0
7604,11.0
7605,12.0
7606,13.0
7607,3.0
7608,3.0
7609,2.0
7610,13.0
7611,7.0
7612,4.0
7613,4.0
7614,5.0
7615,6.0
7616,6.0
7617,3.0
7618,4.0
7619,4.0
7620,5.0
7621,5.0
7622,8.0
7623,9.0
7624,8.0
7625,10.0
7626,11.0
7627,11.0
7628,11.0
7629,15.0
7630,15.0
7631,9.0
7632,10.0
7633,8.0
7634,11.0
7635,12.0
7636,10.0
7637,7.0
7638,7.0
7639,7.0
7640,6.0
7641,5.0
7642,4.0
7643,2.0
7644,0.0
7645,7.0
7646,7.0
7647,7.0
7648,7.0
7649,8.0
7650,5.0
7651,3.0
7652,3.0
7653,3.0
7654,3.0
7655,3.0
7656,5.0
7657,12.0
7658,13.0
7659,7.0
7660,11.0
7661,0.0
7662,6.0
7663,10.0
7664,10.0
7665,8.0
7666,4.0
7667,3.0
7668,3.0
7669,3.0
7670,2.0
7671,2.0
7672,0.0
7673,3.0
7674,3.0
7675,3.0
7676,0.0
7677,0.0
7678,1.0
7679,1.0
7680,2.0
7681,3.0
7682,3.0
7683,3.0
7684,3.0
7685,3.0
7686,3.0
7687,3.0
7688,0.0
7689,3.0
7690,3.0
7691,7.0
7692,7.0
7693,11.0
7694,11.0
7695,12.0
7696,12.0
7697,13.0
7698,1.0
7699,2.0
7700,12.0
7701,12.0
7702,7.0
7703,4.0
7704,4.0
7705,5.0
7706,5.0
7707,4.0
7708,4.0
7709,4.0
7710,6.0
7711,6.0
7712,5.0
7713,6.0
7714,9.0
7715,11.0
7716,9.0
7717,10.0
7718,11.0
7719,3.0
7720,12.0
7721,15.0
7722,11.0
7723,8.0
7724,7.0
7725,11.0
7726,10.0
7727,7.0
7728,7.0
7729,7.0
7730,7.0
7731,6.0
7732,5.0
7733,4.0
7734,3.0
7735,0.0
7736,0.0
7737,7.0
7738,7.0
7739,9.0
7740,5.0
7741,4.0
7742,3.0
7743,3.0
7744,3.0
7745,3.0
7746,3.0
7747,5.0
7748,11.0
7749,7.0
7750,7.0
7751,8.0
7752,12.0
7753,11.0
7754,11.0
7755,10.0
7756,10.0
7757,4.0
7758,3.0
7759,3.0
7760,2.0
7761,1.0
7762,0.0
7763,2.0
7764,2.0
7765,3.0
7766,3.0
7767,3.0
7768,1.0
7769,3.0
7770,2.0
7771,3.0
7772,3.0
7773,3.0
7774,3.0
7775,3.0
7776,2.0
7777,2.0
7778,3.0
7779,3.0
7780,3.0
7781,7.0
7782,7.0
7783,7.0
7784,9.0
7785,12.0
7786,13.0
7787,10.0
7788,12.0
7789,11.0
7790,9.0
7791,11.0
7792,11.0
7793,6.0
7794,4.0
7795,4.0
7796,4.0
7797,4.0
7798,5.0
7799,5.0
7800,5.0
7801,5.0
7802,5.0
7803,4.0
7804,6.0
7805,8.0
7806,9.0
7807,11.0
7808,8.0
7809,10.0
7810,12.0
7811,15.0
7812,10.0
7813,11.0
7814,7.0
7815,7.0
7816,9.0
7817,8.0
7818,7.0
7819,7.0
7820,7.0
7821,6.0
7822,5.0
7823,4.0
7824,4.0
7825,3.0
7826,2.0
7827,2.0
7828,2.0
7829,9.0
7830,5.0
7831,6.0
7832,3.0
7833,3.0
7834,2.0
7835,2.0
7836,3.0
7837,3.0
7838,4.0
7839,10.0
7840,8.0
7841,8.0
7842,8.0
7843,8.0
7844,12.0
7845,12.0
7846,11.0
7847,7.0
7848,4.0
7849,3.0
7850,2.0
7851,1.0
7852,1.0
7853,2.0
7854,2.0
7855,2.0
7856,2.0
7857,3.0
7858,3.0
7859,3.0
7860,3.0
7861,3.0
7862,3.0
7863,3.0
7864,2.0
7865,2.0
7866,3.0
7867,1.0
7868,2.0
7869,2.0
7870,3.0
7871,3.0
7872,3.0
7873,3.0
7874,3.0
7875,7.0
7876,11.0
7877,9.0
7878,9.0
7879,9.0
7880,10.0
7881,11.0
7882,11.0
7883,11.0
7884,6.0
7885,4.0
7886,3.0
7887,3.0
7888,3.0
7889,3.0
7890,3.0
7891,5.0
7892,5.0
7893,5.0
7894,4.0
7895,3.0
7896,6.0
7897,9.0
7898,9.0
7899,11.0
7900,8.0
7901,8.0
7902,9.0
7903,10.0
7904,7.0
7905,6.0
7906,6.0
7907,7.0
7908,6.0
7909,6.0
7910,6.0
7911,6.0
7912,6.0
7913,5.0
7914,4.0
7915,5.0
7916,3.0
7917,5.0
7918,2.0
7919,5.0
7920,5.0
7921,4.0
7922,3.0
7923,3.0
7924,2.0
7925,2.0
7926,2.0
7927,2.0
7928,3.0
7929,3.0
7930,7.0
7931,11.0
7932,8.0
7933,8.0
7934,8.0
7935,8.0
7936,12.0
7937,4.0
7938,4.0
7939,3.0
7940,3.0
7941,2.0
7942,1.0
7943,1.0
7944,2.0
7945,2.0
7946,2.0
7947,2.0
7948,2.0
7949,3.0
7950,3.0
7951,3.0
7952,3.0
7953,3.0
7954,2.0
7955,2.0
7956,2.0
7957,2.0
7958,1.0
7959,1.0
7960,2.0
7961,2.0
7962,2.0
7963,2.0
7964,3.0
7965,3.0
7966,5.0
7967,11.0
7968,9.0
7969,9.0
7970,9.0
7971,10.0
7972,12.0
7973,13.0
7974,11.0
7975,6.0
7976,3.0
7977,3.0
7978,3.0
7979,2.0
7980,4.0
7981,4.0
7982,5.0
7983,4.0
7984,4.0
7985,3.0
7986,3.0
7987,4.0
7988,6.0
7989,7.0
7990,9.0
7991,8.0
7992,8.0
7993,8.0
7994,10.0
7995,7.0
7996,7.0
7997,7.0
7998,4.0
7999,6.0
8000,6.0
8001,5.0
8002,5.0
8003,6.0
8004,5.0
8005,4.0
8006,2.0
8007,2.0
8008,3.0
8009,4.0
8010,4.0
8011,3.0
8012,3.0
8013,3.0
8014,3.0
8015,5.0
8016,1.0
8017,5.0
8018,4.0
8019,2.0
8020,4.0
8021,6.0
8022,9.0
8023,11.0
8024,0.0
8025,8.0
8026,11.0
8027,12.0
8028,8.0
8029,3.0
8030,3.0
8031,2.0
8032,2.0
8033,2.0
8034,1.0
8035,2.0
8036,3.0
8037,0.0
8038,0.0
8039,3.0
8040,3.0
8041,3.0
8042,3.0
8043,3.0
8044,1.0
8045,2.0
8046,2.0
8047,2.0
8048,3.0
8049,2.0
8050,2.0
8051,3.0
8052,2.0
8053,2.0
8054,2.0
8055,3.0
8056,3.0
8057,3.0
8058,8.0
8059,9.0
8060,9.0
8061,9.0
8062,10.0
8063,12.0
8064,12.0
8065,11.0
8066,5.0
8067,3.0
8068,2.0
8069,3.0
8070,3.0
8071,4.0
8072,3.0
8073,5.0
8074,5.0
8075,4.0
8076,3.0
8077,3.0
8078,4.0
8079,4.0
8080,7.0
8081,7.0
8082,6.0
8083,8.0
8084,9.0
8085,8.0
8086,4.0
8087,5.0
8088,5.0
8089,5.0
8090,5.0
8091,6.0
8092,6.0
8093,7.0
8094,7.0
8095,6.0
8096,4.0
8097,2.0
8098,1.0
8099,3.0
8100,3.0
8101,3.0
8102,3.0
8103,3.0
8104,3.0
8105,4.0
8106,4.0
8107,5.0
8108,5.0
8109,5.0
8110,5.0
8111,4.0
8112,5.0
8113,8.0
8114,8.0
8115,9.0
8116,10.0
8117,10.0
8118,8.0
8119,5.0
8120,3.0
8121,3.0
8122,3.0
8123,3.0
8124,2.0
8125,2.0
8126,2.0
8127,3.0
8128,3.0
8129,3.0
8130,3.0
8131,3.0
8132,0.0
8133,4.0
8134,2.0
8135,1.0
8136,1.0
8137,2.0
8138,3.0
8139,4.0
8140,4.0
8141,5.0
8142,4.0
8143,4.0
8144,3.0
8145,3.0
8146,3.0
8147,1.0
8148,4.0
8149,4.0
8150,10.0
8151,9.0
8152,9.0
8153,9.0
8154,12.0
8155,10.0
8156,7.0
8157,5.0
8158,4.0
8159,2.0
8160,3.0
8161,3.0
8162,3.0
8163,3.0
8164,1.0
8165,5.0
8166,5.0
8167,5.0
8168,5.0
8169,3.0
8170,4.0
8171,4.0
8172,6.0
8173,5.0
8174,8.0
8175,7.0
8176,4.0
8177,4.0
8178,5.0
8179,5.0
8180,4.0
8181,5.0
8182,4.0
8183,5.0
8184,6.0
8185,6.0
8186,4.0
8187,4.0
8188,3.0
8189,0.0
8190,3.0
8191,3.0
8192,3.0
8193,3.0
8194,3.0
8195,4.0
8196,4.0
8197,5.0
8198,5.0
8199,5.0
8200,5.0
8201,5.0
8202,5.0
8203,6.0
8204,7.0
8205,7.0
8206,7.0
8207,7.0
8208,7.0
8209,7.0
8210,6.0
8211,3.0
8212,3.0
8213,3.0
8214,2.0
8215,2.0
8216,3.0
8217,3.0
8218,3.0
8219,3.0
8220,3.0
8221,0.0
8222,0.0
8223,0.0
8224,4.0
8225,2.0
8226,2.0
8227,2.0
8228,3.0
8229,4.0
8230,5.0
8231,8.0
8232,7.0
8233,7.0
8234,6.0
8235,5.0
8236,5.0
8237,2.0
8238,2.0
8239,2.0
8240,4.0
8241,4.0
8242,5.0
8243,7.0
8244,7.0
8245,10.0
8246,6.0
8247,5.0
8248,4.0
8249,4.0
8250,5.0
8251,3.0
8252,3.0
8253,3.0
8254,3.0
8255,3.0
8256,4.0
8257,5.0
8258,5.0
8259,6.0
8260,5.0
8261,3.0
8262,4.0
8263,3.0
8264,7.0
8265,8.0
8266,6.0
8267,4.0
8268,4.0
8269,3.0
8270,4.0
8271,4.0
8272,5.0
8273,5.0
8274,6.0
8275,4.0
8276,3.0
8277,2.0
8278,1.0
8279,3.0
8280,3.0
8281,3.0
8282,3.0
8283,3.0
8284,2.0
8285,2.0
8286,0.0
8287,7.0
8288,5.0
8289,5.0
8290,5.0
8291,5.0
8292,5.0
8293,6.0
8294,5.0
8295,7.0
8296,7.0
8297,7.0
8298,7.0
8299,7.0
8300,7.0
8301,6.0
8302,3.0
8303,3.0
8304,2.0
8305,2.0
8306,2.0
8307,0.0
8308,4.0
8309,3.0
8310,3.0
8311,3.0
8312,4.0
8313,3.0
8314,4.0
8315,4.0
8316,3.0
8317,2.0
8318,3.0
8319,3.0
8320,4.0
8321,7.0
8322,1.0
8323,8.0
8324,8.0
8325,9.0
8326,8.0
8327,5.0
8328,4.0
8329,3.0
8330,3.0
8331,3.0
8332,4.0
8333,4.0
8334,4.0
8335,5.0
8336,4.0
8337,4.0
8338,2.0
8339,2.0
8340,4.0
8341,4.0
8342,3.0
8343,3.0
8344,3.0
8345,2.0
8346,3.0
8347,5.0
8348,5.0
8349,5.0
8350,4.0
8351,7.0
8352,6.0
8353,4.0
8354,5.0
8355,6.0
8356,6.0
8357,4.0
8358,4.0
8359,3.0
8360,3.0
8361,3.0
8362,4.0
8363,1.0
8364,4.0
8365,3.0
8366,3.0
8367,3.0
8368,2.0
8369,1.0
8370,1.0
8371,3.0
8372,1.0
8373,3.0
8374,2.0
8375,3.0
8376,0.0
8377,7.0
8378,7.0
8379,7.0
8380,8.0
8381,6.0
8382,6.0
8383,6.0
8384,7.0
8385,6.0
8386,5.0
8387,7.0
8388,8.0
8389,7.0
8390,5.0
8391,4.0
8392,2.0
8393,4.0
8394,3.0
8395,3.0
8396,2.0
8397,2.0
8398,4.0
8399,4.0
8400,4.0
8401,3.0
8402,4.0
8403,3.0
8404,4.0
8405,4.0
8406,4.0
8407,3.0
8408,3.0
8409,3.0
8410,4.0
8411,6.0
8412,7.0
8413,8.0
8414,9.0
8415,9.0
8416,9.0
8417,8.0
8418,9.0
8419,6.0
8420,5.0
8421,3.0
8422,3.0
8423,3.0
8424,7.0
8425,6.0
8426,7.0
8427,4.0
8428,4.0
8429,4.0
8430,5.0
8431,4.0
8432,4.0
8433,4.0
8434,3.0
8435,2.0
8436,3.0
8437,4.0
8438,4.0
8439,5.0
8440,5.0
8441,4.0
8442,5.0
8443,6.0
8444,6.0
8445,6.0
8446,7.0
8447,5.0
8448,4.0
8449,3.0
8450,3.0
8451,2.0
8452,4.0
8453,4.0
8454,4.0
8455,4.0
8456,2.0
8457,3.0
8458,2.0
8459,3.0
8460,2.0
8461,1.0
8462,1.0
8463,1.0
8464,1.0
8465,3.0
8466,3.0
8467,7.0
8468,7.0
8469,7.0
8470,8.0
8471,8.0
8472,8.0
8473,7.0
8474,7.0
8475,9.0
8476,6.0
8477,6.0
8478,7.0
8479,7.0
8480,5.0
8481,4.0
8482,6.0
8483,6.0
8484,2.0
8485,2.0
8486,3.0
8487,3.0
8488,3.0
8489,4.0
8490,4.0
8491,4.0
8492,3.0
8493,4.0
8494,5.0
8495,4.0
8496,4.0
8497,4.0
8498,3.0
8499,3.0
8500,4.0
8501,4.0
8502,6.0
8503,7.0
8504,8.0
8505,9.0
8506,10.0
8507,10.0
8508,10.0
8509,9.0
8510,7.0
8511,5.0
8512,5.0
8513,6.0
8514,6.0
8515,5.0
8516,6.0
8517,5.0
8518,7.0
8519,4.0
8520,5.0
8521,4.0
8522,4.0
8523,5.0
8524,1.0
8525,5.0
8526,6.0
8527,5.0
8528,5.0
8529,4.0
8530,5.0
8531,5.0
8532,5.0
8533,5.0
8534,4.0
8535,4.0
8536,6.0
8537,8.0
8538,8.0
8539,6.0
8540,4.0
8541,3.0
8542,4.0
8543,1.0
8544,4.0
8545,4.0
8546,4.0
8547,2.0
8548,3.0
8549,3.0
8550,0.0
8551,0.0
8552,2.0
8553,2.0
8554,1.0
8555,1.0
8556,3.0
8557,4.0
8558,5.0
8559,7.0
8560,8.0
8561,8.0
8562,8.0
8563,9.0
8564,7.0
8565,7.0
8566,8.0
8567,6.0
8568,7.0
8569,7.0
8570,8.0
8571,7.0
8572,6.0
8573,5.0
8574,4.0
8575,2.0
8576,2.0
8577,2.0
8578,4.0
8579,4.0
8580,6.0
8581,5.0
8582,5.0
8583,4.0
8584,5.0
8585,5.0
8586,5.0
8587,3.0
8588,3.0
8589,2.0
8590,3.0
8591,4.0
8592,7.0
8593,7.0
8594,8.0
8595,8.0
8596,8.0
8597,9.0
8598,9.0
8599,11.0
8600,9.0
8601,7.0
8602,4.0
8603,7.0
8604,8.0
8605,6.0
8606,5.0
8607,5.0
8608,5.0
8609,5.0
8610,8.0
8611,4.0
8612,4.0
8613,4.0
8614,6.0
8615,5.0
8616,6.0
8617,6.0
8618,5.0
8619,6.0
8620,9.0
8621,9.0
8622,8.0
8623,9.0
8624,8.0
8625,5.0
8626,6.0
8627,7.0
8628,7.0
8629,7.0
8630,5.0
8631,4.0
8632,5.0
8633,4.0
8634,5.0
8635,1.0
8636,5.0
8637,4.0
8638,5.0
8639,3.0
8640,0.0
8641,0.0
8642,0.0
8643,2.0
8644,2.0
8645,1.0
8646,1.0
8647,4.0
8648,5.0
8649,5.0
8650,7.0
8651,8.0
8652,8.0
8653,8.0
8654,9.0
8655,7.0
8656,9.0
8657,9.0
8658,7.0
8659,6.0
8660,6.0
8661,7.0
8662,7.0
8663,5.0
8664,3.0
8665,4.0
8666,2.0
8667,2.0
8668,3.0
8669,4.0
8670,5.0
8671,4.0
8672,5.0
8673,4.0
8674,4.0
8675,5.0
8676,6.0
8677,4.0
8678,4.0
8679,2.0
8680,2.0
8681,2.0
8682,4.0
8683,7.0
8684,9.0
8685,8.0
8686,8.0
8687,8.0
8688,9.0
8689,10.0
8690,10.0
8691,10.0
8692,8.0
8693,6.0
8694,8.0
8695,8.0
8696,7.0
8697,5.0
8698,5.0
8699,5.0
8700,5.0
8701,5.0
8702,4.0
8703,4.0
8704,5.0
8705,3.0
8706,6.0
8707,6.0
8708,8.0
8709,9.0
8710,13.0
8711,17.0
8712,25.0
8713,21.0
8714,18.0
8715,14.0
8716,14.0
8717,8.0
8718,7.0
8719,7.0
8720,7.0
8721,5.0
8722,5.0
8723,4.0
8724,5.0
8725,5.0
8726,5.0
8727,2.0
8728,4.0
8729,5.0
8730,0.0
8731,0.0
8732,0.0
8733,3.0
8734,2.0
8735,2.0
8736,1.0
8737,2.0
8738,5.0
8739,5.0
8740,5.0
8741,6.0
8742,8.0
8743,8.0
8744,8.0
8745,9.0
8746,10.0
8747,10.0
8748,7.0
8749,7.0
8750,6.0
8751,7.0
8752,7.0
8753,7.0
8754,4.0
8755,3.0
8756,3.0
8757,2.0
8758,3.0
8759,3.0
8760,5.0
8761,4.0
8762,4.0
8763,4.0
8764,4.0
8765,4.0
8766,4.0
8767,0.0
8768,4.0
8769,3.0
8770,3.0
8771,2.0
8772,2.0
8773,4.0
8774,5.0
8775,9.0
8776,11.0
8777,8.0
8778,8.0
8779,9.0
8780,9.0
8781,9.0
8782,8.0
8783,6.0
8784,7.0
8785,9.0
8786,8.0
8787,8.0
8788,6.0
8789,5.0
8790,4.0
8791,4.0
8792,5.0
8793,3.0
8794,4.0
8795,3.0
8796,4.0
8797,5.0
8798,7.0
8799,13.0
8800,26.0
8801,49.0
8802,66.0
8803,64.0
8804,54.0
8805,47.0
8806,23.0
8807,17.0
8808,15.0
8809,7.0
8810,7.0
8811,7.0
8812,6.0
8813,4.0
8814,5.0
8815,5.0
8816,5.0
8817,4.0
8818,4.0
8819,2.0
8820,2.0
8821,2.0
8822,5.0
8823,7.0
8824,5.0
8825,2.0
8826,4.0
8827,2.0
8828,3.0
8829,5.0
8830,5.0
8831,5.0
8832,8.0
8833,6.0
8834,8.0
8835,8.0
8836,11.0
8837,8.0
8838,7.0
8839,8.0
8840,7.0
8841,8.0
8842,8.0
8843,8.0
8844,7.0
8845,6.0
8846,3.0
8847,1.0
8848,3.0
8849,3.0
8850,5.0
8851,4.0
8852,4.0
8853,4.0
8854,4.0
8855,3.0
8856,4.0
8857,3.0
8858,4.0
8859,4.0
8860,4.0
8861,4.0
8862,4.0
8863,4.0
8864,4.0
8865,4.0
8866,8.0
8867,11.0
8868,10.0
8869,8.0
8870,9.0
8871,9.0
8872,8.0
8873,7.0
8874,5.0
8875,7.0
8876,9.0
8877,8.0
8878,7.0
8879,6.0
8880,5.0
8881,4.0
8882,4.0
8883,6.0
8884,4.0
8885,3.0
8886,5.0
8887,7.0
8888,6.0
8889,16.0
8890,23.0
8891,57.0
8892,55.0
8893,57.0
8894,86.0
8895,80.0
8896,67.0
8897,50.0
8898,24.0
8899,18.0
8900,9.0
8901,7.0
8902,7.0
8903,7.0
8904,5.0
8905,3.0
8906,4.0
8907,4.0
8908,4.0
8909,4.0
8910,3.0
8911,0.0
8912,5.0
8913,6.0
8914,6.0
8915,5.0
8916,4.0
8917,4.0
8918,3.0
8919,3.0
8920,5.0
8921,6.0
8922,8.0
8923,9.0
8924,8.0
8925,5.0
8926,7.0
8927,7.0
8928,6.0
8929,8.0
8930,10.0
8931,8.0
8932,7.0
8933,6.0
8934,9.0
8935,8.0
8936,5.0
8937,3.0
8938,2.0
8939,2.0
8940,4.0
8941,5.0
8942,5.0
8943,5.0
8944,6.0
8945,6.0
8946,3.0
8947,3.0
8948,4.0
8949,2.0
8950,5.0
8951,4.0
8952,4.0
8953,5.0
8954,5.0
8955,4.0
8956,3.0
8957,6.0
8958,9.0
8959,8.0
8960,9.0
8961,7.0
8962,8.0
8963,7.0
8964,5.0
8965,4.0
8966,4.0
8967,8.0
8968,8.0
8969,7.0
8970,7.0
8971,5.0
8972,5.0
8973,5.0
8974,6.0
8975,4.0
8976,4.0
8977,7.0
8978,7.0
8979,10.0
8980,20.0
8981,36.0
8982,80.0
8983,62.0
8984,94.0
8985,94.0
8986,90.0
8987,82.0
8988,67.0
8989,43.0
8990,19.0
8991,14.0
8992,7.0
8993,7.0
8994,7.0
8995,6.0
8996,5.0
8997,3.0
8998,3.0
8999,4.0
9000,4.0
9001,4.0
9002,4.0
9003,6.0
9004,6.0
9005,5.0
9006,5.0
9007,5.0
9008,3.0
9009,4.0
9010,6.0
9011,11.0
9012,12.0
9013,12.0
9014,12.0
9015,9.0
9016,8.0
9017,7.0
9018,6.0
9019,7.0
9020,9.0
9021,10.0
9022,9.0
9023,8.0
9024,8.0
9025,8.0
9026,5.0
9027,5.0
9028,4.0
9029,4.0
9030,4.0
9031,4.0
9032,5.0
9033,7.0
9034,8.0
9035,9.0
9036,9.0
9037,8.0
9038,6.0
9039,4.0
9040,5.0
9041,3.0
9042,3.0
9043,3.0
9044,4.0
9045,4.0
9046,4.0
9047,4.0
9048,5.0
9049,6.0
9050,7.0
9051,7.0
9052,6.0
9053,6.0
9054,5.0
9055,5.0
9056,4.0
9057,4.0
9058,8.0
9059,8.0
9060,8.0
9061,8.0
9062,6.0
9063,5.0
9064,5.0
9065,6.0
9066,4.0
9067,6.0
9068,7.0
9069,7.0
9070,16.0
9071,23.0
9072,68.0
9073,85.0
9074,96.0
9075,66.0
9076,96.0
9077,95.0
9078,91.0
9079,76.0
9080,56.0
9081,20.0
9082,14.0
9083,7.0
9084,7.0
9085,6.0
9086,6.0
9087,5.0
9088,3.0
9089,2.0
9090,3.0
9091,3.0
9092,4.0
9093,5.0
9094,6.0
9095,5.0
9096,6.0
9097,6.0
9098,5.0
9099,5.0
9100,7.0
9101,12.0
9102,13.0
9103,14.0
9104,14.0
9105,12.0
9106,14.0
9107,10.0
9108,8.0
9109,6.0
9110,7.0
9111,11.0
9112,11.0
9113,9.0
9114,10.0
9115,10.0
9116,9.0
9117,8.0
9118,6.0
9119,4.0
9120,4.0
9121,4.0
9122,5.0
9123,7.0
9124,8.0
9125,9.0
9126,9.0
9127,3.0
9128,9.0
9129,8.0
9130,7.0
9131,5.0
9132,5.0
9133,3.0
9134,3.0
9135,4.0
9136,4.0
9137,3.0
9138,4.0
9139,5.0
9140,5.0
9141,4.0
9142,5.0
9143,3.0
9144,4.0
9145,3.0
9146,3.0
9147,4.0
9148,4.0
9149,6.0
9150,8.0
9151,8.0
9152,8.0
9153,6.0
9154,6.0
9155,6.0
9156,5.0
9157,6.0
9158,5.0
9159,6.0
9160,7.0
9161,17.0
9162,26.0
9163,82.0
9164,89.0
9165,99.0
9166,99.0
9167,65.0
9168,96.0
9169,93.0
9170,79.0
9171,66.0
9172,21.0
9173,14.0
9174,7.0
9175,6.0
9176,6.0
9177,6.0
9178,4.0
9179,3.0
9180,2.0
9181,2.0
9182,3.0
9183,3.0
9184,3.0
9185,4.0
9186,6.0
9187,7.0
9188,6.0
9189,5.0
9190,5.0
9191,9.0
9192,10.0
9193,14.0
9194,13.0
9195,15.0
9196,13.0
9197,16.0
9198,12.0
9199,9.0
9200,8.0
9201,8.0
9202,10.0
9203,8.0
9204,9.0
9205,9.0
9206,9.0
9207,9.0
9208,9.0
9209,7.0
9210,5.0
9211,3.0
9212,4.0
9213,6.0
9214,8.0
9215,9.0
9216,6.0
9217,6.0
9218,9.0
9219,9.0
9220,9.0
9221,8.0
9222,7.0
9223,5.0
9224,5.0
9225,3.0
9226,4.0
9227,3.0
9228,3.0
9229,4.0
9230,4.0
9231,5.0
9232,6.0
9233,4.0
9234,3.0
9235,4.0
9236,3.0
9237,4.0
9238,5.0
9239,4.0
9240,5.0
9241,7.0
9242,8.0
9243,7.0
9244,6.0
9245,6.0
9246,6.0
9247,4.0
9248,4.0
9249,5.0
9250,5.0
9251,7.0
9252,16.0
9253,34.0
9254,78.0
9255,88.0
9256,98.0
9257,98.0
9258,98.0
9259,98.0
9260,94.0
9261,84.0
9262,68.0
9263,19.0
9264,12.0
9265,6.0
9266,6.0
9267,6.0
9268,6.0
9269,3.0
9270,2.0
9271,2.0
9272,2.0
9273,3.0
9274,3.0
9275,4.0
9276,8.0
9277,11.0
9278,5.0
9279,5.0
9280,3.0
9281,8.0
9282,10.0
9283,11.0
9284,11.0
9285,16.0
9286,16.0
9287,16.0
9288,15.0
9289,12.0
9290,8.0
9291,7.0
9292,9.0
9293,8.0
9294,10.0
9295,10.0
9296,6.0
9297,9.0
9298,9.0
9299,9.0
9300,6.0
9301,6.0
9302,3.0
9303,3.0
9304,8.0
9305,10.0
9306,6.0
9307,6.0
9308,6.0
9309,6.0
9310,9.0
9311,9.0
9312,8.0
9313,7.0
9314,5.0
9315,5.0
9316,5.0
9317,3.0
9318,3.0
9319,4.0
9320,5.0
9321,5.0
9322,7.0
9323,6.0
9324,5.0
9325,3.0
9326,3.0
9327,4.0
9328,6.0
9329,5.0
9330,4.0
9331,5.0
9332,4.0
9333,3.0
9334,3.0
9335,3.0
9336,4.0
9337,3.0
9338,4.0
9339,4.0
9340,4.0
9341,4.0
9342,5.0
9343,18.0
9344,39.0
9345,75.0
9346,96.0
9347,99.0
9348,100.0
9349,98.0
9350,98.0
9351,94.0
9352,82.0
9353,59.0
9354,15.0
9355,8.0
9356,7.0
9357,6.0
9358,6.0
9359,4.0
9360,2.0
9361,2.0
9362,2.0
9363,3.0
9364,3.0
9365,4.0
9366,6.0
9367,12.0
9368,13.0
9369,13.0
9370,13.0
9371,8.0
9372,8.0
9373,0.0
9374,12.0
9375,13.0
9376,13.0
9377,16.0
9378,17.0
9379,15.0
9380,12.0
9381,6.0
9382,6.0
9383,9.0
9384,11.0
9385,10.0
9386,6.0
9387,10.0
9388,10.0
9389,3.0
9390,9.0
9391,8.0
9392,8.0
9393,7.0
9394,5.0
9395,9.0
9396,11.0
9397,11.0
9398,6.0
9399,6.0
9400,6.0
9401,6.0
9402,9.0
9403,8.0
9404,6.0
9405,5.0
9406,5.0
9407,4.0
9408,5.0
9409,4.0
9410,5.0
9411,7.0
9412,8.0
9413,7.0
9414,9.0
9415,9.0
9416,4.0
9417,3.0
9418,5.0
9419,6.0
9420,5.0
9421,4.0
9422,4.0
9423,3.0
9424,5.0
9425,2.0
9426,2.0
9427,4.0
9428,3.0
9429,3.0
9430,4.0
9431,4.0
9432,4.0
9433,9.0
9434,21.0
9435,43.0
9436,68.0
9437,99.0
9438,103.0
9439,104.0
9440,100.0
9441,98.0
9442,91.0
9443,77.0
9444,43.0
9445,8.0
9446,4.0
9447,4.0
9448,4.0
9449,3.0
9450,2.0
9451,2.0
9452,2.0
9453,3.0
9454,3.0
9455,3.0
9456,4.0
9457,9.0
9458,13.0
9459,13.0
9460,13.0
9461,8.0
9462,8.0
9463,8.0
9464,12.0
9465,14.0
9466,14.0
9467,14.0
9468,14.0
9469,17.0
9470,15.0
9471,14.0
9472,6.0
9473,6.0
9474,9.0
9475,11.0
9476,12.0
9477,9.0
9478,9.0
9479,9.0
9480,10.0
9481,10.0
9482,9.0
9483,9.0
9484,8.0
9485,6.0
9486,9.0
9487,10.0
9488,11.0
9489,11.0
9490,7.0
9491,5.0
9492,5.0
9493,5.0
9494,8.0
9495,6.0
9496,4.0
9497,3.0
9498,3.0
9499,4.0
9500,5.0
9501,7.0
9502,8.0
9503,7.0
9504,7.0
9505,8.0
9506,9.0
9507,9.0
9508,7.0
9509,5.0
9510,5.0
9511,5.0
9512,4.0
9513,3.0
9514,4.0
9515,4.0
9516,4.0
9517,2.0
9518,2.0
9519,3.0
9520,4.0
9521,4.0
9522,4.0
9523,9.0
9524,12.0
9525,23.0
9526,35.0
9527,58.0
9528,80.0
9529,101.0
9530,104.0
9531,98.0
9532,90.0
9533,81.0
9534,60.0
9535,10.0
9536,7.0
9537,5.0
9538,5.0
9539,4.0
9540,3.0
9541,3.0
9542,2.0
9543,3.0
9544,3.0
9545,3.0
9546,3.0
9547,6.0
9548,7.0
9549,0.0
9550,13.0
9551,8.0
9552,8.0
9553,8.0
9554,8.0
9555,14.0
9556,14.0
9557,14.0
9558,14.0
9559,16.0
9560,17.0
9561,16.0
9562,11.0
9563,6.0
9564,7.0
9565,9.0
9566,10.0
9567,10.0
9568,9.0
9569,9.0
9570,9.0
9571,5.0
9572,9.0
9573,10.0
9574,9.0
9575,8.0
9576,7.0
9577,9.0
9578,11.0
9579,3.0
9580,11.0
9581,11.0
9582,6.0
9583,6.0
9584,9.0
9585,7.0
9586,5.0
9587,3.0
9588,3.0
9589,3.0
9590,4.0
9591,6.0
9592,8.0
9593,6.0
9594,7.0
9595,8.0
9596,7.0
9597,7.0
9598,9.0
9599,6.0
9600,5.0
9601,5.0
9602,4.0
9603,4.0
9604,5.0
9605,4.0
9606,5.0
9607,5.0
9608,5.0
9609,3.0
9610,4.0
9611,4.0
9612,4.0
9613,4.0
9614,11.0
9615,20.0
9616,23.0
9617,29.0
9618,40.0
9619,62.0
9620,73.0
9621,91.0
9622,87.0
9623,70.0
9624,50.0
9625,19.0
9626,9.0
9627,5.0
9628,5.0
9629,5.0
9630,5.0
9631,5.0
9632,2.0
9633,3.0
9634,3.0
9635,3.0
9636,3.0
9637,5.0
9638,8.0
9639,8.0
9640,9.0
9641,9.0
9642,8.0
9643,8.0
9644,8.0
9645,0.0
9646,12.0
9647,14.0
9648,13.0
9649,16.0
9650,20.0
9651,19.0
9652,17.0
9653,10.0
9654,6.0
9655,7.0
9656,8.0
9657,7.0
9658,9.0
9659,9.0
9660,9.0
9661,10.0
9662,10.0
9663,9.0
9664,8.0
9665,9.0
9666,7.0
9667,7.0
9668,8.0
9669,10.0
9670,3.0
9671,3.0
9672,11.0
9673,10.0
9674,9.0
9675,8.0
9676,6.0
9677,3.0
9678,2.0
9679,3.0
9680,3.0
9681,4.0
9682,6.0
9683,5.0
9684,5.0
9685,7.0
9686,7.0
9687,7.0
9688,8.0
9689,8.0
9690,6.0
9691,6.0
9692,5.0
9693,5.0
9694,5.0
9695,6.0
9696,6.0
9697,5.0
9698,5.0
9699,5.0
9700,5.0
9701,4.0
9702,3.0
9703,4.0
9704,4.0
9705,12.0
9706,20.0
9707,25.0
9708,26.0
9709,29.0
9710,36.0
9711,45.0
9712,49.0
9713,51.0
9714,35.0
9715,18.0
9716,9.0
9717,7.0
9718,5.0
9719,3.0
9720,5.0
9721,5.0
9722,4.0
9723,2.0
9724,3.0
9725,3.0
9726,3.0
9727,4.0
9728,4.0
9729,8.0
9730,8.0
9731,8.0
9732,9.0
9733,9.0
9734,8.0
9735,8.0
9736,8.0
9737,9.0
9738,12.0
9739,13.0
9740,13.0
9741,16.0
9742,18.0
9743,17.0
9744,7.0
9745,5.0
9746,7.0
9747,7.0
9748,6.0
9749,7.0
9750,7.0
9751,7.0
9752,8.0
9753,9.0
9754,8.0
9755,8.0
9756,9.0
9757,7.0
9758,7.0
9759,6.0
9760,7.0
9761,8.0
9762,10.0
9763,10.0
9764,10.0
9765,9.0
9766,7.0
9767,4.0
9768,2.0
9769,2.0
9770,2.0
9771,2.0
9772,3.0
9773,4.0
9774,5.0
9775,5.0
9776,7.0
9777,7.0
9778,8.0
9779,8.0
9780,8.0
9781,7.0
9782,6.0
9783,5.0
9784,7.0
9785,5.0
9786,6.0
9787,7.0
9788,7.0
9789,3.0
9790,5.0
9791,5.0
9792,4.0
9793,3.0
9794,3.0
9795,3.0
9796,7.0
9797,14.0
9798,24.0
9799,25.0
9800,26.0
9801,28.0
9802,31.0
9803,34.0
9804,32.0
9805,21.0
9806,8.0
9807,7.0
9808,6.0
9809,5.0
9810,3.0
9811,3.0
9812,4.0
9813,1.0
9814,3.0
9815,2.0
9816,3.0
9817,4.0
9818,4.0
9819,4.0
9820,7.0
9821,8.0
9822,8.0
9823,9.0
9824,9.0
9825,9.0
9826,8.0
9827,8.0
9828,10.0
9829,8.0
9830,12.0
9831,12.0
9832,10.0
9833,13.0
9834,7.0
9835,6.0
9836,6.0
9837,5.0
9838,7.0
9839,7.0
9840,5.0
9841,6.0
9842,7.0
9843,9.0
9844,9.0
9845,6.0
9846,9.0
9847,8.0
9848,8.0
9849,4.0
9850,7.0
9851,6.0
9852,5.0
9853,5.0
9854,7.0
9855,7.0
9856,5.0
9857,5.0
9858,4.0
9859,3.0
9860,2.0
9861,2.0
9862,2.0
9863,2.0
9864,4.0
9865,5.0
9866,5.0
9867,7.0
9868,7.0
9869,0.0
9870,1.0
9871,8.0
9872,6.0
9873,5.0
9874,5.0
9875,5.0
9876,6.0
9877,7.0
9878,7.0
9879,7.0
9880,6.0
9881,3.0
9882,4.0
9883,5.0
9884,5.0
9885,4.0
9886,3.0
9887,8.0
9888,14.0
9889,16.0
9890,25.0
9891,25.0
9892,26.0
9893,26.0
9894,27.0
9895,25.0
9896,16.0
9897,10.0
9898,8.0
9899,7.0
9900,7.0
9901,3.0
9902,2.0
9903,2.0
9904,3.0
9905,3.0
9906,2.0
9907,1.0
9908,3.0
9909,4.0
9910,4.0
9911,5.0
9912,11.0
9913,9.0
9914,9.0
9915,9.0
9916,9.0
9917,8.0
9918,8.0
9919,7.0
9920,8.0
9921,8.0
9922,8.0
9923,8.0
9924,6.0
9925,6.0
9926,6.0
9927,6.0
9928,4.0
9929,5.0
9930,6.0
9931,6.0
9932,4.0
9933,5.0
9934,5.0
9935,9.0
9936,7.0
9937,7.0
9938,8.0
9939,7.0
9940,0.0
9941,0.0
9942,7.0
9943,4.0
9944,4.0
9945,5.0
9946,4.0
9947,4.0
9948,4.0
9949,2.0
9950,2.0
9951,0.0
9952,2.0
9953,2.0
9954,2.0
9955,4.0
9956,6.0
9957,5.0
9958,6.0
9959,7.0
9960,7.0
9961,0.0
9962,7.0
9963,5.0
9964,6.0
9965,5.0
9966,5.0
9967,6.0
9968,6.0
9969,6.0
9970,6.0
9971,7.0
9972,7.0
9973,1.0
9974,6.0
9975,5.0
9976,4.0
9977,4.0
9978,10.0
9979,12.0
9980,16.0
9981,16.0
9982,25.0
9983,25.0
9984,25.0
9985,25.0
9986,21.0
9987,10.0
9988,8.0
9989,7.0
9990,7.0
9991,7.0
9992,4.0
9993,2.0
9994,3.0
9995,3.0
9996,3.0
9997,1.0
9998,1.0
9999,2.0
10000,3.0
10001,4.0
10002,5.0
10003,8.0
10004,0.0
10005,9.0
10006,9.0
10007,9.0
10008,7.0
10009,6.0
10010,7.0
10011,7.0
10012,7.0
10013,7.0
10014,7.0
10015,5.0
10016,5.0
10017,3.0
10018,6.0
10019,3.0
10020,4.0
10021,4.0
10022,6.0
10023,6.0
10024,5.0
10025,5.0
10026,5.0
10027,7.0
10028,7.0
10029,7.0
10030,3.0
10031,3.0
10032,3.0
10033,6.0
10034,5.0
10035,5.0
10036,4.0
10037,4.0
10038,4.0
10039,2.0
10040,2.0
10041,0.0
10042,2.0
10043,2.0
10044,2.0
10045,3.0
10046,5.0
10047,6.0
10048,6.0
10049,7.0
10050,6.0
10051,7.0
10052,6.0
10053,7.0
10054,6.0
10055,4.0
10056,5.0
10057,6.0
10058,2.0
10059,2.0
10060,2.0
10061,7.0
10062,7.0
10063,4.0
10064,6.0
10065,6.0
10066,5.0
10067,4.0
10068,4.0
10069,6.0
10070,10.0
10071,15.0
10072,16.0
10073,16.0
10074,23.0
10075,23.0
10076,18.0
10077,18.0
10078,7.0
10079,6.0
10080,7.0
10081,7.0
10082,4.0
10083,0.0
10084,1.0
10085,3.0
10086,3.0
10087,2.0
10088,1.0
10089,1.0
10090,2.0
10091,2.0
10092,3.0
10093,5.0
10094,5.0
10095,7.0
10096,7.0
10097,9.0
10098,8.0
10099,6.0
10100,8.0
10101,3.0
10102,6.0
10103,7.0
10104,6.0
10105,5.0
10106,5.0
10107,2.0
10108,2.0
10109,3.0
10110,3.0
10111,3.0
10112,2.0
10113,6.0
10114,5.0
10115,4.0
10116,4.0
10117,6.0
10118,7.0
10119,6.0
10120,2.0
10121,2.0
10122,3.0
10123,3.0
10124,6.0
10125,5.0
10126,4.0
10127,4.0
10128,4.0
10129,4.0
10130,2.0
10131,0.0
10132,2.0
10133,2.0
10134,2.0
10135,3.0
10136,3.0
10137,3.0
10138,5.0
10139,6.0
10140,0.0
10141,7.0
10142,5.0
10143,6.0
10144,5.0
10145,4.0
10146,5.0
10147,5.0
10148,5.0
10149,2.0
10150,2.0
10151,2.0
10152,3.0
10153,4.0
10154,4.0
10155,3.0
10156,6.0
10157,5.0
10158,4.0
10159,4.0
10160,6.0
10161,8.0
10162,15.0
10163,15.0
10164,16.0
10165,16.0
10166,18.0
10167,19.0
10168,9.0
10169,6.0
10170,5.0
10171,6.0
10172,5.0
10173,1.0
10174,1.0
10175,1.0
10176,3.0
10177,2.0
10178,2.0
10179,1.0
10180,1.0
10181,2.0
10182,2.0
10183,0.0
10184,4.0
10185,5.0
10186,5.0
10187,5.0
10188,5.0
10189,5.0
10190,4.0
10191,4.0
10192,3.0
10193,3.0
10194,6.0
10195,5.0
10196,5.0
10197,2.0
10198,2.0
10199,2.0
10200,2.0
10201,3.0
10202,3.0
10203,3.0
10204,3.0
10205,4.0
10206,4.0
10207,4.0
10208,5.0
10209,3.0
10210,5.0
10211,5.0
10212,5.0
10213,4.0
10214,4.0
10215,3.0
10216,3.0
10217,3.0
10218,4.0
10219,4.0
10220,4.0
10221,2.0
10222,2.0
10223,2.0
10224,2.0
10225,0.0
10226,2.0
10227,3.0
10228,3.0
10229,3.0
10230,3.0
10231,5.0
10232,6.0
10233,6.0
10234,5.0
10235,4.0
10236,4.0
10237,4.0
10238,4.0
10239,5.0
10240,5.0
10241,6.0
10242,6.0
10243,4.0
10244,4.0
10245,2.0
10246,3.0
10247,3.0
10248,4.0
10249,4.0
10250,4.0
10251,5.0
10252,5.0
10253,8.0
10254,11.0
10255,14.0
10256,14.0
10257,12.0
10258,9.0
10259,6.0
10260,5.0
10261,5.0
10262,5.0
10263,1.0
10264,1.0
10265,1.0
10266,1.0
10267,2.0
10268,2.0
10269,1.0
10270,1.0
10271,1.0
10272,1.0
10273,2.0
10274,0.0
10275,0.0
10276,4.0
10277,5.0
10278,5.0
10279,5.0
10280,4.0
10281,4.0
10282,3.0
10283,2.0
10284,2.0
10285,2.0
10286,5.0
10287,2.0
10288,0.0
10289,0.0
10290,2.0
10291,2.0
10292,2.0
10293,3.0
10294,3.0
10295,4.0
10296,4.0
10297,4.0
10298,4.0
10299,2.0
10300,2.0
10301,2.0
10302,4.0
10303,4.0
10304,3.0
10305,3.0
10306,3.0
10307,3.0
10308,3.0
10309,4.0
10310,4.0
10311,2.0
10312,2.0
10313,2.0
10314,2.0
10315,2.0
10316,0.0
10317,2.0
10318,3.0
10319,3.0
10320,3.0
10321,3.0
10322,3.0
10323,3.0
10324,5.0
10325,4.0
10326,4.0
10327,5.0
10328,4.0
10329,4.0
10330,5.0
10331,5.0
10332,6.0
10333,6.0
10334,4.0
10335,4.0
10336,3.0
10337,3.0
10338,3.0
10339,4.0
10340,4.0
10341,4.0
10342,5.0
10343,3.0
10344,5.0
10345,6.0
10346,6.0
10347,7.0
10348,6.0
10349,7.0
10350,5.0
10351,5.0
10352,3.0
10353,3.0
10354,1.0
10355,1.0
10356,1.0
10357,0.0
10358,2.0
10359,1.0
10360,1.0
10361,1.0
10362,1.0
10363,1.0
10364,1.0
10365,0.0
10366,0.0
10367,0.0
10368,4.0
10369,5.0
10370,4.0
10371,4.0
10372,3.0
10373,2.0
10374,2.0
10375,2.0
10376,2.0
10377,2.0
10378,0.0
10379,0.0
10380,0.0
10381,2.0
10382,2.0
10383,2.0
10384,1.0
10385,2.0
10386,4.0
10387,4.0
10388,4.0
10389,1.0
10390,1.0
10391,2.0
10392,2.0
10393,2.0
10394,4.0
10395,3.0
10396,3.0
10397,3.0
10398,3.0
10399,3.0
10400,2.0
10401,2.0
10402,2.0
10403,2.0
10404,2.0
10405,2.0
10406,2.0
10407,0.0
10408,2.0
10409,3.0
10410,3.0
10411,1.0
10412,3.0
10413,3.0
10414,4.0
10415,4.0
10416,3.0
10417,3.0
10418,4.0
10419,4.0
10420,4.0
10421,4.0
10422,5.0
10423,5.0
10424,6.0
10425,4.0
10426,4.0
10427,3.0
10428,3.0
10429,5.0
10430,4.0
10431,4.0
10432,4.0
10433,2.0
10434,3.0
10435,3.0
10436,4.0
10437,5.0
10438,4.0
10439,4.0
10440,5.0
10441,5.0
10442,3.0
10443,3.0
10444,3.0
10445,3.0
10446,4.0
10447,3.0
10448,3.0
10449,1.0
10450,1.0
10451,1.0
10452,1.0
10453,1.0
10454,1.0
10455,1.0
10456,2.0
10457,2.0
10458,2.0
10459,2.0
10460,3.0
10461,4.0
10462,3.0
10463,2.0
10464,0.0
